sampleID,sampleshortID,mouse_number,mouse_birthdate,sex,exposure_type,timepoint,FullCategory,sort_plate,sort_date,rt_date,library_date
230126_001,1,1d_4,4/26/2022,M,reexposed,1d,GFPNegFOSNeg,36,7/22/2022,10/7/2022,1/12/2023
230126_002,2,1d_4,4/26/2022,M,reexposed,1d,GFPNegFOSNeg,36,7/22/2022,10/7/2022,1/12/2023
230126_003,3,1d_4,4/26/2022,M,reexposed,1d,GFPNegFOSNeg,36,7/22/2022,10/7/2022,1/12/2023
230126_004,4,1d_4,4/26/2022,M,reexposed,1d,GFPNegFOSNeg,36,7/22/2022,10/7/2022,1/12/2023
230126_005,5,1d_4,4/26/2022,M,reexposed,1d,GFPNegFOSNeg,36,7/22/2022,10/7/2022,1/12/2023
230126_006,6,1d_4,4/26/2022,M,reexposed,1d,GFPNegFOSNeg,36,7/22/2022,10/7/2022,1/12/2023
230126_007,7,1d_4,4/26/2022,M,reexposed,1d,GFPNegFOSNeg,36,7/22/2022,10/7/2022,1/12/2023
230126_008,8,1d_4,4/26/2022,M,reexposed,1d,GFPNegFOSNeg,36,7/22/2022,10/7/2022,1/12/2023
230126_009,9,1d_4,4/26/2022,M,reexposed,1d,GFPNegFOSNeg,36,7/22/2022,10/7/2022,1/12/2023
230126_010,10,1d_4,4/26/2022,M,reexposed,1d,GFPNegFOSNeg,36,7/22/2022,10/7/2022,1/12/2023
230126_011,11,1d_4,4/26/2022,M,reexposed,1d,GFPNegFOSNeg,36,7/22/2022,10/7/2022,1/12/2023
230126_012,12,1d_4,4/26/2022,M,reexposed,1d,GFPNegFOSNeg,36,7/22/2022,10/7/2022,1/12/2023
230126_013,13,1d_4,4/26/2022,M,reexposed,1d,GFPNegFOSNeg,36,7/22/2022,10/7/2022,1/12/2023
230126_014,14,1d_4,4/26/2022,M,reexposed,1d,GFPNegFOSNeg,36,7/22/2022,10/7/2022,1/12/2023
230126_015,15,1d_4,4/26/2022,M,reexposed,1d,GFPNegFOSNeg,36,7/22/2022,10/7/2022,1/12/2023
230126_016,16,1d_5,4/26/2022,M,reexposed,1d,GFPNegFOSNeg,35,7/22/2022,11/21/2022,1/12/2023
230126_017,17,1d_5,4/26/2022,M,reexposed,1d,GFPNegFOSNeg,35,7/22/2022,11/21/2022,1/12/2023
230126_018,18,1d_5,4/26/2022,M,reexposed,1d,GFPNegFOSNeg,35,7/22/2022,11/21/2022,1/12/2023
230126_019,19,1d_5,4/26/2022,M,reexposed,1d,GFPNegFOSNeg,35,7/22/2022,11/21/2022,1/12/2023
230126_020,20,1d_5,4/26/2022,M,reexposed,1d,GFPNegFOSNeg,35,7/22/2022,11/21/2022,1/12/2023
230126_021,21,1d_5,4/26/2022,M,reexposed,1d,GFPNegFOSNeg,35,7/22/2022,11/21/2022,1/12/2023
230126_022,22,1d_5,4/26/2022,M,reexposed,1d,GFPNegFOSNeg,35,7/22/2022,11/21/2022,1/12/2023
230126_023,23,1d_5,4/26/2022,M,reexposed,1d,GFPNegFOSNeg,35,7/22/2022,11/21/2022,1/12/2023
230126_024,24,1d_5,4/26/2022,M,reexposed,1d,GFPNegFOSNeg,35,7/22/2022,11/21/2022,1/12/2023
230126_025,25,1d_5,4/26/2022,M,reexposed,1d,GFPNegFOSNeg,35,7/22/2022,11/21/2022,1/12/2023
230126_026,26,1d_5,4/26/2022,M,reexposed,1d,GFPNegFOSNeg,35,7/22/2022,11/21/2022,1/12/2023
230126_027,27,1d_5,4/26/2022,M,reexposed,1d,GFPNegFOSNeg,35,7/22/2022,11/21/2022,1/12/2023
230126_028,28,1d_5,4/26/2022,M,reexposed,1d,GFPNegFOSNeg,35,7/22/2022,11/21/2022,1/12/2023
230126_029,29,1d_5,4/26/2022,M,reexposed,1d,GFPNegFOSNeg,35,7/22/2022,11/21/2022,1/12/2023
230126_030,30,1d_5,4/26/2022,M,reexposed,1d,GFPNegFOSNeg,35,7/22/2022,11/21/2022,1/12/2023
230126_031,31,1d_5,4/26/2022,M,reexposed,1d,GFPNegFOSNeg,35,7/22/2022,11/21/2022,1/12/2023
230126_032,32,1d_5,4/26/2022,M,reexposed,1d,GFPNegFOSNeg,35,7/22/2022,11/21/2022,1/12/2023
230126_033,33,1d_5,4/26/2022,M,reexposed,1d,GFPNegFOSNeg,35,7/22/2022,11/21/2022,1/12/2023
230126_034,34,1d_5,4/26/2022,M,reexposed,1d,GFPNegFOSNeg,35,7/22/2022,11/21/2022,1/12/2023
230126_035,35,1d_5,4/26/2022,M,reexposed,1d,GFPNegFOSNeg,35,7/22/2022,11/21/2022,1/12/2023
230126_036,36,1d_5,4/26/2022,M,reexposed,1d,GFPNegFOSNeg,35,7/22/2022,11/21/2022,1/12/2023
230126_037,37,1d_5,4/26/2022,M,reexposed,1d,GFPNegFOSNeg,35,7/22/2022,11/21/2022,1/12/2023
230126_038,38,1d_5,4/26/2022,M,reexposed,1d,GFPNegFOSNeg,35,7/22/2022,11/21/2022,1/12/2023
230126_039,39,1d_5,4/26/2022,M,reexposed,1d,GFPNegFOSNeg,35,7/22/2022,11/21/2022,1/12/2023
230126_040,40,1d_6,4/26/2022,M,reexposed,1d,GFPNegFOSNeg,37,7/22/2022,12/14/2022,1/12/2023
230126_041,41,1d_6,4/26/2022,M,reexposed,1d,GFPNegFOSNeg,37,7/22/2022,12/14/2022,1/12/2023
230126_042,42,1d_6,4/26/2022,M,reexposed,1d,GFPNegFOSNeg,37,7/22/2022,12/14/2022,1/12/2023
230126_043,43,1d_6,4/26/2022,M,reexposed,1d,GFPNegFOSNeg,37,7/22/2022,12/14/2022,1/12/2023
230126_044,44,1d_6,4/26/2022,M,reexposed,1d,GFPNegFOSNeg,37,7/22/2022,12/14/2022,1/12/2023
230126_045,45,1d_6,4/26/2022,M,reexposed,1d,GFPNegFOSNeg,37,7/22/2022,12/14/2022,1/12/2023
230126_046,46,1d_6,4/26/2022,M,reexposed,1d,GFPNegFOSNeg,37,7/22/2022,12/14/2022,1/12/2023
230126_047,47,1d_6,4/26/2022,M,reexposed,1d,GFPNegFOSNeg,37,7/22/2022,12/14/2022,1/12/2023
230126_048,48,1d_6,4/26/2022,M,reexposed,1d,GFPNegFOSNeg,37,7/22/2022,12/14/2022,1/12/2023
230126_049,49,1d_6,4/26/2022,M,reexposed,1d,GFPNegFOSNeg,37,7/22/2022,12/14/2022,1/12/2023
230126_050,50,1d_6,4/26/2022,M,reexposed,1d,GFPNegFOSNeg,37,7/22/2022,12/14/2022,1/12/2023
230126_051,51,1d_6,4/26/2022,M,reexposed,1d,GFPNegFOSNeg,37,7/22/2022,12/14/2022,1/12/2023
230126_052,52,1d_6,4/26/2022,M,reexposed,1d,GFPNegFOSNeg,37,7/22/2022,12/14/2022,1/12/2023
230126_053,53,1d_6,4/26/2022,M,reexposed,1d,GFPNegFOSNeg,37,7/22/2022,12/14/2022,1/12/2023
230126_054,54,1d_6,4/26/2022,M,reexposed,1d,GFPNegFOSNeg,37,7/22/2022,12/14/2022,1/12/2023
230126_055,55,1d_6,4/26/2022,M,reexposed,1d,GFPNegFOSNeg,37,7/22/2022,12/14/2022,1/12/2023
230126_056,56,1d_6,4/26/2022,M,reexposed,1d,GFPNegFOSNeg,37,7/22/2022,12/14/2022,1/12/2023
230126_057,57,1d_6,4/26/2022,M,reexposed,1d,GFPNegFOSNeg,37,7/22/2022,12/14/2022,1/12/2023
230126_058,58,1d_6,4/26/2022,M,reexposed,1d,GFPNegFOSNeg,37,7/22/2022,12/14/2022,1/12/2023
230126_059,59,1d_6,4/26/2022,M,reexposed,1d,GFPNegFOSNeg,37,7/22/2022,12/14/2022,1/12/2023
230126_060,60,1d_6,4/26/2022,M,reexposed,1d,GFPNegFOSNeg,37,7/22/2022,12/14/2022,1/12/2023
230126_061,61,1d_6,4/26/2022,M,reexposed,1d,GFPNegFOSNeg,37,7/22/2022,12/14/2022,1/12/2023
230126_062,62,1d_6,4/26/2022,M,reexposed,1d,GFPNegFOSNeg,37,7/22/2022,12/14/2022,1/12/2023
230126_063,63,1d_4,4/26/2022,M,reexposed,1d,GFPNegFOSPos,36,7/22/2022,10/7/2022,1/12/2023
230126_064,64,1d_4,4/26/2022,M,reexposed,1d,GFPNegFOSPos,36,7/22/2022,10/7/2022,1/12/2023
230126_065,65,1d_4,4/26/2022,M,reexposed,1d,GFPNegFOSPos,36,7/22/2022,10/7/2022,1/12/2023
230126_066,66,1d_4,4/26/2022,M,reexposed,1d,GFPNegFOSPos,36,7/22/2022,10/7/2022,1/12/2023
230126_067,67,1d_4,4/26/2022,M,reexposed,1d,GFPNegFOSPos,36,7/22/2022,10/7/2022,1/12/2023
230126_068,68,1d_4,4/26/2022,M,reexposed,1d,GFPNegFOSPos,36,7/22/2022,10/7/2022,1/12/2023
230126_069,69,1d_4,4/26/2022,M,reexposed,1d,GFPNegFOSPos,36,7/22/2022,10/7/2022,1/12/2023
230126_070,70,1d_4,4/26/2022,M,reexposed,1d,GFPNegFOSPos,36,7/22/2022,10/7/2022,1/12/2023
230126_071,71,1d_4,4/26/2022,M,reexposed,1d,GFPNegFOSPos,36,7/22/2022,10/7/2022,1/12/2023
230126_072,72,1d_4,4/26/2022,M,reexposed,1d,GFPNegFOSPos,36,7/22/2022,10/7/2022,1/12/2023
230126_073,73,1d_4,4/26/2022,M,reexposed,1d,GFPNegFOSPos,36,7/22/2022,10/7/2022,1/12/2023
230126_074,74,1d_4,4/26/2022,M,reexposed,1d,GFPNegFOSPos,36,7/22/2022,10/7/2022,1/12/2023
230126_075,75,1d_4,4/26/2022,M,reexposed,1d,GFPNegFOSPos,36,7/22/2022,10/7/2022,1/12/2023
230126_076,76,1d_4,4/26/2022,M,reexposed,1d,GFPNegFOSPos,36,7/22/2022,10/7/2022,1/12/2023
230126_077,77,1d_4,4/26/2022,M,reexposed,1d,GFPNegFOSPos,36,7/22/2022,10/7/2022,1/12/2023
230126_078,78,1d_4,4/26/2022,M,reexposed,1d,GFPNegFOSPos,36,7/22/2022,10/7/2022,1/12/2023
230126_079,79,1d_4,4/26/2022,M,reexposed,1d,GFPNegFOSPos,36,7/22/2022,10/7/2022,1/12/2023
230126_080,80,1d_4,4/26/2022,M,reexposed,1d,GFPNegFOSPos,36,7/22/2022,10/7/2022,1/12/2023
230126_081,81,1d_5,4/26/2022,M,reexposed,1d,GFPNegFOSPos,35,7/22/2022,11/21/2022,1/12/2023
230126_082,82,1d_5,4/26/2022,M,reexposed,1d,GFPNegFOSPos,35,7/22/2022,11/21/2022,1/12/2023
230126_083,83,1d_5,4/26/2022,M,reexposed,1d,GFPNegFOSPos,35,7/22/2022,11/21/2022,1/12/2023
230126_084,84,1d_5,4/26/2022,M,reexposed,1d,GFPNegFOSPos,35,7/22/2022,11/21/2022,1/12/2023
230126_085,85,1d_5,4/26/2022,M,reexposed,1d,GFPNegFOSPos,35,7/22/2022,11/21/2022,1/12/2023
230126_086,86,1d_5,4/26/2022,M,reexposed,1d,GFPNegFOSPos,35,7/22/2022,11/21/2022,1/12/2023
230126_087,87,1d_5,4/26/2022,M,reexposed,1d,GFPNegFOSPos,35,7/22/2022,11/21/2022,1/12/2023
230126_088,88,1d_5,4/26/2022,M,reexposed,1d,GFPNegFOSPos,35,7/22/2022,11/21/2022,1/12/2023
230126_089,89,1d_5,4/26/2022,M,reexposed,1d,GFPNegFOSPos,35,7/22/2022,11/21/2022,1/12/2023
230126_090,90,1d_5,4/26/2022,M,reexposed,1d,GFPNegFOSPos,35,7/22/2022,11/21/2022,1/12/2023
230126_091,91,1d_5,4/26/2022,M,reexposed,1d,GFPNegFOSPos,35,7/22/2022,11/21/2022,1/12/2023
230126_092,92,1d_5,4/26/2022,M,reexposed,1d,GFPNegFOSPos,35,7/22/2022,11/21/2022,1/12/2023
230126_093,93,1d_5,4/26/2022,M,reexposed,1d,GFPNegFOSPos,35,7/22/2022,11/21/2022,1/12/2023
230126_094,94,1d_5,4/26/2022,M,reexposed,1d,GFPNegFOSPos,35,7/22/2022,11/21/2022,1/12/2023
230126_095,95,1d_5,4/26/2022,M,reexposed,1d,GFPNegFOSPos,35,7/22/2022,11/21/2022,1/12/2023
230126_096,96,1d_5,4/26/2022,M,reexposed,1d,GFPNegFOSPos,35,7/22/2022,11/21/2022,1/12/2023
230126_097,97,1d_5,4/26/2022,M,reexposed,1d,GFPNegFOSPos,35,7/22/2022,11/21/2022,1/12/2023
230126_098,98,1d_5,4/26/2022,M,reexposed,1d,GFPNegFOSPos,35,7/22/2022,11/21/2022,1/12/2023
230126_099,99,1d_5,4/26/2022,M,reexposed,1d,GFPNegFOSPos,35,7/22/2022,11/21/2022,1/12/2023
230126_100,100,1d_5,4/26/2022,M,reexposed,1d,GFPNegFOSPos,35,7/22/2022,11/21/2022,1/12/2023
230126_101,101,1d_5,4/26/2022,M,reexposed,1d,GFPNegFOSPos,35,7/22/2022,11/21/2022,1/12/2023
230126_102,102,1d_5,4/26/2022,M,reexposed,1d,GFPNegFOSPos,35,7/22/2022,11/21/2022,1/12/2023
230126_103,103,1d_5,4/26/2022,M,reexposed,1d,GFPNegFOSPos,35,7/22/2022,11/21/2022,1/12/2023
230126_104,104,1d_5,4/26/2022,M,reexposed,1d,GFPNegFOSPos,35,7/22/2022,11/21/2022,1/12/2023
230126_105,105,1d_5,4/26/2022,M,reexposed,1d,GFPNegFOSPos,35,7/22/2022,11/21/2022,1/12/2023
230126_106,106,1d_5,4/26/2022,M,reexposed,1d,GFPNegFOSPos,35,7/22/2022,11/21/2022,1/12/2023
230126_107,107,1d_6,4/26/2022,M,reexposed,1d,GFPNegFOSPos,37,7/22/2022,12/14/2022,1/12/2023
230126_108,108,1d_6,4/26/2022,M,reexposed,1d,GFPNegFOSPos,37,7/22/2022,12/14/2022,1/12/2023
230126_109,109,1d_6,4/26/2022,M,reexposed,1d,GFPNegFOSPos,37,7/22/2022,12/14/2022,1/12/2023
230126_110,110,1d_6,4/26/2022,M,reexposed,1d,GFPNegFOSPos,37,7/22/2022,12/14/2022,1/12/2023
230126_111,111,1d_6,4/26/2022,M,reexposed,1d,GFPNegFOSPos,37,7/22/2022,12/14/2022,1/12/2023
230126_112,112,1d_6,4/26/2022,M,reexposed,1d,GFPNegFOSPos,37,7/22/2022,12/14/2022,1/12/2023
230126_113,113,1d_6,4/26/2022,M,reexposed,1d,GFPNegFOSPos,37,7/22/2022,12/14/2022,1/12/2023
230126_114,114,1d_6,4/26/2022,M,reexposed,1d,GFPNegFOSPos,37,7/22/2022,12/14/2022,1/12/2023
230126_115,115,1d_6,4/26/2022,M,reexposed,1d,GFPNegFOSPos,37,7/22/2022,12/14/2022,1/12/2023
230126_116,116,1d_6,4/26/2022,M,reexposed,1d,GFPNegFOSPos,37,7/22/2022,12/14/2022,1/12/2023
230126_117,117,1d_6,4/26/2022,M,reexposed,1d,GFPNegFOSPos,37,7/22/2022,12/14/2022,1/12/2023
230126_118,118,1d_6,4/26/2022,M,reexposed,1d,GFPNegFOSPos,37,7/22/2022,12/14/2022,1/12/2023
230126_119,119,1d_6,4/26/2022,M,reexposed,1d,GFPNegFOSPos,37,7/22/2022,12/14/2022,1/12/2023
230126_120,120,1d_6,4/26/2022,M,reexposed,1d,GFPNegFOSPos,37,7/22/2022,12/14/2022,1/12/2023
230126_121,121,1d_6,4/26/2022,M,reexposed,1d,GFPNegFOSPos,37,7/22/2022,12/14/2022,1/12/2023
230126_122,122,1d_6,4/26/2022,M,reexposed,1d,GFPNegFOSPos,37,7/22/2022,12/14/2022,1/12/2023
230126_123,123,1d_6,4/26/2022,M,reexposed,1d,GFPNegFOSPos,37,7/22/2022,12/14/2022,1/12/2023
230126_124,124,1d_6,4/26/2022,M,reexposed,1d,GFPNegFOSPos,37,7/22/2022,12/14/2022,1/12/2023
230126_125,125,1d_6,4/26/2022,M,reexposed,1d,GFPNegFOSPos,37,7/22/2022,12/14/2022,1/12/2023
230126_126,126,1d_6,4/26/2022,M,reexposed,1d,GFPNegFOSPos,37,7/22/2022,12/14/2022,1/12/2023
230126_127,127,1d_6,4/26/2022,M,reexposed,1d,GFPNegFOSPos,37,7/22/2022,12/14/2022,1/12/2023
230126_128,128,1d_6,4/26/2022,M,reexposed,1d,GFPNegFOSPos,37,7/22/2022,12/14/2022,1/12/2023
230126_129,129,1d_6,4/26/2022,M,reexposed,1d,GFPNegFOSPos,37,7/22/2022,12/14/2022,1/12/2023
230126_130,130,1d_6,4/26/2022,M,reexposed,1d,GFPNegFOSPos,37,7/22/2022,12/14/2022,1/12/2023
230126_131,131,1d_6,4/26/2022,M,reexposed,1d,GFPNegFOSPos,37,7/22/2022,12/14/2022,1/12/2023
230126_132,132,1d_6,4/26/2022,M,reexposed,1d,GFPNegFOSPos,37,7/22/2022,12/14/2022,1/12/2023
230126_133,133,1d_6,4/26/2022,M,reexposed,1d,GFPNegFOSPos,37,7/22/2022,12/14/2022,1/12/2023
230126_134,134,1d_6,4/26/2022,M,reexposed,1d,GFPNegFOSPos,37,7/22/2022,12/14/2022,1/12/2023
230126_135,135,1d_4,4/26/2022,M,reexposed,1d,GFPPos,36,7/22/2022,10/7/2022,1/12/2023
230126_136,136,1d_4,4/26/2022,M,reexposed,1d,GFPPos,36,7/22/2022,10/7/2022,1/12/2023
230126_137,137,1d_4,4/26/2022,M,reexposed,1d,GFPPos,36,7/22/2022,10/7/2022,1/12/2023
230126_138,138,1d_4,4/26/2022,M,reexposed,1d,GFPPos,36,7/22/2022,10/7/2022,1/12/2023
230126_139,139,1d_4,4/26/2022,M,reexposed,1d,GFPPos,36,7/22/2022,10/7/2022,1/12/2023
230126_140,140,1d_4,4/26/2022,M,reexposed,1d,GFPPos,36,7/22/2022,10/7/2022,1/12/2023
230126_141,141,1d_4,4/26/2022,M,reexposed,1d,GFPPos,36,7/22/2022,10/7/2022,1/12/2023
230126_142,142,1d_4,4/26/2022,M,reexposed,1d,GFPPos,36,7/22/2022,10/7/2022,1/12/2023
230126_143,143,1d_4,4/26/2022,M,reexposed,1d,GFPPos,36,7/22/2022,10/7/2022,1/12/2023
230126_144,144,1d_4,4/26/2022,M,reexposed,1d,GFPPos,36,7/22/2022,10/7/2022,1/12/2023
230126_145,145,1d_4,4/26/2022,M,reexposed,1d,GFPPos,36,7/22/2022,10/7/2022,1/12/2023
230126_146,146,1d_4,4/26/2022,M,reexposed,1d,GFPPos,36,7/22/2022,10/7/2022,1/12/2023
230126_147,147,1d_4,4/26/2022,M,reexposed,1d,GFPPos,36,7/22/2022,10/7/2022,1/12/2023
230126_148,148,1d_4,4/26/2022,M,reexposed,1d,GFPPos,36,7/22/2022,10/7/2022,1/12/2023
230126_149,149,1d_4,4/26/2022,M,reexposed,1d,GFPPos,36,7/22/2022,10/7/2022,1/12/2023
230126_150,150,1d_4,4/26/2022,M,reexposed,1d,GFPPos,36,7/22/2022,10/7/2022,1/12/2023
230126_151,151,1d_4,4/26/2022,M,reexposed,1d,GFPPos,36,7/22/2022,10/7/2022,1/12/2023
230126_152,152,1d_4,4/26/2022,M,reexposed,1d,GFPPos,36,7/22/2022,10/7/2022,1/12/2023
230126_153,153,1d_4,4/26/2022,M,reexposed,1d,GFPPos,36,7/22/2022,10/7/2022,1/12/2023
230126_154,154,1d_4,4/26/2022,M,reexposed,1d,GFPPos,36,7/22/2022,10/7/2022,1/12/2023
230126_155,155,1d_4,4/26/2022,M,reexposed,1d,GFPPos,36,7/22/2022,10/7/2022,1/12/2023
230126_156,156,1d_4,4/26/2022,M,reexposed,1d,GFPPos,36,7/22/2022,10/7/2022,1/12/2023
230126_157,157,1d_4,4/26/2022,M,reexposed,1d,GFPPos,36,7/22/2022,10/7/2022,1/12/2023
230126_158,158,1d_4,4/26/2022,M,reexposed,1d,GFPPos,36,7/22/2022,10/7/2022,1/12/2023
230126_159,159,1d_4,4/26/2022,M,reexposed,1d,GFPPos,36,7/22/2022,10/7/2022,1/12/2023
230126_160,160,1d_4,4/26/2022,M,reexposed,1d,GFPPos,36,7/22/2022,10/7/2022,1/12/2023
230126_161,161,1d_4,4/26/2022,M,reexposed,1d,GFPPos,36,7/22/2022,10/7/2022,1/12/2023
230126_162,162,1d_4,4/26/2022,M,reexposed,1d,GFPPos,36,7/22/2022,10/7/2022,1/12/2023
230126_163,163,1d_4,4/26/2022,M,reexposed,1d,GFPPos,36,7/22/2022,10/7/2022,1/12/2023
230126_164,164,1d_4,4/26/2022,M,reexposed,1d,GFPPos,36,7/22/2022,10/7/2022,1/12/2023
230126_165,165,1d_4,4/26/2022,M,reexposed,1d,GFPPos,36,7/22/2022,10/7/2022,1/12/2023
230126_166,166,1d_4,4/26/2022,M,reexposed,1d,GFPPos,36,7/22/2022,10/7/2022,1/12/2023
230126_167,167,1d_5,4/26/2022,M,reexposed,1d,GFPPos,35,7/22/2022,11/21/2022,1/12/2023
230126_168,168,1d_5,4/26/2022,M,reexposed,1d,GFPPos,35,7/22/2022,11/21/2022,1/12/2023
230126_169,169,1d_5,4/26/2022,M,reexposed,1d,GFPPos,35,7/22/2022,11/21/2022,1/12/2023
230126_170,170,1d_5,4/26/2022,M,reexposed,1d,GFPPos,35,7/22/2022,11/21/2022,1/12/2023
230126_171,171,1d_5,4/26/2022,M,reexposed,1d,GFPPos,35,7/22/2022,11/21/2022,1/12/2023
230126_172,172,1d_5,4/26/2022,M,reexposed,1d,GFPPos,35,7/22/2022,11/21/2022,1/12/2023
230126_173,173,1d_5,4/26/2022,M,reexposed,1d,GFPPos,35,7/22/2022,11/21/2022,1/12/2023
230126_174,174,1d_5,4/26/2022,M,reexposed,1d,GFPPos,35,7/22/2022,11/21/2022,1/12/2023
230126_175,175,1d_5,4/26/2022,M,reexposed,1d,GFPPos,35,7/22/2022,11/21/2022,1/12/2023
230126_176,176,1d_5,4/26/2022,M,reexposed,1d,GFPPos,35,7/22/2022,11/21/2022,1/12/2023
230126_177,177,1d_5,4/26/2022,M,reexposed,1d,GFPPos,35,7/22/2022,11/21/2022,1/12/2023
230126_178,178,1d_5,4/26/2022,M,reexposed,1d,GFPPos,35,7/22/2022,11/21/2022,1/12/2023
230126_179,179,1d_5,4/26/2022,M,reexposed,1d,GFPPos,35,7/22/2022,11/21/2022,1/12/2023
230126_180,180,1d_5,4/26/2022,M,reexposed,1d,GFPPos,35,7/22/2022,11/21/2022,1/12/2023
230126_181,181,1d_5,4/26/2022,M,reexposed,1d,GFPPos,35,7/22/2022,11/21/2022,1/12/2023
230126_182,182,1d_5,4/26/2022,M,reexposed,1d,GFPPos,35,7/22/2022,11/21/2022,1/12/2023
230126_183,183,1d_5,4/26/2022,M,reexposed,1d,GFPPos,35,7/22/2022,11/21/2022,1/12/2023
230126_184,184,1d_5,4/26/2022,M,reexposed,1d,GFPPos,35,7/22/2022,11/21/2022,1/12/2023
230126_185,185,1d_5,4/26/2022,M,reexposed,1d,GFPPos,35,7/22/2022,11/21/2022,1/12/2023
230126_186,186,1d_5,4/26/2022,M,reexposed,1d,GFPPos,35,7/22/2022,11/21/2022,1/12/2023
230126_187,187,1d_5,4/26/2022,M,reexposed,1d,GFPPos,35,7/22/2022,11/21/2022,1/12/2023
230126_188,188,1d_5,4/26/2022,M,reexposed,1d,GFPPos,35,7/22/2022,11/21/2022,1/12/2023
230126_189,189,1d_5,4/26/2022,M,reexposed,1d,GFPPos,35,7/22/2022,11/21/2022,1/12/2023
230126_190,190,1d_5,4/26/2022,M,reexposed,1d,GFPPos,35,7/22/2022,11/21/2022,1/12/2023
230126_191,191,1d_5,4/26/2022,M,reexposed,1d,GFPPos,35,7/22/2022,11/21/2022,1/12/2023
230126_192,192,1d_5,4/26/2022,M,reexposed,1d,GFPPos,35,7/22/2022,11/21/2022,1/12/2023
230126_193,193,1d_5,4/26/2022,M,reexposed,1d,GFPPos,35,7/22/2022,11/21/2022,1/12/2023
230126_194,194,1d_5,4/26/2022,M,reexposed,1d,GFPPos,35,7/22/2022,11/21/2022,1/12/2023
230126_195,195,1d_5,4/26/2022,M,reexposed,1d,GFPPos,35,7/22/2022,11/21/2022,1/12/2023
230126_196,196,1d_5,4/26/2022,M,reexposed,1d,GFPPos,35,7/22/2022,11/21/2022,1/12/2023
230126_197,197,1d_5,4/26/2022,M,reexposed,1d,GFPPos,35,7/22/2022,11/21/2022,1/12/2023
230126_198,198,1d_5,4/26/2022,M,reexposed,1d,GFPPos,35,7/22/2022,11/21/2022,1/12/2023
230126_199,199,1d_6,4/26/2022,M,reexposed,1d,GFPPos,37,7/22/2022,12/14/2022,1/12/2023
230126_200,200,1d_6,4/26/2022,M,reexposed,1d,GFPPos,37,7/22/2022,12/14/2022,1/12/2023
230126_201,201,1d_6,4/26/2022,M,reexposed,1d,GFPPos,37,7/22/2022,12/14/2022,1/12/2023
230126_202,202,1d_6,4/26/2022,M,reexposed,1d,GFPPos,37,7/22/2022,12/14/2022,1/12/2023
230126_203,203,1d_6,4/26/2022,M,reexposed,1d,GFPPos,37,7/22/2022,12/14/2022,1/12/2023
230126_204,204,1d_6,4/26/2022,M,reexposed,1d,GFPPos,37,7/22/2022,12/14/2022,1/12/2023
230126_205,205,1d_6,4/26/2022,M,reexposed,1d,GFPPos,37,7/22/2022,12/14/2022,1/12/2023
230126_206,206,1d_6,4/26/2022,M,reexposed,1d,GFPPos,37,7/22/2022,12/14/2022,1/12/2023
230126_207,207,1d_6,4/26/2022,M,reexposed,1d,GFPPos,37,7/22/2022,12/14/2022,1/12/2023
230126_208,208,1d_6,4/26/2022,M,reexposed,1d,GFPPos,37,7/22/2022,12/14/2022,1/12/2023
230126_209,209,1d_6,4/26/2022,M,reexposed,1d,GFPPos,37,7/22/2022,12/14/2022,1/12/2023
230126_210,210,1d_6,4/26/2022,M,reexposed,1d,GFPPos,37,7/22/2022,12/14/2022,1/12/2023
230126_211,211,1d_6,4/26/2022,M,reexposed,1d,GFPPos,37,7/22/2022,12/14/2022,1/12/2023
230126_212,212,1d_6,4/26/2022,M,reexposed,1d,GFPPos,37,7/22/2022,12/14/2022,1/12/2023
230126_213,213,1d_6,4/26/2022,M,reexposed,1d,GFPPos,37,7/22/2022,12/14/2022,1/12/2023
230126_214,214,1d_6,4/26/2022,M,reexposed,1d,GFPPos,37,7/22/2022,12/14/2022,1/12/2023
230126_215,215,1d_6,4/26/2022,M,reexposed,1d,GFPPos,37,7/22/2022,12/14/2022,1/12/2023
230126_216,216,1d_6,4/26/2022,M,reexposed,1d,GFPPos,37,7/22/2022,12/14/2022,1/12/2023
230126_217,217,1d_6,4/26/2022,M,reexposed,1d,GFPPos,37,7/22/2022,12/14/2022,1/12/2023
230126_218,218,1d_6,4/26/2022,M,reexposed,1d,GFPPos,37,7/22/2022,12/14/2022,1/12/2023
230126_219,219,1d_6,4/26/2022,M,reexposed,1d,GFPPos,37,7/22/2022,12/14/2022,1/12/2023
230126_220,220,1d_6,4/26/2022,M,reexposed,1d,GFPPos,37,7/22/2022,12/14/2022,1/12/2023
230126_221,221,1d_6,4/26/2022,M,reexposed,1d,GFPPos,37,7/22/2022,12/14/2022,1/12/2023
230126_222,222,1d_6,4/26/2022,M,reexposed,1d,GFPPos,37,7/22/2022,12/14/2022,1/12/2023
230126_223,223,1d_6,4/26/2022,M,reexposed,1d,GFPPos,37,7/22/2022,12/14/2022,1/12/2023
230126_224,224,1d_6,4/26/2022,M,reexposed,1d,GFPPos,37,7/22/2022,12/14/2022,1/12/2023
230126_225,225,1d_6,4/26/2022,M,reexposed,1d,GFPPos,37,7/22/2022,12/14/2022,1/12/2023
230126_226,226,1d_6,4/26/2022,M,reexposed,1d,GFPPos,37,7/22/2022,12/14/2022,1/12/2023
230126_227,227,1d_6,4/26/2022,M,reexposed,1d,GFPPos,37,7/22/2022,12/14/2022,1/12/2023
230126_228,228,1d_6,4/26/2022,M,reexposed,1d,GFPPos,37,7/22/2022,12/14/2022,1/12/2023
230126_385,385,3d_3,12/31/2021,M,reexposed,3d,GFPNegFOSNeg,ZA1,4/1/2022,6/3/2022,1/13/2023
230126_386,386,3d_3,12/31/2021,M,reexposed,3d,GFPNegFOSNeg,ZA1,4/1/2022,6/3/2022,1/13/2023
230126_387,387,3d_3,12/31/2021,M,reexposed,3d,GFPNegFOSNeg,ZA1,4/1/2022,6/3/2022,1/13/2023
230126_388,388,3d_3,12/31/2021,M,reexposed,3d,GFPNegFOSNeg,ZA1,4/1/2022,6/3/2022,1/13/2023
230126_389,389,3d_3,12/31/2021,M,reexposed,3d,GFPNegFOSNeg,ZA1,4/1/2022,6/3/2022,1/13/2023
230126_390,390,3d_3,12/31/2021,M,reexposed,3d,GFPNegFOSNeg,ZA1,4/1/2022,6/3/2022,1/13/2023
230126_391,391,3d_3,12/31/2021,M,reexposed,3d,GFPNegFOSNeg,ZA1,4/1/2022,6/3/2022,1/13/2023
230126_392,392,3d_3,12/31/2021,M,reexposed,3d,GFPNegFOSNeg,ZA1,4/1/2022,6/3/2022,1/13/2023
230126_393,393,3d_3,12/31/2021,M,reexposed,3d,GFPNegFOSNeg,ZA1,4/1/2022,6/3/2022,1/13/2023
230126_394,394,3d_3,12/31/2021,M,reexposed,3d,GFPNegFOSNeg,ZA1,4/1/2022,6/3/2022,1/13/2023
230126_395,395,3d_3,12/31/2021,M,reexposed,3d,GFPNegFOSNeg,ZA1,4/1/2022,6/3/2022,1/13/2023
230126_396,396,3d_3,12/31/2021,M,reexposed,3d,GFPNegFOSNeg,ZA1,4/1/2022,6/3/2022,1/13/2023
230126_397,397,3d_3,12/31/2021,M,reexposed,3d,GFPNegFOSNeg,ZA1,4/1/2022,6/3/2022,1/13/2023
230126_398,398,3d_3,12/31/2021,M,reexposed,3d,GFPNegFOSNeg,ZA1,4/1/2022,6/3/2022,1/13/2023
230126_399,399,3d_3,12/31/2021,M,reexposed,3d,GFPNegFOSNeg,ZA1,4/1/2022,6/3/2022,1/13/2023
230126_400,400,3d_4,12/31/2021,M,reexposed,3d,GFPNegFOSNeg,Z78,4/1/2022,6/7/2022,1/13/2023
230126_401,401,3d_4,12/31/2021,M,reexposed,3d,GFPNegFOSNeg,Z78,4/1/2022,6/7/2022,1/13/2023
230126_402,402,3d_4,12/31/2021,M,reexposed,3d,GFPNegFOSNeg,Z78,4/1/2022,6/7/2022,1/13/2023
230126_403,403,3d_4,12/31/2021,M,reexposed,3d,GFPNegFOSNeg,Z78,4/1/2022,6/7/2022,1/13/2023
230126_404,404,3d_4,12/31/2021,M,reexposed,3d,GFPNegFOSNeg,Z78,4/1/2022,6/7/2022,1/13/2023
230126_405,405,3d_4,12/31/2021,M,reexposed,3d,GFPNegFOSNeg,Z78,4/1/2022,6/7/2022,1/13/2023
230126_406,406,3d_4,12/31/2021,M,reexposed,3d,GFPNegFOSNeg,Z78,4/1/2022,6/7/2022,1/13/2023
230126_407,407,3d_4,12/31/2021,M,reexposed,3d,GFPNegFOSNeg,Z78,4/1/2022,6/7/2022,1/13/2023
230126_408,408,3d_4,12/31/2021,M,reexposed,3d,GFPNegFOSNeg,Z78,4/1/2022,6/7/2022,1/13/2023
230126_409,409,3d_4,12/31/2021,M,reexposed,3d,GFPNegFOSNeg,Z78,4/1/2022,6/7/2022,1/13/2023
230126_410,410,3d_4,12/31/2021,M,reexposed,3d,GFPNegFOSNeg,Z78,4/1/2022,6/7/2022,1/13/2023
230126_411,411,3d_4,12/31/2021,M,reexposed,3d,GFPNegFOSNeg,Z78,4/1/2022,6/7/2022,1/13/2023
230126_412,412,3d_4,12/31/2021,M,reexposed,3d,GFPNegFOSNeg,Z78,4/1/2022,6/7/2022,1/13/2023
230126_413,413,3d_4,12/31/2021,M,reexposed,3d,GFPNegFOSNeg,Z78,4/1/2022,6/7/2022,1/13/2023
230126_414,414,3d_4,12/31/2021,M,reexposed,3d,GFPNegFOSNeg,Z78,4/1/2022,6/7/2022,1/13/2023
230126_415,415,3d_4,12/31/2021,M,reexposed,3d,GFPNegFOSNeg,Z78,4/1/2022,6/7/2022,1/13/2023
230126_416,416,3d_4,12/31/2021,M,reexposed,3d,GFPNegFOSNeg,Z78,4/1/2022,6/7/2022,1/13/2023
230126_417,417,3d_4,12/31/2021,M,reexposed,3d,GFPNegFOSNeg,Z78,4/1/2022,6/7/2022,1/13/2023
230126_418,418,3d_4,12/31/2021,M,reexposed,3d,GFPNegFOSNeg,Z78,4/1/2022,6/7/2022,1/13/2023
230126_419,419,3d_5,12/31/2021,M,reexposed,3d,GFPNegFOSNeg,Z7A,4/1/2022,6/21/2022,1/13/2023
230126_420,420,3d_5,12/31/2021,M,reexposed,3d,GFPNegFOSNeg,Z7A,4/1/2022,6/21/2022,1/13/2023
230126_421,421,3d_5,12/31/2021,M,reexposed,3d,GFPNegFOSNeg,Z7A,4/1/2022,6/21/2022,1/13/2023
230126_422,422,3d_5,12/31/2021,M,reexposed,3d,GFPNegFOSNeg,Z7A,4/1/2022,6/21/2022,1/13/2023
230126_423,423,3d_5,12/31/2021,M,reexposed,3d,GFPNegFOSNeg,Z7A,4/1/2022,6/21/2022,1/13/2023
230126_424,424,3d_5,12/31/2021,M,reexposed,3d,GFPNegFOSNeg,Z7A,4/1/2022,6/21/2022,1/13/2023
230126_425,425,3d_5,12/31/2021,M,reexposed,3d,GFPNegFOSNeg,Z7A,4/1/2022,6/21/2022,1/13/2023
230126_426,426,3d_5,12/31/2021,M,reexposed,3d,GFPNegFOSNeg,Z7A,4/1/2022,6/21/2022,1/13/2023
230126_427,427,3d_5,12/31/2021,M,reexposed,3d,GFPNegFOSNeg,Z7A,4/1/2022,6/21/2022,1/13/2023
230126_428,428,3d_5,12/31/2021,M,reexposed,3d,GFPNegFOSNeg,Z7A,4/1/2022,6/21/2022,1/13/2023
230126_429,429,3d_5,12/31/2021,M,reexposed,3d,GFPNegFOSNeg,Z7A,4/1/2022,6/21/2022,1/13/2023
230126_430,430,3d_5,12/31/2021,M,reexposed,3d,GFPNegFOSNeg,Z7A,4/1/2022,6/21/2022,1/13/2023
230126_431,431,3d_5,12/31/2021,M,reexposed,3d,GFPNegFOSNeg,Z7A,4/1/2022,6/21/2022,1/13/2023
230126_432,432,3d_5,12/31/2021,M,reexposed,3d,GFPNegFOSNeg,Z7A,4/1/2022,6/21/2022,1/13/2023
230126_433,433,3d_5,12/31/2021,M,reexposed,3d,GFPNegFOSNeg,Z7A,4/1/2022,6/21/2022,1/13/2023
230126_434,434,3d_5,12/31/2021,M,reexposed,3d,GFPNegFOSNeg,Z7A,4/1/2022,6/21/2022,1/13/2023
230126_435,435,3d_5,12/31/2021,M,reexposed,3d,GFPNegFOSNeg,Z7A,4/1/2022,6/21/2022,1/13/2023
230126_436,436,3d_5,12/31/2021,M,reexposed,3d,GFPNegFOSNeg,Z7A,4/1/2022,6/21/2022,1/13/2023
230126_437,437,3d_5,12/31/2021,M,reexposed,3d,GFPNegFOSNeg,Z7A,4/1/2022,6/21/2022,1/13/2023
230126_438,438,3d_5,12/31/2021,M,reexposed,3d,GFPNegFOSNeg,Z7A,4/1/2022,6/21/2022,1/13/2023
230126_439,439,3d_5,12/31/2021,M,reexposed,3d,GFPNegFOSNeg,Z7A,4/1/2022,6/21/2022,1/13/2023
230126_440,440,3d_5,12/31/2021,M,reexposed,3d,GFPNegFOSNeg,Z7A,4/1/2022,6/21/2022,1/13/2023
230126_441,441,3d_5,12/31/2021,M,reexposed,3d,GFPNegFOSNeg,Z7A,4/1/2022,6/21/2022,1/13/2023
230126_442,442,3d_5,12/31/2021,M,reexposed,3d,GFPNegFOSNeg,Z7A,4/1/2022,6/21/2022,1/13/2023
230126_443,443,3d_5,12/31/2021,M,reexposed,3d,GFPNegFOSNeg,Z7A,4/1/2022,6/21/2022,1/13/2023
230126_444,444,3d_5,12/31/2021,M,reexposed,3d,GFPNegFOSNeg,Z7A,4/1/2022,6/21/2022,1/13/2023
230126_445,445,3d_5,12/31/2021,M,reexposed,3d,GFPNegFOSNeg,Z7A,4/1/2022,6/21/2022,1/13/2023
230126_446,446,3d_5,12/31/2021,M,reexposed,3d,GFPNegFOSNeg,Z7A,4/1/2022,6/21/2022,1/13/2023
230126_447,447,3d_3,12/31/2021,M,reexposed,3d,GFPNegFOSPos,ZA1,4/1/2022,6/3/2022,1/13/2023
230126_448,448,3d_3,12/31/2021,M,reexposed,3d,GFPNegFOSPos,ZA1,4/1/2022,6/3/2022,1/13/2023
230126_449,449,3d_3,12/31/2021,M,reexposed,3d,GFPNegFOSPos,ZA1,4/1/2022,6/3/2022,1/13/2023
230126_450,450,3d_3,12/31/2021,M,reexposed,3d,GFPNegFOSPos,ZA1,4/1/2022,6/3/2022,1/13/2023
230126_451,451,3d_3,12/31/2021,M,reexposed,3d,GFPNegFOSPos,ZA1,4/1/2022,6/3/2022,1/13/2023
230126_452,452,3d_3,12/31/2021,M,reexposed,3d,GFPNegFOSPos,ZA1,4/1/2022,6/3/2022,1/13/2023
230126_453,453,3d_3,12/31/2021,M,reexposed,3d,GFPNegFOSPos,ZA1,4/1/2022,6/3/2022,1/13/2023
230126_454,454,3d_3,12/31/2021,M,reexposed,3d,GFPNegFOSPos,ZA1,4/1/2022,6/3/2022,1/13/2023
230126_455,455,3d_3,12/31/2021,M,reexposed,3d,GFPNegFOSPos,ZA1,4/1/2022,6/3/2022,1/13/2023
230126_456,456,3d_3,12/31/2021,M,reexposed,3d,GFPNegFOSPos,ZA1,4/1/2022,6/3/2022,1/13/2023
230126_457,457,3d_3,12/31/2021,M,reexposed,3d,GFPNegFOSPos,ZA1,4/1/2022,6/3/2022,1/13/2023
230126_458,458,3d_3,12/31/2021,M,reexposed,3d,GFPNegFOSPos,ZA1,4/1/2022,6/3/2022,1/13/2023
230126_459,459,3d_3,12/31/2021,M,reexposed,3d,GFPNegFOSPos,ZA1,4/1/2022,6/3/2022,1/13/2023
230126_460,460,3d_3,12/31/2021,M,reexposed,3d,GFPNegFOSPos,ZA1,4/1/2022,6/3/2022,1/13/2023
230126_461,461,3d_3,12/31/2021,M,reexposed,3d,GFPNegFOSPos,ZA1,4/1/2022,6/3/2022,1/13/2023
230126_462,462,3d_3,12/31/2021,M,reexposed,3d,GFPNegFOSPos,ZA1,4/1/2022,6/3/2022,1/13/2023
230126_463,463,3d_3,12/31/2021,M,reexposed,3d,GFPNegFOSPos,ZA1,4/1/2022,6/3/2022,1/13/2023
230126_464,464,3d_3,12/31/2021,M,reexposed,3d,GFPNegFOSPos,ZA1,4/1/2022,6/3/2022,1/13/2023
230126_465,465,3d_3,12/31/2021,M,reexposed,3d,GFPNegFOSPos,ZA1,4/1/2022,6/3/2022,1/13/2023
230126_466,466,3d_3,12/31/2021,M,reexposed,3d,GFPNegFOSPos,ZA1,4/1/2022,6/3/2022,1/13/2023
230126_467,467,3d_3,12/31/2021,M,reexposed,3d,GFPNegFOSPos,ZA1,4/1/2022,6/3/2022,1/13/2023
230126_468,468,3d_3,12/31/2021,M,reexposed,3d,GFPNegFOSPos,ZA1,4/1/2022,6/3/2022,1/13/2023
230126_469,469,3d_3,12/31/2021,M,reexposed,3d,GFPNegFOSPos,ZA1,4/1/2022,6/3/2022,1/13/2023
230126_470,470,3d_3,12/31/2021,M,reexposed,3d,GFPNegFOSPos,ZA1,4/1/2022,6/3/2022,1/13/2023
230126_471,471,3d_3,12/31/2021,M,reexposed,3d,GFPNegFOSPos,ZA1,4/1/2022,6/3/2022,1/13/2023
230126_472,472,3d_4,12/31/2021,M,reexposed,3d,GFPNegFOSPos,Z78,4/1/2022,6/7/2022,1/13/2023
230126_473,473,3d_4,12/31/2021,M,reexposed,3d,GFPNegFOSPos,Z78,4/1/2022,6/7/2022,1/13/2023
230126_474,474,3d_4,12/31/2021,M,reexposed,3d,GFPNegFOSPos,Z78,4/1/2022,6/7/2022,1/13/2023
230126_475,475,3d_4,12/31/2021,M,reexposed,3d,GFPNegFOSPos,Z78,4/1/2022,6/7/2022,1/13/2023
230126_476,476,3d_4,12/31/2021,M,reexposed,3d,GFPNegFOSPos,Z78,4/1/2022,6/7/2022,1/13/2023
230126_477,477,3d_4,12/31/2021,M,reexposed,3d,GFPNegFOSPos,Z78,4/1/2022,6/7/2022,1/13/2023
230126_478,478,3d_4,12/31/2021,M,reexposed,3d,GFPNegFOSPos,Z78,4/1/2022,6/7/2022,1/13/2023
230126_479,479,3d_4,12/31/2021,M,reexposed,3d,GFPNegFOSPos,Z78,4/1/2022,6/7/2022,1/13/2023
230126_480,480,3d_4,12/31/2021,M,reexposed,3d,GFPNegFOSPos,Z78,4/1/2022,6/7/2022,1/13/2023
230126_481,481,3d_4,12/31/2021,M,reexposed,3d,GFPNegFOSPos,Z78,4/1/2022,6/7/2022,1/13/2023
230126_482,482,3d_4,12/31/2021,M,reexposed,3d,GFPNegFOSPos,Z78,4/1/2022,6/7/2022,1/13/2023
230126_483,483,3d_4,12/31/2021,M,reexposed,3d,GFPNegFOSPos,Z78,4/1/2022,6/7/2022,1/13/2023
230126_484,484,3d_4,12/31/2021,M,reexposed,3d,GFPNegFOSPos,Z78,4/1/2022,6/7/2022,1/13/2023
230126_485,485,3d_4,12/31/2021,M,reexposed,3d,GFPNegFOSPos,Z78,4/1/2022,6/7/2022,1/13/2023
230126_486,486,3d_5,12/31/2021,M,reexposed,3d,GFPNegFOSPos,Z7A,4/1/2022,6/21/2022,1/13/2023
230126_487,487,3d_5,12/31/2021,M,reexposed,3d,GFPNegFOSPos,Z7A,4/1/2022,6/21/2022,1/13/2023
230126_488,488,3d_5,12/31/2021,M,reexposed,3d,GFPNegFOSPos,Z7A,4/1/2022,6/21/2022,1/13/2023
230126_489,489,3d_5,12/31/2021,M,reexposed,3d,GFPNegFOSPos,Z7A,4/1/2022,6/21/2022,1/13/2023
230126_490,490,3d_5,12/31/2021,M,reexposed,3d,GFPNegFOSPos,Z7A,4/1/2022,6/21/2022,1/13/2023
230126_491,491,3d_5,12/31/2021,M,reexposed,3d,GFPNegFOSPos,Z7A,4/1/2022,6/21/2022,1/13/2023
230126_492,492,3d_5,12/31/2021,M,reexposed,3d,GFPNegFOSPos,Z7A,4/1/2022,6/21/2022,1/13/2023
230126_493,493,3d_5,12/31/2021,M,reexposed,3d,GFPNegFOSPos,Z7A,4/1/2022,6/21/2022,1/13/2023
230126_494,494,3d_5,12/31/2021,M,reexposed,3d,GFPNegFOSPos,Z7A,4/1/2022,6/21/2022,1/13/2023
230126_495,495,3d_5,12/31/2021,M,reexposed,3d,GFPNegFOSPos,Z7A,4/1/2022,6/21/2022,1/13/2023
230126_496,496,3d_5,12/31/2021,M,reexposed,3d,GFPNegFOSPos,Z7A,4/1/2022,6/21/2022,1/13/2023
230126_497,497,3d_5,12/31/2021,M,reexposed,3d,GFPNegFOSPos,Z7A,4/1/2022,6/21/2022,1/13/2023
230126_498,498,3d_5,12/31/2021,M,reexposed,3d,GFPNegFOSPos,Z7A,4/1/2022,6/21/2022,1/13/2023
230126_499,499,3d_5,12/31/2021,M,reexposed,3d,GFPNegFOSPos,Z7A,4/1/2022,6/21/2022,1/13/2023
230126_500,500,3d_5,12/31/2021,M,reexposed,3d,GFPNegFOSPos,Z7A,4/1/2022,6/21/2022,1/13/2023
230126_501,501,3d_5,12/31/2021,M,reexposed,3d,GFPNegFOSPos,Z7A,4/1/2022,6/21/2022,1/13/2023
230126_502,502,3d_5,12/31/2021,M,reexposed,3d,GFPNegFOSPos,Z7A,4/1/2022,6/21/2022,1/13/2023
230126_503,503,3d_5,12/31/2021,M,reexposed,3d,GFPNegFOSPos,Z7A,4/1/2022,6/21/2022,1/13/2023
230126_504,504,3d_5,12/31/2021,M,reexposed,3d,GFPNegFOSPos,Z7A,4/1/2022,6/21/2022,1/13/2023
230126_505,505,3d_5,12/31/2021,M,reexposed,3d,GFPNegFOSPos,Z7A,4/1/2022,6/21/2022,1/13/2023
230126_506,506,3d_5,12/31/2021,M,reexposed,3d,GFPNegFOSPos,Z7A,4/1/2022,6/21/2022,1/13/2023
230126_507,507,3d_5,12/31/2021,M,reexposed,3d,GFPNegFOSPos,Z7A,4/1/2022,6/21/2022,1/13/2023
230126_508,508,3d_5,12/31/2021,M,reexposed,3d,GFPNegFOSPos,Z7A,4/1/2022,6/21/2022,1/13/2023
230126_509,509,3d_5,12/31/2021,M,reexposed,3d,GFPNegFOSPos,Z7A,4/1/2022,6/21/2022,1/13/2023
230126_510,510,3d_5,12/31/2021,M,reexposed,3d,GFPNegFOSPos,Z7A,4/1/2022,6/21/2022,1/13/2023
230126_511,511,3d_5,12/31/2021,M,reexposed,3d,GFPNegFOSPos,Z7A,4/1/2022,6/21/2022,1/13/2023
230126_512,512,3d_5,12/31/2021,M,reexposed,3d,GFPNegFOSPos,Z7A,4/1/2022,6/21/2022,1/13/2023
230126_513,513,3d_5,12/31/2021,M,reexposed,3d,GFPNegFOSPos,Z7A,4/1/2022,6/21/2022,1/13/2023
230126_514,514,3d_5,12/31/2021,M,reexposed,3d,GFPNegFOSPos,Z7A,4/1/2022,6/21/2022,1/13/2023
230126_515,515,3d_5,12/31/2021,M,reexposed,3d,GFPNegFOSPos,Z7A,4/1/2022,6/21/2022,1/13/2023
230126_516,516,3d_5,12/31/2021,M,reexposed,3d,GFPNegFOSPos,Z7A,4/1/2022,6/21/2022,1/13/2023
230126_517,517,3d_5,12/31/2021,M,reexposed,3d,GFPNegFOSPos,Z7A,4/1/2022,6/21/2022,1/13/2023
230126_518,518,3d_5,12/31/2021,M,reexposed,3d,GFPNegFOSPos,Z7A,4/1/2022,6/21/2022,1/13/2023
230126_519,519,3d_3,12/31/2021,M,reexposed,3d,GFPPos,ZA1,4/1/2022,6/3/2022,1/13/2023
230126_520,520,3d_3,12/31/2021,M,reexposed,3d,GFPPos,ZA1,4/1/2022,6/3/2022,1/13/2023
230126_521,521,3d_3,12/31/2021,M,reexposed,3d,GFPPos,ZA1,4/1/2022,6/3/2022,1/13/2023
230126_522,522,3d_3,12/31/2021,M,reexposed,3d,GFPPos,ZA1,4/1/2022,6/3/2022,1/13/2023
230126_523,523,3d_3,12/31/2021,M,reexposed,3d,GFPPos,ZA1,4/1/2022,6/3/2022,1/13/2023
230126_524,524,3d_3,12/31/2021,M,reexposed,3d,GFPPos,ZA1,4/1/2022,6/3/2022,1/13/2023
230126_525,525,3d_3,12/31/2021,M,reexposed,3d,GFPPos,ZA1,4/1/2022,6/3/2022,1/13/2023
230126_526,526,3d_3,12/31/2021,M,reexposed,3d,GFPPos,ZA1,4/1/2022,6/3/2022,1/13/2023
230126_527,527,3d_3,12/31/2021,M,reexposed,3d,GFPPos,ZA1,4/1/2022,6/3/2022,1/13/2023
230126_528,528,3d_3,12/31/2021,M,reexposed,3d,GFPPos,ZA1,4/1/2022,6/3/2022,1/13/2023
230126_529,529,3d_3,12/31/2021,M,reexposed,3d,GFPPos,ZA1,4/1/2022,6/3/2022,1/13/2023
230126_530,530,3d_3,12/31/2021,M,reexposed,3d,GFPPos,ZA1,4/1/2022,6/3/2022,1/13/2023
230126_531,531,3d_3,12/31/2021,M,reexposed,3d,GFPPos,ZA1,4/1/2022,6/3/2022,1/13/2023
230126_532,532,3d_3,12/31/2021,M,reexposed,3d,GFPPos,ZA1,4/1/2022,6/3/2022,1/13/2023
230126_533,533,3d_3,12/31/2021,M,reexposed,3d,GFPPos,ZA1,4/1/2022,6/3/2022,1/13/2023
230126_534,534,3d_3,12/31/2021,M,reexposed,3d,GFPPos,ZA1,4/1/2022,6/3/2022,1/13/2023
230126_535,535,3d_3,12/31/2021,M,reexposed,3d,GFPPos,ZA1,4/1/2022,6/3/2022,1/13/2023
230126_536,536,3d_3,12/31/2021,M,reexposed,3d,GFPPos,ZA1,4/1/2022,6/3/2022,1/13/2023
230126_537,537,3d_3,12/31/2021,M,reexposed,3d,GFPPos,ZA1,4/1/2022,6/3/2022,1/13/2023
230126_538,538,3d_3,12/31/2021,M,reexposed,3d,GFPPos,ZA1,4/1/2022,6/3/2022,1/13/2023
230126_539,539,3d_3,12/31/2021,M,reexposed,3d,GFPPos,ZA1,4/1/2022,6/3/2022,1/13/2023
230126_540,540,3d_3,12/31/2021,M,reexposed,3d,GFPPos,ZA1,4/1/2022,6/3/2022,1/13/2023
230126_541,541,3d_3,12/31/2021,M,reexposed,3d,GFPPos,ZA1,4/1/2022,6/3/2022,1/13/2023
230126_542,542,3d_3,12/31/2021,M,reexposed,3d,GFPPos,ZA1,4/1/2022,6/3/2022,1/13/2023
230126_543,543,3d_3,12/31/2021,M,reexposed,3d,GFPPos,ZA1,4/1/2022,6/3/2022,1/13/2023
230126_544,544,3d_3,12/31/2021,M,reexposed,3d,GFPPos,ZA1,4/1/2022,6/3/2022,1/13/2023
230126_545,545,3d_3,12/31/2021,M,reexposed,3d,GFPPos,ZA1,4/1/2022,6/3/2022,1/13/2023
230126_546,546,3d_3,12/31/2021,M,reexposed,3d,GFPPos,ZA1,4/1/2022,6/3/2022,1/13/2023
230126_547,547,3d_3,12/31/2021,M,reexposed,3d,GFPPos,ZA1,4/1/2022,6/3/2022,1/13/2023
230126_548,548,3d_3,12/31/2021,M,reexposed,3d,GFPPos,ZA1,4/1/2022,6/3/2022,1/13/2023
230126_549,549,3d_3,12/31/2021,M,reexposed,3d,GFPPos,ZA1,4/1/2022,6/3/2022,1/13/2023
230126_550,550,3d_3,12/31/2021,M,reexposed,3d,GFPPos,ZA1,4/1/2022,6/3/2022,1/13/2023
230126_551,551,3d_3,12/31/2021,M,reexposed,3d,GFPPos,ZA1,4/1/2022,6/3/2022,1/13/2023
230126_552,552,3d_3,12/31/2021,M,reexposed,3d,GFPPos,ZA1,4/1/2022,6/3/2022,1/13/2023
230126_553,553,3d_4,12/31/2021,M,reexposed,3d,GFPPos,Z78,4/1/2022,6/7/2022,1/13/2023
230126_554,554,3d_4,12/31/2021,M,reexposed,3d,GFPPos,Z78,4/1/2022,6/7/2022,1/13/2023
230126_555,555,3d_4,12/31/2021,M,reexposed,3d,GFPPos,Z78,4/1/2022,6/7/2022,1/13/2023
230126_556,556,3d_4,12/31/2021,M,reexposed,3d,GFPPos,Z78,4/1/2022,6/7/2022,1/13/2023
230126_557,557,3d_4,12/31/2021,M,reexposed,3d,GFPPos,Z78,4/1/2022,6/7/2022,1/13/2023
230126_558,558,3d_4,12/31/2021,M,reexposed,3d,GFPPos,Z78,4/1/2022,6/7/2022,1/13/2023
230126_559,559,3d_4,12/31/2021,M,reexposed,3d,GFPPos,Z78,4/1/2022,6/7/2022,1/13/2023
230126_560,560,3d_4,12/31/2021,M,reexposed,3d,GFPPos,Z78,4/1/2022,6/7/2022,1/13/2023
230126_561,561,3d_4,12/31/2021,M,reexposed,3d,GFPPos,Z78,4/1/2022,6/7/2022,1/13/2023
230126_562,562,3d_4,12/31/2021,M,reexposed,3d,GFPPos,Z78,4/1/2022,6/7/2022,1/13/2023
230126_563,563,3d_4,12/31/2021,M,reexposed,3d,GFPPos,Z78,4/1/2022,6/7/2022,1/13/2023
230126_564,564,3d_4,12/31/2021,M,reexposed,3d,GFPPos,Z78,4/1/2022,6/7/2022,1/13/2023
230126_565,565,3d_4,12/31/2021,M,reexposed,3d,GFPPos,Z78,4/1/2022,6/7/2022,1/13/2023
230126_566,566,3d_4,12/31/2021,M,reexposed,3d,GFPPos,Z78,4/1/2022,6/7/2022,1/13/2023
230126_567,567,3d_4,12/31/2021,M,reexposed,3d,GFPPos,Z78,4/1/2022,6/7/2022,1/13/2023
230126_568,568,3d_4,12/31/2021,M,reexposed,3d,GFPPos,Z78,4/1/2022,6/7/2022,1/13/2023
230126_569,569,3d_5,12/31/2021,M,reexposed,3d,GFPPos,Z7A,4/1/2022,6/21/2022,1/13/2023
230126_570,570,3d_5,12/31/2021,M,reexposed,3d,GFPPos,Z7A,4/1/2022,6/21/2022,1/13/2023
230126_571,571,3d_5,12/31/2021,M,reexposed,3d,GFPPos,Z7A,4/1/2022,6/21/2022,1/13/2023
230126_572,572,3d_5,12/31/2021,M,reexposed,3d,GFPPos,Z7A,4/1/2022,6/21/2022,1/13/2023
230126_573,573,3d_5,12/31/2021,M,reexposed,3d,GFPPos,Z7A,4/1/2022,6/21/2022,1/13/2023
230126_574,574,3d_5,12/31/2021,M,reexposed,3d,GFPPos,Z7A,4/1/2022,6/21/2022,1/13/2023
230126_575,575,3d_5,12/31/2021,M,reexposed,3d,GFPPos,Z7A,4/1/2022,6/21/2022,1/13/2023
230126_576,576,3d_5,12/31/2021,M,reexposed,3d,GFPPos,Z7A,4/1/2022,6/21/2022,1/13/2023
230126_577,577,3d_5,12/31/2021,M,reexposed,3d,GFPPos,Z7A,4/1/2022,6/21/2022,1/13/2023
230126_578,578,3d_5,12/31/2021,M,reexposed,3d,GFPPos,Z7A,4/1/2022,6/21/2022,1/13/2023
230126_579,579,3d_5,12/31/2021,M,reexposed,3d,GFPPos,Z7A,4/1/2022,6/21/2022,1/13/2023
230126_580,580,3d_5,12/31/2021,M,reexposed,3d,GFPPos,Z7A,4/1/2022,6/21/2022,1/13/2023
230126_581,581,3d_5,12/31/2021,M,reexposed,3d,GFPPos,Z7A,4/1/2022,6/21/2022,1/13/2023
230126_582,582,3d_5,12/31/2021,M,reexposed,3d,GFPPos,Z7A,4/1/2022,6/21/2022,1/13/2023
230126_583,583,3d_5,12/31/2021,M,reexposed,3d,GFPPos,Z7A,4/1/2022,6/21/2022,1/13/2023
230126_584,584,3d_5,12/31/2021,M,reexposed,3d,GFPPos,Z7A,4/1/2022,6/21/2022,1/13/2023
230126_585,585,3d_5,12/31/2021,M,reexposed,3d,GFPPos,Z7A,4/1/2022,6/21/2022,1/13/2023
230126_586,586,3d_5,12/31/2021,M,reexposed,3d,GFPPos,Z7A,4/1/2022,6/21/2022,1/13/2023
230126_587,587,3d_5,12/31/2021,M,reexposed,3d,GFPPos,Z7A,4/1/2022,6/21/2022,1/13/2023
230126_588,588,3d_5,12/31/2021,M,reexposed,3d,GFPPos,Z7A,4/1/2022,6/21/2022,1/13/2023
230126_589,589,3d_5,12/31/2021,M,reexposed,3d,GFPPos,Z7A,4/1/2022,6/21/2022,1/13/2023
230126_590,590,3d_5,12/31/2021,M,reexposed,3d,GFPPos,Z7A,4/1/2022,6/21/2022,1/13/2023
230126_591,591,3d_5,12/31/2021,M,reexposed,3d,GFPPos,Z7A,4/1/2022,6/21/2022,1/13/2023
230126_592,592,3d_5,12/31/2021,M,reexposed,3d,GFPPos,Z7A,4/1/2022,6/21/2022,1/13/2023
230126_593,593,3d_5,12/31/2021,M,reexposed,3d,GFPPos,Z7A,4/1/2022,6/21/2022,1/13/2023
230126_594,594,3d_5,12/31/2021,M,reexposed,3d,GFPPos,Z7A,4/1/2022,6/21/2022,1/13/2023
230126_595,595,3d_5,12/31/2021,M,reexposed,3d,GFPPos,Z7A,4/1/2022,6/21/2022,1/13/2023
230126_596,596,3d_5,12/31/2021,M,reexposed,3d,GFPPos,Z7A,4/1/2022,6/21/2022,1/13/2023
230126_597,597,3d_5,12/31/2021,M,reexposed,3d,GFPPos,Z7A,4/1/2022,6/21/2022,1/13/2023
230126_598,598,3d_5,12/31/2021,M,reexposed,3d,GFPPos,Z7A,4/1/2022,6/21/2022,1/13/2023
230126_599,599,3d_5,12/31/2021,M,reexposed,3d,GFPPos,Z7A,4/1/2022,6/21/2022,1/13/2023
230126_600,600,3d_5,12/31/2021,M,reexposed,3d,GFPPos,Z7A,4/1/2022,6/21/2022,1/13/2023
230126_601,601,3d_5,12/31/2021,M,reexposed,3d,GFPPos,Z7A,4/1/2022,6/21/2022,1/13/2023
230126_602,602,3d_5,12/31/2021,M,reexposed,3d,GFPPos,Z7A,4/1/2022,6/21/2022,1/13/2023
230126_603,603,3d_5,12/31/2021,M,reexposed,3d,GFPPos,Z7A,4/1/2022,6/21/2022,1/13/2023
230126_604,604,3d_5,12/31/2021,M,reexposed,3d,GFPPos,Z7A,4/1/2022,6/21/2022,1/13/2023
230126_605,605,3d_5,12/31/2021,M,reexposed,3d,GFPPos,Z7A,4/1/2022,6/21/2022,1/13/2023
230126_606,606,3d_5,12/31/2021,M,reexposed,3d,GFPPos,Z7A,4/1/2022,6/21/2022,1/13/2023
230126_607,607,3d_5,12/31/2021,M,reexposed,3d,GFPPos,Z7A,4/1/2022,6/21/2022,1/13/2023
230126_608,608,3d_5,12/31/2021,M,reexposed,3d,GFPPos,Z7A,4/1/2022,6/21/2022,1/13/2023
230126_609,609,3d_5,12/31/2021,M,reexposed,3d,GFPPos,Z7A,4/1/2022,6/21/2022,1/13/2023
230126_610,610,3d_5,12/31/2021,M,reexposed,3d,GFPPos,Z7A,4/1/2022,6/21/2022,1/13/2023
230126_611,611,3d_5,12/31/2021,M,reexposed,3d,GFPPos,Z7A,4/1/2022,6/21/2022,1/13/2023
230126_612,612,3d_5,12/31/2021,M,reexposed,3d,GFPPos,Z7A,4/1/2022,6/21/2022,1/13/2023
230126_925,925,7d_1,1/3/2022,M,reexposed,7d,GFPNegFOSNeg,76,4/15/2022,12/22/2022,1/24/2023
230126_926,926,7d_1,1/3/2022,M,reexposed,7d,GFPNegFOSNeg,76,4/15/2022,12/22/2022,1/24/2023
230126_927,927,7d_1,1/3/2022,M,reexposed,7d,GFPNegFOSNeg,76,4/15/2022,12/22/2022,1/24/2023
230126_928,928,7d_1,1/3/2022,M,reexposed,7d,GFPNegFOSNeg,76,4/15/2022,12/22/2022,1/24/2023
230126_929,929,7d_1,1/3/2022,M,reexposed,7d,GFPNegFOSNeg,76,4/15/2022,12/22/2022,1/24/2023
230126_930,930,7d_1,1/3/2022,M,reexposed,7d,GFPNegFOSNeg,76,4/15/2022,12/22/2022,1/24/2023
230126_931,931,7d_1,1/3/2022,M,reexposed,7d,GFPNegFOSNeg,76,4/15/2022,12/22/2022,1/24/2023
230126_932,932,7d_1,1/3/2022,M,reexposed,7d,GFPNegFOSNeg,76,4/15/2022,12/22/2022,1/24/2023
230126_933,933,7d_1,1/3/2022,M,reexposed,7d,GFPNegFOSNeg,76,4/15/2022,12/22/2022,1/24/2023
230126_934,934,7d_1,1/3/2022,M,reexposed,7d,GFPNegFOSNeg,76,4/15/2022,12/22/2022,1/24/2023
230126_935,935,7d_1,1/3/2022,M,reexposed,7d,GFPNegFOSNeg,76,4/15/2022,12/22/2022,1/24/2023
230126_936,936,7d_1,1/3/2022,M,reexposed,7d,GFPNegFOSNeg,76,4/15/2022,12/22/2022,1/24/2023
230126_937,937,7d_1,1/3/2022,M,reexposed,7d,GFPNegFOSNeg,76,4/15/2022,12/22/2022,1/24/2023
230126_938,938,7d_1,1/3/2022,M,reexposed,7d,GFPNegFOSNeg,76,4/15/2022,12/22/2022,1/24/2023
230126_939,939,7d_1,1/3/2022,M,reexposed,7d,GFPNegFOSNeg,76,4/15/2022,12/22/2022,1/24/2023
230126_940,940,7d_1,1/3/2022,M,reexposed,7d,GFPNegFOSNeg,76,4/15/2022,12/22/2022,1/24/2023
230126_941,941,7d_1,1/3/2022,M,reexposed,7d,GFPNegFOSNeg,76,4/15/2022,12/22/2022,1/24/2023
230126_942,942,7d_1,1/3/2022,M,reexposed,7d,GFPNegFOSNeg,76,4/15/2022,12/22/2022,1/24/2023
230126_943,943,7d_1,1/3/2022,M,reexposed,7d,GFPNegFOSNeg,76,4/15/2022,12/22/2022,1/24/2023
230126_944,944,7d_1,1/3/2022,M,reexposed,7d,GFPNegFOSNeg,76,4/15/2022,12/22/2022,1/24/2023
230126_945,945,7d_1,1/3/2022,M,reexposed,7d,GFPNegFOSNeg,77,4/15/2022,5/26/2022,1/24/2023
230126_946,946,7d_1,1/3/2022,M,reexposed,7d,GFPNegFOSNeg,77,4/15/2022,5/26/2022,1/24/2023
230126_947,947,7d_1,1/3/2022,M,reexposed,7d,GFPNegFOSNeg,77,4/15/2022,5/26/2022,1/24/2023
230126_948,948,7d_1,1/3/2022,M,reexposed,7d,GFPNegFOSNeg,77,4/15/2022,5/26/2022,1/24/2023
230126_949,949,7d_1,1/3/2022,M,reexposed,7d,GFPNegFOSNeg,77,4/15/2022,5/26/2022,1/24/2023
230126_950,950,7d_1,1/3/2022,M,reexposed,7d,GFPNegFOSNeg,77,4/15/2022,5/26/2022,1/24/2023
230126_951,951,7d_1,1/3/2022,M,reexposed,7d,GFPNegFOSNeg,77,4/15/2022,5/26/2022,1/24/2023
230126_952,952,7d_1,1/3/2022,M,reexposed,7d,GFPNegFOSNeg,77,4/15/2022,5/26/2022,1/24/2023
230126_953,953,7d_1,1/3/2022,M,reexposed,7d,GFPNegFOSNeg,77,4/15/2022,5/26/2022,1/24/2023
230126_954,954,7d_1,1/3/2022,M,reexposed,7d,GFPNegFOSNeg,77,4/15/2022,5/26/2022,1/24/2023
230126_955,955,7d_1,1/3/2022,M,reexposed,7d,GFPNegFOSNeg,77,4/15/2022,5/26/2022,1/24/2023
230126_956,956,7d_1,1/3/2022,M,reexposed,7d,GFPNegFOSNeg,77,4/15/2022,5/26/2022,1/24/2023
230126_957,957,7d_1,1/3/2022,M,reexposed,7d,GFPNegFOSNeg,77,4/15/2022,5/26/2022,1/24/2023
230126_958,958,7d_1,1/3/2022,M,reexposed,7d,GFPNegFOSNeg,77,4/15/2022,5/26/2022,1/24/2023
230126_959,959,7d_1,1/3/2022,M,reexposed,7d,GFPNegFOSNeg,77,4/15/2022,5/26/2022,1/24/2023
230126_960,960,7d_1,1/3/2022,M,reexposed,7d,GFPNegFOSNeg,77,4/15/2022,5/26/2022,1/24/2023
230126_961,961,7d_1,1/3/2022,M,reexposed,7d,GFPNegFOSNeg,77,4/15/2022,5/26/2022,1/24/2023
230126_962,962,7d_1,1/3/2022,M,reexposed,7d,GFPNegFOSNeg,77,4/15/2022,5/26/2022,1/24/2023
230126_963,963,7d_1,1/3/2022,M,reexposed,7d,GFPNegFOSNeg,77,4/15/2022,5/26/2022,1/24/2023
230126_964,964,7d_1,1/3/2022,M,reexposed,7d,GFPNegFOSNeg,77,4/15/2022,5/26/2022,1/24/2023
230126_965,965,7d_2,1/3/2022,M,reexposed,7d,GFPNegFOSNeg,79,4/15/2022,6/8/2022,1/24/2023
230126_966,966,7d_2,1/3/2022,M,reexposed,7d,GFPNegFOSNeg,79,4/15/2022,6/8/2022,1/24/2023
230126_967,967,7d_2,1/3/2022,M,reexposed,7d,GFPNegFOSNeg,79,4/15/2022,6/8/2022,1/24/2023
230126_968,968,7d_2,1/3/2022,M,reexposed,7d,GFPNegFOSNeg,79,4/15/2022,6/8/2022,1/24/2023
230126_969,969,7d_2,1/3/2022,M,reexposed,7d,GFPNegFOSNeg,79,4/15/2022,6/8/2022,1/24/2023
230126_970,970,7d_2,1/3/2022,M,reexposed,7d,GFPNegFOSNeg,79,4/15/2022,6/8/2022,1/24/2023
230126_971,971,7d_2,1/3/2022,M,reexposed,7d,GFPNegFOSNeg,79,4/15/2022,6/8/2022,1/24/2023
230126_972,972,7d_2,1/3/2022,M,reexposed,7d,GFPNegFOSNeg,79,4/15/2022,6/8/2022,1/24/2023
230126_973,973,7d_2,1/3/2022,M,reexposed,7d,GFPNegFOSNeg,79,4/15/2022,6/8/2022,1/24/2023
230126_974,974,7d_2,1/3/2022,M,reexposed,7d,GFPNegFOSNeg,79,4/15/2022,6/8/2022,1/24/2023
230126_975,975,7d_2,1/3/2022,M,reexposed,7d,GFPNegFOSNeg,79,4/15/2022,6/8/2022,1/24/2023
230126_976,976,7d_2,1/3/2022,M,reexposed,7d,GFPNegFOSNeg,79,4/15/2022,6/8/2022,1/24/2023
230126_977,977,7d_2,1/3/2022,M,reexposed,7d,GFPNegFOSNeg,79,4/15/2022,6/8/2022,1/24/2023
230126_978,978,7d_2,1/3/2022,M,reexposed,7d,GFPNegFOSNeg,79,4/15/2022,6/8/2022,1/24/2023
230126_979,979,7d_2,1/3/2022,M,reexposed,7d,GFPNegFOSNeg,79,4/15/2022,6/8/2022,1/24/2023
230126_980,980,7d_2,1/3/2022,M,reexposed,7d,GFPNegFOSNeg,79,4/15/2022,6/8/2022,1/24/2023
230126_981,981,7d_2,1/3/2022,M,reexposed,7d,GFPNegFOSNeg,79,4/15/2022,6/8/2022,1/24/2023
230126_982,982,7d_2,1/3/2022,M,reexposed,7d,GFPNegFOSNeg,79,4/15/2022,6/8/2022,1/24/2023
230126_983,983,7d_2,1/3/2022,M,reexposed,7d,GFPNegFOSNeg,79,4/15/2022,6/8/2022,1/24/2023
230126_984,984,7d_2,1/3/2022,M,reexposed,7d,GFPNegFOSNeg,79,4/15/2022,6/8/2022,1/24/2023
230126_985,985,7d_2,1/3/2022,M,reexposed,7d,GFPNegFOSNeg,79,4/15/2022,6/8/2022,1/24/2023
230126_986,986,7d_2,1/3/2022,M,reexposed,7d,GFPNegFOSNeg,79,4/15/2022,6/8/2022,1/24/2023
230126_987,987,7d_1,1/3/2022,M,reexposed,7d,GFPNegFOSPos,76,4/15/2022,12/22/2022,1/24/2023
230126_988,988,7d_1,1/3/2022,M,reexposed,7d,GFPNegFOSPos,76,4/15/2022,12/22/2022,1/24/2023
230126_989,989,7d_1,1/3/2022,M,reexposed,7d,GFPNegFOSPos,76,4/15/2022,12/22/2022,1/24/2023
230126_990,990,7d_1,1/3/2022,M,reexposed,7d,GFPNegFOSPos,76,4/15/2022,12/22/2022,1/24/2023
230126_991,991,7d_1,1/3/2022,M,reexposed,7d,GFPNegFOSPos,76,4/15/2022,12/22/2022,1/24/2023
230126_992,992,7d_1,1/3/2022,M,reexposed,7d,GFPNegFOSPos,76,4/15/2022,12/22/2022,1/24/2023
230126_993,993,7d_1,1/3/2022,M,reexposed,7d,GFPNegFOSPos,76,4/15/2022,12/22/2022,1/24/2023
230126_994,994,7d_1,1/3/2022,M,reexposed,7d,GFPNegFOSPos,76,4/15/2022,12/22/2022,1/24/2023
230126_995,995,7d_1,1/3/2022,M,reexposed,7d,GFPNegFOSPos,76,4/15/2022,12/22/2022,1/24/2023
230126_996,996,7d_1,1/3/2022,M,reexposed,7d,GFPNegFOSPos,76,4/15/2022,12/22/2022,1/24/2023
230126_997,997,7d_1,1/3/2022,M,reexposed,7d,GFPNegFOSPos,76,4/15/2022,12/22/2022,1/24/2023
230126_998,998,7d_1,1/3/2022,M,reexposed,7d,GFPNegFOSPos,76,4/15/2022,12/22/2022,1/24/2023
230126_999,999,7d_1,1/3/2022,M,reexposed,7d,GFPNegFOSPos,76,4/15/2022,12/22/2022,1/24/2023
230126_1000,1000,7d_1,1/3/2022,M,reexposed,7d,GFPNegFOSPos,76,4/15/2022,12/22/2022,1/24/2023
230126_1001,1001,7d_1,1/3/2022,M,reexposed,7d,GFPNegFOSPos,76,4/15/2022,12/22/2022,1/24/2023
230126_1002,1002,7d_1,1/3/2022,M,reexposed,7d,GFPNegFOSPos,76,4/15/2022,12/22/2022,1/24/2023
230126_1003,1003,7d_1,1/3/2022,M,reexposed,7d,GFPNegFOSPos,76,4/15/2022,12/22/2022,1/24/2023
230126_1004,1004,7d_1,1/3/2022,M,reexposed,7d,GFPNegFOSPos,76,4/15/2022,12/22/2022,1/24/2023
230126_1005,1005,7d_1,1/3/2022,M,reexposed,7d,GFPNegFOSPos,76,4/15/2022,12/22/2022,1/24/2023
230126_1006,1006,7d_1,1/3/2022,M,reexposed,7d,GFPNegFOSPos,76,4/15/2022,12/22/2022,1/24/2023
230126_1007,1007,7d_1,1/3/2022,M,reexposed,7d,GFPNegFOSPos,76,4/15/2022,12/22/2022,1/24/2023
230126_1008,1008,7d_1,1/3/2022,M,reexposed,7d,GFPNegFOSPos,76,4/15/2022,12/22/2022,1/24/2023
230126_1009,1009,7d_1,1/3/2022,M,reexposed,7d,GFPNegFOSPos,76,4/15/2022,12/22/2022,1/24/2023
230126_1010,1010,7d_1,1/3/2022,M,reexposed,7d,GFPNegFOSPos,76,4/15/2022,12/22/2022,1/24/2023
230126_1011,1011,7d_1,1/3/2022,M,reexposed,7d,GFPNegFOSPos,76,4/15/2022,12/22/2022,1/24/2023
230126_1012,1012,7d_1,1/3/2022,M,reexposed,7d,GFPNegFOSPos,76,4/15/2022,12/22/2022,1/24/2023
230126_1013,1013,7d_1,1/3/2022,M,reexposed,7d,GFPNegFOSPos,77,4/15/2022,5/26/2022,1/24/2023
230126_1014,1014,7d_1,1/3/2022,M,reexposed,7d,GFPNegFOSPos,77,4/15/2022,5/26/2022,1/24/2023
230126_1015,1015,7d_1,1/3/2022,M,reexposed,7d,GFPNegFOSPos,77,4/15/2022,5/26/2022,1/24/2023
230126_1016,1016,7d_1,1/3/2022,M,reexposed,7d,GFPNegFOSPos,77,4/15/2022,5/26/2022,1/24/2023
230126_1017,1017,7d_1,1/3/2022,M,reexposed,7d,GFPNegFOSPos,77,4/15/2022,5/26/2022,1/24/2023
230126_1018,1018,7d_1,1/3/2022,M,reexposed,7d,GFPNegFOSPos,77,4/15/2022,5/26/2022,1/24/2023
230126_1019,1019,7d_1,1/3/2022,M,reexposed,7d,GFPNegFOSPos,77,4/15/2022,5/26/2022,1/24/2023
230126_1020,1020,7d_1,1/3/2022,M,reexposed,7d,GFPNegFOSPos,77,4/15/2022,5/26/2022,1/24/2023
230126_1021,1021,7d_1,1/3/2022,M,reexposed,7d,GFPNegFOSPos,77,4/15/2022,5/26/2022,1/24/2023
230126_1022,1022,7d_1,1/3/2022,M,reexposed,7d,GFPNegFOSPos,77,4/15/2022,5/26/2022,1/24/2023
230126_1023,1023,7d_1,1/3/2022,M,reexposed,7d,GFPNegFOSPos,77,4/15/2022,5/26/2022,1/24/2023
230126_1024,1024,7d_1,1/3/2022,M,reexposed,7d,GFPNegFOSPos,77,4/15/2022,5/26/2022,1/24/2023
230126_1025,1025,7d_1,1/3/2022,M,reexposed,7d,GFPNegFOSPos,77,4/15/2022,5/26/2022,1/24/2023
230126_1026,1026,7d_1,1/3/2022,M,reexposed,7d,GFPNegFOSPos,77,4/15/2022,5/26/2022,1/24/2023
230126_1027,1027,7d_1,1/3/2022,M,reexposed,7d,GFPNegFOSPos,77,4/15/2022,5/26/2022,1/24/2023
230126_1028,1028,7d_1,1/3/2022,M,reexposed,7d,GFPNegFOSPos,77,4/15/2022,5/26/2022,1/24/2023
230126_1029,1029,7d_1,1/3/2022,M,reexposed,7d,GFPNegFOSPos,77,4/15/2022,5/26/2022,1/24/2023
230126_1030,1030,7d_1,1/3/2022,M,reexposed,7d,GFPNegFOSPos,77,4/15/2022,5/26/2022,1/24/2023
230126_1031,1031,7d_1,1/3/2022,M,reexposed,7d,GFPNegFOSPos,77,4/15/2022,5/26/2022,1/24/2023
230126_1032,1032,7d_1,1/3/2022,M,reexposed,7d,GFPNegFOSPos,77,4/15/2022,5/26/2022,1/24/2023
230126_1033,1033,7d_1,1/3/2022,M,reexposed,7d,GFPNegFOSPos,77,4/15/2022,5/26/2022,1/24/2023
230126_1034,1034,7d_1,1/3/2022,M,reexposed,7d,GFPNegFOSPos,77,4/15/2022,5/26/2022,1/24/2023
230126_1035,1035,7d_1,1/3/2022,M,reexposed,7d,GFPNegFOSPos,77,4/15/2022,5/26/2022,1/24/2023
230126_1036,1036,7d_1,1/3/2022,M,reexposed,7d,GFPNegFOSPos,77,4/15/2022,5/26/2022,1/24/2023
230126_1037,1037,7d_2,1/3/2022,M,reexposed,7d,GFPNegFOSPos,79,4/15/2022,6/8/2022,1/24/2023
230126_1038,1038,7d_2,1/3/2022,M,reexposed,7d,GFPNegFOSPos,79,4/15/2022,6/8/2022,1/24/2023
230126_1039,1039,7d_2,1/3/2022,M,reexposed,7d,GFPNegFOSPos,79,4/15/2022,6/8/2022,1/24/2023
230126_1040,1040,7d_2,1/3/2022,M,reexposed,7d,GFPNegFOSPos,79,4/15/2022,6/8/2022,1/24/2023
230126_1041,1041,7d_2,1/3/2022,M,reexposed,7d,GFPNegFOSPos,79,4/15/2022,6/8/2022,1/24/2023
230126_1042,1042,7d_2,1/3/2022,M,reexposed,7d,GFPNegFOSPos,79,4/15/2022,6/8/2022,1/24/2023
230126_1043,1043,7d_2,1/3/2022,M,reexposed,7d,GFPNegFOSPos,79,4/15/2022,6/8/2022,1/24/2023
230126_1044,1044,7d_2,1/3/2022,M,reexposed,7d,GFPNegFOSPos,79,4/15/2022,6/8/2022,1/24/2023
230126_1045,1045,7d_2,1/3/2022,M,reexposed,7d,GFPNegFOSPos,79,4/15/2022,6/8/2022,1/24/2023
230126_1046,1046,7d_2,1/3/2022,M,reexposed,7d,GFPNegFOSPos,79,4/15/2022,6/8/2022,1/24/2023
230126_1047,1047,7d_2,1/3/2022,M,reexposed,7d,GFPNegFOSPos,79,4/15/2022,6/8/2022,1/24/2023
230126_1048,1048,7d_2,1/3/2022,M,reexposed,7d,GFPNegFOSPos,79,4/15/2022,6/8/2022,1/24/2023
230126_1049,1049,7d_2,1/3/2022,M,reexposed,7d,GFPNegFOSPos,79,4/15/2022,6/8/2022,1/24/2023
230126_1050,1050,7d_2,1/3/2022,M,reexposed,7d,GFPNegFOSPos,79,4/15/2022,6/8/2022,1/24/2023
230126_1051,1051,7d_2,1/3/2022,M,reexposed,7d,GFPNegFOSPos,79,4/15/2022,6/8/2022,1/24/2023
230126_1052,1052,7d_2,1/3/2022,M,reexposed,7d,GFPNegFOSPos,79,4/15/2022,6/8/2022,1/24/2023
230126_1053,1053,7d_2,1/3/2022,M,reexposed,7d,GFPNegFOSPos,79,4/15/2022,6/8/2022,1/24/2023
230126_1054,1054,7d_2,1/3/2022,M,reexposed,7d,GFPNegFOSPos,79,4/15/2022,6/8/2022,1/24/2023
230126_1055,1055,7d_2,1/3/2022,M,reexposed,7d,GFPNegFOSPos,79,4/15/2022,6/8/2022,1/24/2023
230126_1056,1056,7d_2,1/3/2022,M,reexposed,7d,GFPNegFOSPos,79,4/15/2022,6/8/2022,1/24/2023
230126_1057,1057,7d_2,1/3/2022,M,reexposed,7d,GFPNegFOSPos,79,4/15/2022,6/8/2022,1/24/2023
230126_1058,1058,7d_2,1/3/2022,M,reexposed,7d,GFPNegFOSPos,79,4/15/2022,6/8/2022,1/24/2023
230126_1059,1059,7d_1,1/3/2022,M,reexposed,7d,GFPPos,76,4/15/2022,12/22/2022,1/24/2023
230126_1060,1060,7d_1,1/3/2022,M,reexposed,7d,GFPPos,76,4/15/2022,12/22/2022,1/24/2023
230126_1061,1061,7d_1,1/3/2022,M,reexposed,7d,GFPPos,76,4/15/2022,12/22/2022,1/24/2023
230126_1062,1062,7d_1,1/3/2022,M,reexposed,7d,GFPPos,76,4/15/2022,12/22/2022,1/24/2023
230126_1063,1063,7d_1,1/3/2022,M,reexposed,7d,GFPPos,76,4/15/2022,12/22/2022,1/24/2023
230126_1064,1064,7d_1,1/3/2022,M,reexposed,7d,GFPPos,76,4/15/2022,12/22/2022,1/24/2023
230126_1065,1065,7d_1,1/3/2022,M,reexposed,7d,GFPPos,76,4/15/2022,12/22/2022,1/24/2023
230126_1066,1066,7d_1,1/3/2022,M,reexposed,7d,GFPPos,76,4/15/2022,12/22/2022,1/24/2023
230126_1067,1067,7d_1,1/3/2022,M,reexposed,7d,GFPPos,76,4/15/2022,12/22/2022,1/24/2023
230126_1068,1068,7d_1,1/3/2022,M,reexposed,7d,GFPPos,76,4/15/2022,12/22/2022,1/24/2023
230126_1069,1069,7d_1,1/3/2022,M,reexposed,7d,GFPPos,76,4/15/2022,12/22/2022,1/24/2023
230126_1070,1070,7d_1,1/3/2022,M,reexposed,7d,GFPPos,76,4/15/2022,12/22/2022,1/24/2023
230126_1071,1071,7d_1,1/3/2022,M,reexposed,7d,GFPPos,76,4/15/2022,12/22/2022,1/24/2023
230126_1072,1072,7d_1,1/3/2022,M,reexposed,7d,GFPPos,76,4/15/2022,12/22/2022,1/24/2023
230126_1073,1073,7d_1,1/3/2022,M,reexposed,7d,GFPPos,76,4/15/2022,12/22/2022,1/24/2023
230126_1074,1074,7d_1,1/3/2022,M,reexposed,7d,GFPPos,76,4/15/2022,12/22/2022,1/24/2023
230126_1075,1075,7d_1,1/3/2022,M,reexposed,7d,GFPPos,76,4/15/2022,12/22/2022,1/24/2023
230126_1076,1076,7d_1,1/3/2022,M,reexposed,7d,GFPPos,76,4/15/2022,12/22/2022,1/24/2023
230126_1077,1077,7d_1,1/3/2022,M,reexposed,7d,GFPPos,76,4/15/2022,12/22/2022,1/24/2023
230126_1078,1078,7d_1,1/3/2022,M,reexposed,7d,GFPPos,76,4/15/2022,12/22/2022,1/24/2023
230126_1079,1079,7d_1,1/3/2022,M,reexposed,7d,GFPPos,76,4/15/2022,12/22/2022,1/24/2023
230126_1080,1080,7d_1,1/3/2022,M,reexposed,7d,GFPPos,76,4/15/2022,12/22/2022,1/24/2023
230126_1081,1081,7d_1,1/3/2022,M,reexposed,7d,GFPPos,76,4/15/2022,12/22/2022,1/24/2023
230126_1082,1082,7d_1,1/3/2022,M,reexposed,7d,GFPPos,76,4/15/2022,12/22/2022,1/24/2023
230126_1083,1083,7d_1,1/3/2022,M,reexposed,7d,GFPPos,76,4/15/2022,12/22/2022,1/24/2023
230126_1084,1084,7d_1,1/3/2022,M,reexposed,7d,GFPPos,76,4/15/2022,12/22/2022,1/24/2023
230126_1085,1085,7d_1,1/3/2022,M,reexposed,7d,GFPPos,76,4/15/2022,12/22/2022,1/24/2023
230126_1086,1086,7d_1,1/3/2022,M,reexposed,7d,GFPPos,76,4/15/2022,12/22/2022,1/24/2023
230126_1087,1087,7d_1,1/3/2022,M,reexposed,7d,GFPPos,76,4/15/2022,12/22/2022,1/24/2023
230126_1088,1088,7d_1,1/3/2022,M,reexposed,7d,GFPPos,76,4/15/2022,12/22/2022,1/24/2023
230126_1089,1089,7d_1,1/3/2022,M,reexposed,7d,GFPPos,76,4/15/2022,12/22/2022,1/24/2023
230126_1090,1090,7d_1,1/3/2022,M,reexposed,7d,GFPPos,76,4/15/2022,12/22/2022,1/24/2023
230126_1091,1091,7d_1,1/3/2022,M,reexposed,7d,GFPPos,77,4/15/2022,5/26/2022,1/24/2023
230126_1092,1092,7d_1,1/3/2022,M,reexposed,7d,GFPPos,77,4/15/2022,5/26/2022,1/24/2023
230126_1093,1093,7d_1,1/3/2022,M,reexposed,7d,GFPPos,77,4/15/2022,5/26/2022,1/24/2023
230126_1094,1094,7d_1,1/3/2022,M,reexposed,7d,GFPPos,77,4/15/2022,5/26/2022,1/24/2023
230126_1095,1095,7d_1,1/3/2022,M,reexposed,7d,GFPPos,77,4/15/2022,5/26/2022,1/24/2023
230126_1096,1096,7d_1,1/3/2022,M,reexposed,7d,GFPPos,77,4/15/2022,5/26/2022,1/24/2023
230126_1097,1097,7d_1,1/3/2022,M,reexposed,7d,GFPPos,77,4/15/2022,5/26/2022,1/24/2023
230126_1098,1098,7d_1,1/3/2022,M,reexposed,7d,GFPPos,77,4/15/2022,5/26/2022,1/24/2023
230126_1099,1099,7d_1,1/3/2022,M,reexposed,7d,GFPPos,77,4/15/2022,5/26/2022,1/24/2023
230126_1100,1100,7d_1,1/3/2022,M,reexposed,7d,GFPPos,77,4/15/2022,5/26/2022,1/24/2023
230126_1101,1101,7d_1,1/3/2022,M,reexposed,7d,GFPPos,77,4/15/2022,5/26/2022,1/24/2023
230126_1102,1102,7d_1,1/3/2022,M,reexposed,7d,GFPPos,77,4/15/2022,5/26/2022,1/24/2023
230126_1103,1103,7d_1,1/3/2022,M,reexposed,7d,GFPPos,77,4/15/2022,5/26/2022,1/24/2023
230126_1104,1104,7d_1,1/3/2022,M,reexposed,7d,GFPPos,77,4/15/2022,5/26/2022,1/24/2023
230126_1105,1105,7d_1,1/3/2022,M,reexposed,7d,GFPPos,77,4/15/2022,5/26/2022,1/24/2023
230126_1106,1106,7d_1,1/3/2022,M,reexposed,7d,GFPPos,77,4/15/2022,5/26/2022,1/24/2023
230126_1107,1107,7d_1,1/3/2022,M,reexposed,7d,GFPPos,77,4/15/2022,5/26/2022,1/24/2023
230126_1108,1108,7d_1,1/3/2022,M,reexposed,7d,GFPPos,77,4/15/2022,5/26/2022,1/24/2023
230126_1109,1109,7d_1,1/3/2022,M,reexposed,7d,GFPPos,77,4/15/2022,5/26/2022,1/24/2023
230126_1110,1110,7d_1,1/3/2022,M,reexposed,7d,GFPPos,77,4/15/2022,5/26/2022,1/24/2023
230126_1111,1111,7d_1,1/3/2022,M,reexposed,7d,GFPPos,77,4/15/2022,5/26/2022,1/24/2023
230126_1112,1112,7d_1,1/3/2022,M,reexposed,7d,GFPPos,77,4/15/2022,5/26/2022,1/24/2023
230126_1113,1113,7d_1,1/3/2022,M,reexposed,7d,GFPPos,77,4/15/2022,5/26/2022,1/24/2023
230126_1114,1114,7d_1,1/3/2022,M,reexposed,7d,GFPPos,77,4/15/2022,5/26/2022,1/24/2023
230126_1115,1115,7d_1,1/3/2022,M,reexposed,7d,GFPPos,77,4/15/2022,5/26/2022,1/24/2023
230126_1116,1116,7d_1,1/3/2022,M,reexposed,7d,GFPPos,77,4/15/2022,5/26/2022,1/24/2023
230126_1117,1117,7d_1,1/3/2022,M,reexposed,7d,GFPPos,77,4/15/2022,5/26/2022,1/24/2023
230126_1118,1118,7d_1,1/3/2022,M,reexposed,7d,GFPPos,77,4/15/2022,5/26/2022,1/24/2023
230126_1119,1119,7d_1,1/3/2022,M,reexposed,7d,GFPPos,77,4/15/2022,5/26/2022,1/24/2023
230126_1120,1120,7d_1,1/3/2022,M,reexposed,7d,GFPPos,77,4/15/2022,5/26/2022,1/24/2023
230126_1121,1121,7d_2,1/3/2022,M,reexposed,7d,GFPPos,79,4/15/2022,6/8/2022,1/24/2023
230126_1122,1122,7d_2,1/3/2022,M,reexposed,7d,GFPPos,79,4/15/2022,6/8/2022,1/24/2023
230126_1123,1123,7d_2,1/3/2022,M,reexposed,7d,GFPPos,79,4/15/2022,6/8/2022,1/24/2023
230126_1124,1124,7d_2,1/3/2022,M,reexposed,7d,GFPPos,79,4/15/2022,6/8/2022,1/24/2023
230126_1125,1125,7d_2,1/3/2022,M,reexposed,7d,GFPPos,79,4/15/2022,6/8/2022,1/24/2023
230126_1126,1126,7d_2,1/3/2022,M,reexposed,7d,GFPPos,79,4/15/2022,6/8/2022,1/24/2023
230126_1127,1127,7d_2,1/3/2022,M,reexposed,7d,GFPPos,79,4/15/2022,6/8/2022,1/24/2023
230126_1128,1128,7d_2,1/3/2022,M,reexposed,7d,GFPPos,79,4/15/2022,6/8/2022,1/24/2023
230126_1129,1129,7d_2,1/3/2022,M,reexposed,7d,GFPPos,79,4/15/2022,6/8/2022,1/24/2023
230126_1130,1130,7d_2,1/3/2022,M,reexposed,7d,GFPPos,79,4/15/2022,6/8/2022,1/24/2023
230126_1131,1131,7d_2,1/3/2022,M,reexposed,7d,GFPPos,79,4/15/2022,6/8/2022,1/24/2023
230126_1132,1132,7d_2,1/3/2022,M,reexposed,7d,GFPPos,79,4/15/2022,6/8/2022,1/24/2023
230126_1133,1133,7d_2,1/3/2022,M,reexposed,7d,GFPPos,79,4/15/2022,6/8/2022,1/24/2023
230126_1134,1134,7d_2,1/3/2022,M,reexposed,7d,GFPPos,79,4/15/2022,6/8/2022,1/24/2023
230126_1135,1135,7d_2,1/3/2022,M,reexposed,7d,GFPPos,79,4/15/2022,6/8/2022,1/24/2023
230126_1136,1136,7d_2,1/3/2022,M,reexposed,7d,GFPPos,79,4/15/2022,6/8/2022,1/24/2023
230126_1137,1137,7d_2,1/3/2022,M,reexposed,7d,GFPPos,79,4/15/2022,6/8/2022,1/24/2023
230126_1138,1138,7d_2,1/3/2022,M,reexposed,7d,GFPPos,79,4/15/2022,6/8/2022,1/24/2023
230126_1139,1139,7d_2,1/3/2022,M,reexposed,7d,GFPPos,79,4/15/2022,6/8/2022,1/24/2023
230126_1140,1140,7d_2,1/3/2022,M,reexposed,7d,GFPPos,79,4/15/2022,6/8/2022,1/24/2023
230126_1141,1141,7d_2,1/3/2022,M,reexposed,7d,GFPPos,79,4/15/2022,6/8/2022,1/24/2023
230126_1142,1142,7d_2,1/3/2022,M,reexposed,7d,GFPPos,79,4/15/2022,6/8/2022,1/24/2023
230126_1143,1143,7d_2,1/3/2022,M,reexposed,7d,GFPPos,79,4/15/2022,6/8/2022,1/24/2023
230126_1144,1144,7d_2,1/3/2022,M,reexposed,7d,GFPPos,79,4/15/2022,6/8/2022,1/24/2023
230126_1145,1145,7d_2,1/3/2022,M,reexposed,7d,GFPPos,79,4/15/2022,6/8/2022,1/24/2023
230126_1146,1146,7d_2,1/3/2022,M,reexposed,7d,GFPPos,79,4/15/2022,6/8/2022,1/24/2023
230126_1147,1147,7d_2,1/3/2022,M,reexposed,7d,GFPPos,79,4/15/2022,6/8/2022,1/24/2023
230126_1148,1148,7d_2,1/3/2022,M,reexposed,7d,GFPPos,79,4/15/2022,6/8/2022,1/24/2023
230126_1149,1149,7d_2,1/3/2022,M,reexposed,7d,GFPPos,79,4/15/2022,6/8/2022,1/24/2023
230126_1150,1150,7d_2,1/3/2022,M,reexposed,7d,GFPPos,79,4/15/2022,6/8/2022,1/24/2023
230126_1151,1151,7d_2,1/3/2022,M,reexposed,7d,GFPPos,79,4/15/2022,6/8/2022,1/24/2023
230126_1152,1152,7d_2,1/3/2022,M,reexposed,7d,GFPPos,79,4/15/2022,6/8/2022,1/24/2023
230126_229,229,1d_2,4/26/2022,M,singleNE,1d,GFPNegFOSNeg,36,7/22/2022,10/7/2022,1/12/2023
230126_230,230,1d_2,4/26/2022,M,singleNE,1d,GFPNegFOSNeg,36,7/22/2022,10/7/2022,1/12/2023
230126_231,231,1d_2,4/26/2022,M,singleNE,1d,GFPNegFOSNeg,36,7/22/2022,10/7/2022,1/12/2023
230126_232,232,1d_2,4/26/2022,M,singleNE,1d,GFPNegFOSNeg,36,7/22/2022,10/7/2022,1/12/2023
230126_233,233,1d_2,4/26/2022,M,singleNE,1d,GFPNegFOSNeg,36,7/22/2022,10/7/2022,1/12/2023
230126_234,234,1d_2,4/26/2022,M,singleNE,1d,GFPNegFOSNeg,36,7/22/2022,10/7/2022,1/12/2023
230126_235,235,1d_2,4/26/2022,M,singleNE,1d,GFPNegFOSNeg,36,7/22/2022,10/7/2022,1/12/2023
230126_236,236,1d_2,4/26/2022,M,singleNE,1d,GFPNegFOSNeg,36,7/22/2022,10/7/2022,1/12/2023
230126_237,237,1d_2,4/26/2022,M,singleNE,1d,GFPNegFOSNeg,36,7/22/2022,10/7/2022,1/12/2023
230126_238,238,1d_2,4/26/2022,M,singleNE,1d,GFPNegFOSNeg,36,7/22/2022,10/7/2022,1/12/2023
230126_239,239,1d_2,4/26/2022,M,singleNE,1d,GFPNegFOSNeg,36,7/22/2022,10/7/2022,1/12/2023
230126_240,240,1d_2,4/26/2022,M,singleNE,1d,GFPNegFOSNeg,36,7/22/2022,10/7/2022,1/12/2023
230126_241,241,1d_2,4/26/2022,M,singleNE,1d,GFPNegFOSNeg,36,7/22/2022,10/7/2022,1/12/2023
230126_242,242,1d_2,4/26/2022,M,singleNE,1d,GFPNegFOSNeg,36,7/22/2022,10/7/2022,1/12/2023
230126_243,243,1d_2,4/26/2022,M,singleNE,1d,GFPNegFOSNeg,36,7/22/2022,10/7/2022,1/12/2023
230126_244,244,1d_2,4/26/2022,M,singleNE,1d,GFPNegFOSNeg,36,7/22/2022,10/7/2022,1/12/2023
230126_245,245,1d_2,4/26/2022,M,singleNE,1d,GFPNegFOSNeg,36,7/22/2022,10/7/2022,1/12/2023
230126_246,246,1d_2,4/26/2022,M,singleNE,1d,GFPNegFOSNeg,36,7/22/2022,10/7/2022,1/12/2023
230126_247,247,1d_2,4/26/2022,M,singleNE,1d,GFPNegFOSNeg,36,7/22/2022,10/7/2022,1/12/2023
230126_248,248,1d_2,4/26/2022,M,singleNE,1d,GFPNegFOSNeg,36,7/22/2022,10/7/2022,1/12/2023
230126_249,249,1d_3,4/26/2022,M,singleNE,1d,GFPNegFOSNeg,35,7/22/2022,11/21/2022,1/12/2023
230126_250,250,1d_3,4/26/2022,M,singleNE,1d,GFPNegFOSNeg,35,7/22/2022,11/21/2022,1/12/2023
230126_251,251,1d_3,4/26/2022,M,singleNE,1d,GFPNegFOSNeg,35,7/22/2022,11/21/2022,1/12/2023
230126_252,252,1d_3,4/26/2022,M,singleNE,1d,GFPNegFOSNeg,35,7/22/2022,11/21/2022,1/12/2023
230126_253,253,1d_3,4/26/2022,M,singleNE,1d,GFPNegFOSNeg,35,7/22/2022,11/21/2022,1/12/2023
230126_254,254,1d_3,4/26/2022,M,singleNE,1d,GFPNegFOSNeg,35,7/22/2022,11/21/2022,1/12/2023
230126_255,255,1d_3,4/26/2022,M,singleNE,1d,GFPNegFOSNeg,35,7/22/2022,11/21/2022,1/12/2023
230126_256,256,1d_3,4/26/2022,M,singleNE,1d,GFPNegFOSNeg,35,7/22/2022,11/21/2022,1/12/2023
230126_257,257,1d_3,4/26/2022,M,singleNE,1d,GFPNegFOSNeg,35,7/22/2022,11/21/2022,1/12/2023
230126_258,258,1d_3,4/26/2022,M,singleNE,1d,GFPNegFOSNeg,35,7/22/2022,11/21/2022,1/12/2023
230126_259,259,1d_3,4/26/2022,M,singleNE,1d,GFPNegFOSNeg,35,7/22/2022,11/21/2022,1/12/2023
230126_260,260,1d_3,4/26/2022,M,singleNE,1d,GFPNegFOSNeg,35,7/22/2022,11/21/2022,1/12/2023
230126_261,261,1d_3,4/26/2022,M,singleNE,1d,GFPNegFOSNeg,35,7/22/2022,11/21/2022,1/12/2023
230126_262,262,1d_3,4/26/2022,M,singleNE,1d,GFPNegFOSNeg,35,7/22/2022,11/21/2022,1/12/2023
230126_263,263,1d_3,4/26/2022,M,singleNE,1d,GFPNegFOSNeg,35,7/22/2022,11/21/2022,1/12/2023
230126_264,264,1d_3,4/26/2022,M,singleNE,1d,GFPNegFOSNeg,35,7/22/2022,11/21/2022,1/12/2023
230126_265,265,1d_3,4/26/2022,M,singleNE,1d,GFPNegFOSNeg,35,7/22/2022,11/21/2022,1/12/2023
230126_266,266,1d_3,4/26/2022,M,singleNE,1d,GFPNegFOSNeg,35,7/22/2022,11/21/2022,1/12/2023
230126_267,267,1d_3,4/26/2022,M,singleNE,1d,GFPNegFOSNeg,35,7/22/2022,11/21/2022,1/12/2023
230126_268,268,1d_3,4/26/2022,M,singleNE,1d,GFPNegFOSNeg,35,7/22/2022,11/21/2022,1/12/2023
230126_269,269,1d_3,4/26/2022,M,singleNE,1d,GFPNegFOSNeg,35,7/22/2022,11/21/2022,1/12/2023
230126_270,270,1d_3,4/26/2022,M,singleNE,1d,GFPNegFOSNeg,35,7/22/2022,11/21/2022,1/12/2023
230126_271,271,1d_2,4/26/2022,M,singleNE,1d,GFPNegFOSNeg,37,7/22/2022,12/14/2022,1/12/2023
230126_272,272,1d_2,4/26/2022,M,singleNE,1d,GFPNegFOSNeg,37,7/22/2022,12/14/2022,1/12/2023
230126_273,273,1d_2,4/26/2022,M,singleNE,1d,GFPNegFOSNeg,37,7/22/2022,12/14/2022,1/12/2023
230126_274,274,1d_2,4/26/2022,M,singleNE,1d,GFPNegFOSNeg,37,7/22/2022,12/14/2022,1/12/2023
230126_275,275,1d_2,4/26/2022,M,singleNE,1d,GFPNegFOSNeg,37,7/22/2022,12/14/2022,1/12/2023
230126_276,276,1d_2,4/26/2022,M,singleNE,1d,GFPNegFOSNeg,37,7/22/2022,12/14/2022,1/12/2023
230126_277,277,1d_2,4/26/2022,M,singleNE,1d,GFPNegFOSNeg,37,7/22/2022,12/14/2022,1/12/2023
230126_278,278,1d_2,4/26/2022,M,singleNE,1d,GFPNegFOSNeg,37,7/22/2022,12/14/2022,1/12/2023
230126_279,279,1d_2,4/26/2022,M,singleNE,1d,GFPNegFOSNeg,37,7/22/2022,12/14/2022,1/12/2023
230126_280,280,1d_2,4/26/2022,M,singleNE,1d,GFPNegFOSNeg,37,7/22/2022,12/14/2022,1/12/2023
230126_281,281,1d_2,4/26/2022,M,singleNE,1d,GFPNegFOSNeg,37,7/22/2022,12/14/2022,1/12/2023
230126_282,282,1d_2,4/26/2022,M,singleNE,1d,GFPNegFOSNeg,37,7/22/2022,12/14/2022,1/12/2023
230126_283,283,1d_2,4/26/2022,M,singleNE,1d,GFPNegFOSNeg,37,7/22/2022,12/14/2022,1/12/2023
230126_284,284,1d_2,4/26/2022,M,singleNE,1d,GFPNegFOSNeg,37,7/22/2022,12/14/2022,1/12/2023
230126_285,285,1d_2,4/26/2022,M,singleNE,1d,GFPNegFOSNeg,37,7/22/2022,12/14/2022,1/12/2023
230126_286,286,1d_2,4/26/2022,M,singleNE,1d,GFPNegFOSNeg,37,7/22/2022,12/14/2022,1/12/2023
230126_287,287,1d_2,4/26/2022,M,singleNE,1d,GFPNegFOSNeg,37,7/22/2022,12/14/2022,1/12/2023
230126_288,288,1d_2,4/26/2022,M,singleNE,1d,GFPNegFOSNeg,37,7/22/2022,12/14/2022,1/12/2023
230126_289,289,1d_2,4/26/2022,M,singleNE,1d,GFPNegFOSNeg,37,7/22/2022,12/14/2022,1/12/2023
230126_290,290,1d_2,4/26/2022,M,singleNE,1d,GFPNegFOSNeg,37,7/22/2022,12/14/2022,1/12/2023
230126_291,291,1d_2,4/26/2022,M,singleNE,1d,GFPPos,36,7/22/2022,10/7/2022,1/12/2023
230126_292,292,1d_2,4/26/2022,M,singleNE,1d,GFPPos,36,7/22/2022,10/7/2022,1/12/2023
230126_293,293,1d_2,4/26/2022,M,singleNE,1d,GFPPos,36,7/22/2022,10/7/2022,1/12/2023
230126_294,294,1d_2,4/26/2022,M,singleNE,1d,GFPPos,36,7/22/2022,10/7/2022,1/12/2023
230126_295,295,1d_2,4/26/2022,M,singleNE,1d,GFPPos,36,7/22/2022,10/7/2022,1/12/2023
230126_296,296,1d_2,4/26/2022,M,singleNE,1d,GFPPos,36,7/22/2022,10/7/2022,1/12/2023
230126_297,297,1d_2,4/26/2022,M,singleNE,1d,GFPPos,36,7/22/2022,10/7/2022,1/12/2023
230126_298,298,1d_2,4/26/2022,M,singleNE,1d,GFPPos,36,7/22/2022,10/7/2022,1/12/2023
230126_299,299,1d_2,4/26/2022,M,singleNE,1d,GFPPos,36,7/22/2022,10/7/2022,1/12/2023
230126_300,300,1d_2,4/26/2022,M,singleNE,1d,GFPPos,36,7/22/2022,10/7/2022,1/12/2023
230126_301,301,1d_2,4/26/2022,M,singleNE,1d,GFPPos,36,7/22/2022,10/7/2022,1/12/2023
230126_302,302,1d_2,4/26/2022,M,singleNE,1d,GFPPos,36,7/22/2022,10/7/2022,1/12/2023
230126_303,303,1d_2,4/26/2022,M,singleNE,1d,GFPPos,36,7/22/2022,10/7/2022,1/12/2023
230126_304,304,1d_2,4/26/2022,M,singleNE,1d,GFPPos,36,7/22/2022,10/7/2022,1/12/2023
230126_305,305,1d_2,4/26/2022,M,singleNE,1d,GFPPos,36,7/22/2022,10/7/2022,1/12/2023
230126_306,306,1d_2,4/26/2022,M,singleNE,1d,GFPPos,36,7/22/2022,10/7/2022,1/12/2023
230126_307,307,1d_2,4/26/2022,M,singleNE,1d,GFPPos,36,7/22/2022,10/7/2022,1/12/2023
230126_308,308,1d_2,4/26/2022,M,singleNE,1d,GFPPos,36,7/22/2022,10/7/2022,1/12/2023
230126_309,309,1d_2,4/26/2022,M,singleNE,1d,GFPPos,36,7/22/2022,10/7/2022,1/12/2023
230126_310,310,1d_2,4/26/2022,M,singleNE,1d,GFPPos,36,7/22/2022,10/7/2022,1/12/2023
230126_311,311,1d_2,4/26/2022,M,singleNE,1d,GFPPos,36,7/22/2022,10/7/2022,1/12/2023
230126_312,312,1d_2,4/26/2022,M,singleNE,1d,GFPPos,36,7/22/2022,10/7/2022,1/12/2023
230126_313,313,1d_2,4/26/2022,M,singleNE,1d,GFPPos,36,7/22/2022,10/7/2022,1/12/2023
230126_314,314,1d_2,4/26/2022,M,singleNE,1d,GFPPos,36,7/22/2022,10/7/2022,1/12/2023
230126_315,315,1d_2,4/26/2022,M,singleNE,1d,GFPPos,36,7/22/2022,10/7/2022,1/12/2023
230126_316,316,1d_2,4/26/2022,M,singleNE,1d,GFPPos,36,7/22/2022,10/7/2022,1/12/2023
230126_317,317,1d_2,4/26/2022,M,singleNE,1d,GFPPos,36,7/22/2022,10/7/2022,1/12/2023
230126_318,318,1d_2,4/26/2022,M,singleNE,1d,GFPPos,36,7/22/2022,10/7/2022,1/12/2023
230126_319,319,1d_2,4/26/2022,M,singleNE,1d,GFPPos,36,7/22/2022,10/7/2022,1/12/2023
230126_320,320,1d_2,4/26/2022,M,singleNE,1d,GFPPos,36,7/22/2022,10/7/2022,1/12/2023
230126_321,321,1d_3,4/26/2022,M,singleNE,1d,GFPPos,35,7/22/2022,11/21/2022,1/12/2023
230126_322,322,1d_3,4/26/2022,M,singleNE,1d,GFPPos,35,7/22/2022,11/21/2022,1/12/2023
230126_323,323,1d_3,4/26/2022,M,singleNE,1d,GFPPos,35,7/22/2022,11/21/2022,1/12/2023
230126_324,324,1d_3,4/26/2022,M,singleNE,1d,GFPPos,35,7/22/2022,11/21/2022,1/12/2023
230126_325,325,1d_3,4/26/2022,M,singleNE,1d,GFPPos,35,7/22/2022,11/21/2022,1/12/2023
230126_326,326,1d_3,4/26/2022,M,singleNE,1d,GFPPos,35,7/22/2022,11/21/2022,1/12/2023
230126_327,327,1d_3,4/26/2022,M,singleNE,1d,GFPPos,35,7/22/2022,11/21/2022,1/12/2023
230126_328,328,1d_3,4/26/2022,M,singleNE,1d,GFPPos,35,7/22/2022,11/21/2022,1/12/2023
230126_329,329,1d_3,4/26/2022,M,singleNE,1d,GFPPos,35,7/22/2022,11/21/2022,1/12/2023
230126_330,330,1d_3,4/26/2022,M,singleNE,1d,GFPPos,35,7/22/2022,11/21/2022,1/12/2023
230126_331,331,1d_3,4/26/2022,M,singleNE,1d,GFPPos,35,7/22/2022,11/21/2022,1/12/2023
230126_332,332,1d_3,4/26/2022,M,singleNE,1d,GFPPos,35,7/22/2022,11/21/2022,1/12/2023
230126_333,333,1d_3,4/26/2022,M,singleNE,1d,GFPPos,35,7/22/2022,11/21/2022,1/12/2023
230126_334,334,1d_3,4/26/2022,M,singleNE,1d,GFPPos,35,7/22/2022,11/21/2022,1/12/2023
230126_335,335,1d_3,4/26/2022,M,singleNE,1d,GFPPos,35,7/22/2022,11/21/2022,1/12/2023
230126_336,336,1d_3,4/26/2022,M,singleNE,1d,GFPPos,35,7/22/2022,11/21/2022,1/12/2023
230126_337,337,1d_3,4/26/2022,M,singleNE,1d,GFPPos,35,7/22/2022,11/21/2022,1/12/2023
230126_338,338,1d_3,4/26/2022,M,singleNE,1d,GFPPos,35,7/22/2022,11/21/2022,1/12/2023
230126_339,339,1d_3,4/26/2022,M,singleNE,1d,GFPPos,35,7/22/2022,11/21/2022,1/12/2023
230126_340,340,1d_3,4/26/2022,M,singleNE,1d,GFPPos,35,7/22/2022,11/21/2022,1/12/2023
230126_341,341,1d_3,4/26/2022,M,singleNE,1d,GFPPos,35,7/22/2022,11/21/2022,1/12/2023
230126_342,342,1d_3,4/26/2022,M,singleNE,1d,GFPPos,35,7/22/2022,11/21/2022,1/12/2023
230126_343,343,1d_3,4/26/2022,M,singleNE,1d,GFPPos,35,7/22/2022,11/21/2022,1/12/2023
230126_344,344,1d_3,4/26/2022,M,singleNE,1d,GFPPos,35,7/22/2022,11/21/2022,1/12/2023
230126_345,345,1d_3,4/26/2022,M,singleNE,1d,GFPPos,35,7/22/2022,11/21/2022,1/12/2023
230126_346,346,1d_3,4/26/2022,M,singleNE,1d,GFPPos,35,7/22/2022,11/21/2022,1/12/2023
230126_347,347,1d_3,4/26/2022,M,singleNE,1d,GFPPos,35,7/22/2022,11/21/2022,1/12/2023
230126_348,348,1d_3,4/26/2022,M,singleNE,1d,GFPPos,35,7/22/2022,11/21/2022,1/12/2023
230126_349,349,1d_3,4/26/2022,M,singleNE,1d,GFPPos,35,7/22/2022,11/21/2022,1/12/2023
230126_350,350,1d_3,4/26/2022,M,singleNE,1d,GFPPos,35,7/22/2022,11/21/2022,1/12/2023
230126_351,351,1d_3,4/26/2022,M,singleNE,1d,GFPPos,35,7/22/2022,11/21/2022,1/12/2023
230126_352,352,1d_3,4/26/2022,M,singleNE,1d,GFPPos,35,7/22/2022,11/21/2022,1/12/2023
230126_353,353,1d_2,4/26/2022,M,singleNE,1d,GFPPos,37,7/22/2022,12/14/2022,1/12/2023
230126_354,354,1d_2,4/26/2022,M,singleNE,1d,GFPPos,37,7/22/2022,12/14/2022,1/12/2023
230126_355,355,1d_2,4/26/2022,M,singleNE,1d,GFPPos,37,7/22/2022,12/14/2022,1/12/2023
230126_356,356,1d_2,4/26/2022,M,singleNE,1d,GFPPos,37,7/22/2022,12/14/2022,1/12/2023
230126_357,357,1d_2,4/26/2022,M,singleNE,1d,GFPPos,37,7/22/2022,12/14/2022,1/12/2023
230126_358,358,1d_2,4/26/2022,M,singleNE,1d,GFPPos,37,7/22/2022,12/14/2022,1/12/2023
230126_359,359,1d_2,4/26/2022,M,singleNE,1d,GFPPos,37,7/22/2022,12/14/2022,1/12/2023
230126_360,360,1d_2,4/26/2022,M,singleNE,1d,GFPPos,37,7/22/2022,12/14/2022,1/12/2023
230126_361,361,1d_2,4/26/2022,M,singleNE,1d,GFPPos,37,7/22/2022,12/14/2022,1/12/2023
230126_362,362,1d_2,4/26/2022,M,singleNE,1d,GFPPos,37,7/22/2022,12/14/2022,1/12/2023
230126_363,363,1d_2,4/26/2022,M,singleNE,1d,GFPPos,37,7/22/2022,12/14/2022,1/12/2023
230126_364,364,1d_2,4/26/2022,M,singleNE,1d,GFPPos,37,7/22/2022,12/14/2022,1/12/2023
230126_365,365,1d_2,4/26/2022,M,singleNE,1d,GFPPos,37,7/22/2022,12/14/2022,1/12/2023
230126_366,366,1d_2,4/26/2022,M,singleNE,1d,GFPPos,37,7/22/2022,12/14/2022,1/12/2023
230126_367,367,1d_2,4/26/2022,M,singleNE,1d,GFPPos,37,7/22/2022,12/14/2022,1/12/2023
230126_368,368,1d_2,4/26/2022,M,singleNE,1d,GFPPos,37,7/22/2022,12/14/2022,1/12/2023
230126_369,369,1d_2,4/26/2022,M,singleNE,1d,GFPPos,37,7/22/2022,12/14/2022,1/12/2023
230126_370,370,1d_2,4/26/2022,M,singleNE,1d,GFPPos,37,7/22/2022,12/14/2022,1/12/2023
230126_371,371,1d_2,4/26/2022,M,singleNE,1d,GFPPos,37,7/22/2022,12/14/2022,1/12/2023
230126_372,372,1d_2,4/26/2022,M,singleNE,1d,GFPPos,37,7/22/2022,12/14/2022,1/12/2023
230126_373,373,1d_2,4/26/2022,M,singleNE,1d,GFPPos,37,7/22/2022,12/14/2022,1/12/2023
230126_374,374,1d_2,4/26/2022,M,singleNE,1d,GFPPos,37,7/22/2022,12/14/2022,1/12/2023
230126_375,375,1d_2,4/26/2022,M,singleNE,1d,GFPPos,37,7/22/2022,12/14/2022,1/12/2023
230126_376,376,1d_2,4/26/2022,M,singleNE,1d,GFPPos,37,7/22/2022,12/14/2022,1/12/2023
230126_377,377,1d_2,4/26/2022,M,singleNE,1d,GFPPos,37,7/22/2022,12/14/2022,1/12/2023
230126_378,378,1d_2,4/26/2022,M,singleNE,1d,GFPPos,37,7/22/2022,12/14/2022,1/12/2023
230126_379,379,1d_2,4/26/2022,M,singleNE,1d,GFPPos,37,7/22/2022,12/14/2022,1/12/2023
230126_380,380,1d_2,4/26/2022,M,singleNE,1d,GFPPos,37,7/22/2022,12/14/2022,1/12/2023
230126_381,381,1d_2,4/26/2022,M,singleNE,1d,GFPPos,37,7/22/2022,12/14/2022,1/12/2023
230126_382,382,1d_2,4/26/2022,M,singleNE,1d,GFPPos,37,7/22/2022,12/14/2022,1/12/2023
230126_383,383,1d_2,4/26/2022,M,singleNE,1d,GFPPos,37,7/22/2022,12/14/2022,1/12/2023
230126_384,384,1d_2,4/26/2022,M,singleNE,1d,GFPPos,37,7/22/2022,12/14/2022,1/12/2023
230126_613,613,3d_1,12/31/2021,M,singleNE,3d,GFPNegFOSNeg,ZA1,4/1/2022,6/3/2022,1/13/2023
230126_614,614,3d_1,12/31/2021,M,singleNE,3d,GFPNegFOSNeg,ZA1,4/1/2022,6/3/2022,1/13/2023
230126_615,615,3d_1,12/31/2021,M,singleNE,3d,GFPNegFOSNeg,ZA1,4/1/2022,6/3/2022,1/13/2023
230126_616,616,3d_1,12/31/2021,M,singleNE,3d,GFPNegFOSNeg,ZA1,4/1/2022,6/3/2022,1/13/2023
230126_617,617,3d_1,12/31/2021,M,singleNE,3d,GFPNegFOSNeg,ZA1,4/1/2022,6/3/2022,1/13/2023
230126_618,618,3d_1,12/31/2021,M,singleNE,3d,GFPNegFOSNeg,ZA1,4/1/2022,6/3/2022,1/13/2023
230126_619,619,3d_1,12/31/2021,M,singleNE,3d,GFPNegFOSNeg,ZA1,4/1/2022,6/3/2022,1/13/2023
230126_620,620,3d_1,12/31/2021,M,singleNE,3d,GFPNegFOSNeg,ZA1,4/1/2022,6/3/2022,1/13/2023
230126_621,621,3d_1,12/31/2021,M,singleNE,3d,GFPNegFOSNeg,ZA1,4/1/2022,6/3/2022,1/13/2023
230126_622,622,3d_1,12/31/2021,M,singleNE,3d,GFPNegFOSNeg,ZA1,4/1/2022,6/3/2022,1/13/2023
230126_623,623,3d_1,12/31/2021,M,singleNE,3d,GFPNegFOSNeg,ZA1,4/1/2022,6/3/2022,1/13/2023
230126_624,624,3d_1,12/31/2021,M,singleNE,3d,GFPNegFOSNeg,ZA1,4/1/2022,6/3/2022,1/13/2023
230126_625,625,3d_2,12/31/2021,M,singleNE,3d,GFPNegFOSNeg,Z78,4/1/2022,6/7/2022,1/13/2023
230126_626,626,3d_2,12/31/2021,M,singleNE,3d,GFPNegFOSNeg,Z78,4/1/2022,6/7/2022,1/13/2023
230126_627,627,3d_2,12/31/2021,M,singleNE,3d,GFPNegFOSNeg,Z78,4/1/2022,6/7/2022,1/13/2023
230126_628,628,3d_2,12/31/2021,M,singleNE,3d,GFPNegFOSNeg,Z78,4/1/2022,6/7/2022,1/13/2023
230126_629,629,3d_2,12/31/2021,M,singleNE,3d,GFPNegFOSNeg,Z78,4/1/2022,6/7/2022,1/13/2023
230126_630,630,3d_2,12/31/2021,M,singleNE,3d,GFPNegFOSNeg,Z78,4/1/2022,6/7/2022,1/13/2023
230126_631,631,3d_2,12/31/2021,M,singleNE,3d,GFPNegFOSNeg,Z78,4/1/2022,6/7/2022,1/13/2023
230126_632,632,3d_2,12/31/2021,M,singleNE,3d,GFPNegFOSNeg,Z78,4/1/2022,6/7/2022,1/13/2023
230126_633,633,3d_2,12/31/2021,M,singleNE,3d,GFPNegFOSNeg,Z78,4/1/2022,6/7/2022,1/13/2023
230126_634,634,3d_2,12/31/2021,M,singleNE,3d,GFPNegFOSNeg,Z78,4/1/2022,6/7/2022,1/13/2023
230126_635,635,3d_2,12/31/2021,M,singleNE,3d,GFPNegFOSNeg,Z78,4/1/2022,6/7/2022,1/13/2023
230126_636,636,3d_2,12/31/2021,M,singleNE,3d,GFPNegFOSNeg,Z78,4/1/2022,6/7/2022,1/13/2023
230126_637,637,3d_2,12/31/2021,M,singleNE,3d,GFPNegFOSNeg,Z78,4/1/2022,6/7/2022,1/13/2023
230126_638,638,3d_2,12/31/2021,M,singleNE,3d,GFPNegFOSNeg,Z78,4/1/2022,6/7/2022,1/13/2023
230126_639,639,3d_2,12/31/2021,M,singleNE,3d,GFPNegFOSNeg,Z78,4/1/2022,6/7/2022,1/13/2023
230126_640,640,3d_2,12/31/2021,M,singleNE,3d,GFPNegFOSNeg,Z78,4/1/2022,6/7/2022,1/13/2023
230126_641,641,3d_1,12/31/2021,M,singleNE,3d,GFPNegFOSNeg,ZA1,4/1/2022,6/3/2022,1/13/2023
230126_642,642,3d_1,12/31/2021,M,singleNE,3d,GFPNegFOSNeg,ZA1,4/1/2022,6/3/2022,1/13/2023
230126_643,643,3d_1,12/31/2021,M,singleNE,3d,GFPNegFOSNeg,ZA1,4/1/2022,6/3/2022,1/13/2023
230126_644,644,3d_1,12/31/2021,M,singleNE,3d,GFPNegFOSNeg,ZA1,4/1/2022,6/3/2022,1/13/2023
230126_645,645,3d_1,12/31/2021,M,singleNE,3d,GFPNegFOSNeg,ZA1,4/1/2022,6/3/2022,1/13/2023
230126_646,646,3d_2,12/31/2021,M,singleNE,3d,GFPNegFOSNeg,Z78,4/1/2022,6/7/2022,1/13/2023
230126_647,647,3d_2,12/31/2021,M,singleNE,3d,GFPNegFOSNeg,Z78,4/1/2022,6/7/2022,1/13/2023
230126_648,648,3d_2,12/31/2021,M,singleNE,3d,GFPNegFOSNeg,Z78,4/1/2022,6/7/2022,1/13/2023
230126_649,649,3d_2,12/31/2021,M,singleNE,3d,GFPNegFOSNeg,Z78,4/1/2022,6/7/2022,1/13/2023
230126_650,650,3d_2,12/31/2021,M,singleNE,3d,GFPNegFOSNeg,Z78,4/1/2022,6/7/2022,1/13/2023
230126_651,651,3d_2,12/31/2021,M,singleNE,3d,GFPNegFOSNeg,Z78,4/1/2022,6/7/2022,1/13/2023
230126_652,652,3d_2,12/31/2021,M,singleNE,3d,GFPNegFOSNeg,Z78,4/1/2022,6/7/2022,1/13/2023
230126_653,653,3d_1,12/31/2021,M,singleNE,3d,GFPNegFOSNeg,Z7A,4/1/2022,6/21/2022,1/13/2023
230126_654,654,3d_1,12/31/2021,M,singleNE,3d,GFPNegFOSNeg,Z7A,4/1/2022,6/21/2022,1/13/2023
230126_655,655,3d_1,12/31/2021,M,singleNE,3d,GFPNegFOSNeg,Z7A,4/1/2022,6/21/2022,1/13/2023
230126_656,656,3d_1,12/31/2021,M,singleNE,3d,GFPNegFOSNeg,Z7A,4/1/2022,6/21/2022,1/13/2023
230126_657,657,3d_1,12/31/2021,M,singleNE,3d,GFPNegFOSNeg,Z7A,4/1/2022,6/21/2022,1/13/2023
230126_658,658,3d_1,12/31/2021,M,singleNE,3d,GFPNegFOSNeg,Z7A,4/1/2022,6/21/2022,1/13/2023
230126_659,659,3d_1,12/31/2021,M,singleNE,3d,GFPNegFOSNeg,Z7A,4/1/2022,6/21/2022,1/13/2023
230126_660,660,3d_1,12/31/2021,M,singleNE,3d,GFPNegFOSNeg,Z7A,4/1/2022,6/21/2022,1/13/2023
230126_661,661,3d_1,12/31/2021,M,singleNE,3d,GFPNegFOSNeg,Z7A,4/1/2022,6/21/2022,1/13/2023
230126_662,662,3d_1,12/31/2021,M,singleNE,3d,GFPNegFOSNeg,Z7A,4/1/2022,6/21/2022,1/13/2023
230126_663,663,3d_1,12/31/2021,M,singleNE,3d,GFPNegFOSNeg,Z7A,4/1/2022,6/21/2022,1/13/2023
230126_664,664,3d_1,12/31/2021,M,singleNE,3d,GFPNegFOSNeg,Z7A,4/1/2022,6/21/2022,1/13/2023
230126_665,665,3d_1,12/31/2021,M,singleNE,3d,GFPNegFOSNeg,Z7A,4/1/2022,6/21/2022,1/13/2023
230126_666,666,3d_1,12/31/2021,M,singleNE,3d,GFPNegFOSNeg,Z7A,4/1/2022,6/21/2022,1/13/2023
230126_667,667,3d_1,12/31/2021,M,singleNE,3d,GFPNegFOSNeg,Z7A,4/1/2022,6/21/2022,1/13/2023
230126_668,668,3d_1,12/31/2021,M,singleNE,3d,GFPNegFOSNeg,Z7A,4/1/2022,6/21/2022,1/13/2023
230126_669,669,3d_1,12/31/2021,M,singleNE,3d,GFPNegFOSNeg,Z7A,4/1/2022,6/21/2022,1/13/2023
230126_670,670,3d_1,12/31/2021,M,singleNE,3d,GFPNegFOSNeg,Z7A,4/1/2022,6/21/2022,1/13/2023
230126_671,671,3d_1,12/31/2021,M,singleNE,3d,GFPNegFOSNeg,Z7A,4/1/2022,6/21/2022,1/13/2023
230126_672,672,3d_1,12/31/2021,M,singleNE,3d,GFPNegFOSNeg,Z7A,4/1/2022,6/21/2022,1/13/2023
230126_673,673,3d_1,12/31/2021,M,singleNE,3d,GFPNegFOSNeg,Z7A,4/1/2022,6/21/2022,1/13/2023
230126_674,674,3d_1,12/31/2021,M,singleNE,3d,GFPNegFOSNeg,Z7A,4/1/2022,6/21/2022,1/13/2023
230126_675,675,3d_1,12/31/2021,M,singleNE,3d,GFPPos,ZA1,4/1/2022,6/3/2022,1/13/2023
230126_676,676,3d_1,12/31/2021,M,singleNE,3d,GFPPos,ZA1,4/1/2022,6/3/2022,1/13/2023
230126_677,677,3d_1,12/31/2021,M,singleNE,3d,GFPPos,ZA1,4/1/2022,6/3/2022,1/13/2023
230126_678,678,3d_1,12/31/2021,M,singleNE,3d,GFPPos,ZA1,4/1/2022,6/3/2022,1/13/2023
230126_679,679,3d_1,12/31/2021,M,singleNE,3d,GFPPos,ZA1,4/1/2022,6/3/2022,1/13/2023
230126_680,680,3d_1,12/31/2021,M,singleNE,3d,GFPPos,ZA1,4/1/2022,6/3/2022,1/13/2023
230126_681,681,3d_1,12/31/2021,M,singleNE,3d,GFPPos,ZA1,4/1/2022,6/3/2022,1/13/2023
230126_682,682,3d_1,12/31/2021,M,singleNE,3d,GFPPos,ZA1,4/1/2022,6/3/2022,1/13/2023
230126_683,683,3d_1,12/31/2021,M,singleNE,3d,GFPPos,ZA1,4/1/2022,6/3/2022,1/13/2023
230126_684,684,3d_1,12/31/2021,M,singleNE,3d,GFPPos,ZA1,4/1/2022,6/3/2022,1/13/2023
230126_685,685,3d_1,12/31/2021,M,singleNE,3d,GFPPos,ZA1,4/1/2022,6/3/2022,1/13/2023
230126_686,686,3d_1,12/31/2021,M,singleNE,3d,GFPPos,ZA1,4/1/2022,6/3/2022,1/13/2023
230126_687,687,3d_1,12/31/2021,M,singleNE,3d,GFPPos,ZA1,4/1/2022,6/3/2022,1/13/2023
230126_688,688,3d_1,12/31/2021,M,singleNE,3d,GFPPos,ZA1,4/1/2022,6/3/2022,1/13/2023
230126_689,689,3d_1,12/31/2021,M,singleNE,3d,GFPPos,ZA1,4/1/2022,6/3/2022,1/13/2023
230126_690,690,3d_1,12/31/2021,M,singleNE,3d,GFPPos,ZA1,4/1/2022,6/3/2022,1/13/2023
230126_691,691,3d_1,12/31/2021,M,singleNE,3d,GFPPos,ZA1,4/1/2022,6/3/2022,1/13/2023
230126_692,692,3d_1,12/31/2021,M,singleNE,3d,GFPPos,ZA1,4/1/2022,6/3/2022,1/13/2023
230126_693,693,3d_1,12/31/2021,M,singleNE,3d,GFPPos,ZA1,4/1/2022,6/3/2022,1/13/2023
230126_694,694,3d_1,12/31/2021,M,singleNE,3d,GFPPos,ZA1,4/1/2022,6/3/2022,1/13/2023
230126_695,695,3d_1,12/31/2021,M,singleNE,3d,GFPPos,ZA1,4/1/2022,6/3/2022,1/13/2023
230126_696,696,3d_1,12/31/2021,M,singleNE,3d,GFPPos,ZA1,4/1/2022,6/3/2022,1/13/2023
230126_697,697,3d_1,12/31/2021,M,singleNE,3d,GFPPos,ZA1,4/1/2022,6/3/2022,1/13/2023
230126_698,698,3d_1,12/31/2021,M,singleNE,3d,GFPPos,ZA1,4/1/2022,6/3/2022,1/13/2023
230126_699,699,3d_1,12/31/2021,M,singleNE,3d,GFPPos,ZA1,4/1/2022,6/3/2022,1/13/2023
230126_700,700,3d_1,12/31/2021,M,singleNE,3d,GFPPos,ZA1,4/1/2022,6/3/2022,1/13/2023
230126_701,701,3d_1,12/31/2021,M,singleNE,3d,GFPPos,ZA1,4/1/2022,6/3/2022,1/13/2023
230126_702,702,3d_1,12/31/2021,M,singleNE,3d,GFPPos,ZA1,4/1/2022,6/3/2022,1/13/2023
230126_703,703,3d_1,12/31/2021,M,singleNE,3d,GFPPos,ZA1,4/1/2022,6/3/2022,1/13/2023
230126_704,704,3d_2,12/31/2021,M,singleNE,3d,GFPPos,Z78,4/1/2022,6/7/2022,1/13/2023
230126_705,705,3d_2,12/31/2021,M,singleNE,3d,GFPPos,Z78,4/1/2022,6/7/2022,1/13/2023
230126_706,706,3d_2,12/31/2021,M,singleNE,3d,GFPPos,Z78,4/1/2022,6/7/2022,1/13/2023
230126_707,707,3d_2,12/31/2021,M,singleNE,3d,GFPPos,Z78,4/1/2022,6/7/2022,1/13/2023
230126_708,708,3d_2,12/31/2021,M,singleNE,3d,GFPPos,Z78,4/1/2022,6/7/2022,1/13/2023
230126_709,709,3d_2,12/31/2021,M,singleNE,3d,GFPPos,Z78,4/1/2022,6/7/2022,1/13/2023
230126_710,710,3d_2,12/31/2021,M,singleNE,3d,GFPPos,Z78,4/1/2022,6/7/2022,1/13/2023
230126_711,711,3d_2,12/31/2021,M,singleNE,3d,GFPPos,Z78,4/1/2022,6/7/2022,1/13/2023
230126_712,712,3d_2,12/31/2021,M,singleNE,3d,GFPPos,Z78,4/1/2022,6/7/2022,1/13/2023
230126_713,713,3d_2,12/31/2021,M,singleNE,3d,GFPPos,Z78,4/1/2022,6/7/2022,1/13/2023
230126_714,714,3d_2,12/31/2021,M,singleNE,3d,GFPPos,Z78,4/1/2022,6/7/2022,1/13/2023
230126_715,715,3d_2,12/31/2021,M,singleNE,3d,GFPPos,Z78,4/1/2022,6/7/2022,1/13/2023
230126_716,716,3d_2,12/31/2021,M,singleNE,3d,GFPPos,Z78,4/1/2022,6/7/2022,1/13/2023
230126_717,717,3d_2,12/31/2021,M,singleNE,3d,GFPPos,Z78,4/1/2022,6/7/2022,1/13/2023
230126_718,718,3d_2,12/31/2021,M,singleNE,3d,GFPPos,Z78,4/1/2022,6/7/2022,1/13/2023
230126_719,719,3d_2,12/31/2021,M,singleNE,3d,GFPPos,Z78,4/1/2022,6/7/2022,1/13/2023
230126_720,720,3d_2,12/31/2021,M,singleNE,3d,GFPPos,Z78,4/1/2022,6/7/2022,1/13/2023
230126_721,721,3d_2,12/31/2021,M,singleNE,3d,GFPPos,Z78,4/1/2022,6/7/2022,1/13/2023
230126_722,722,3d_2,12/31/2021,M,singleNE,3d,GFPPos,Z78,4/1/2022,6/7/2022,1/13/2023
230126_723,723,3d_2,12/31/2021,M,singleNE,3d,GFPPos,Z78,4/1/2022,6/7/2022,1/13/2023
230126_724,724,3d_2,12/31/2021,M,singleNE,3d,GFPPos,Z78,4/1/2022,6/7/2022,1/13/2023
230126_725,725,3d_2,12/31/2021,M,singleNE,3d,GFPPos,Z78,4/1/2022,6/7/2022,1/13/2023
230126_726,726,3d_2,12/31/2021,M,singleNE,3d,GFPPos,Z78,4/1/2022,6/7/2022,1/13/2023
230126_727,727,3d_2,12/31/2021,M,singleNE,3d,GFPPos,Z78,4/1/2022,6/7/2022,1/13/2023
230126_728,728,3d_2,12/31/2021,M,singleNE,3d,GFPPos,Z78,4/1/2022,6/7/2022,1/13/2023
230126_729,729,3d_2,12/31/2021,M,singleNE,3d,GFPPos,Z78,4/1/2022,6/7/2022,1/13/2023
230126_730,730,3d_2,12/31/2021,M,singleNE,3d,GFPPos,Z78,4/1/2022,6/7/2022,1/13/2023
230126_731,731,3d_2,12/31/2021,M,singleNE,3d,GFPPos,Z78,4/1/2022,6/7/2022,1/13/2023
230126_732,732,3d_2,12/31/2021,M,singleNE,3d,GFPPos,Z78,4/1/2022,6/7/2022,1/13/2023
230126_733,733,3d_2,12/31/2021,M,singleNE,3d,GFPPos,Z78,4/1/2022,6/7/2022,1/13/2023
230126_734,734,3d_2,12/31/2021,M,singleNE,3d,GFPPos,Z78,4/1/2022,6/7/2022,1/13/2023
230126_735,735,3d_2,12/31/2021,M,singleNE,3d,GFPPos,Z78,4/1/2022,6/7/2022,1/13/2023
230126_736,736,3d_2,12/31/2021,M,singleNE,3d,GFPPos,Z78,4/1/2022,6/7/2022,1/13/2023
230126_737,737,3d_1,12/31/2021,M,singleNE,3d,GFPPos,Z7A,4/1/2022,6/21/2022,1/13/2023
230126_738,738,3d_1,12/31/2021,M,singleNE,3d,GFPPos,Z7A,4/1/2022,6/21/2022,1/13/2023
230126_739,739,3d_1,12/31/2021,M,singleNE,3d,GFPPos,Z7A,4/1/2022,6/21/2022,1/13/2023
230126_740,740,3d_1,12/31/2021,M,singleNE,3d,GFPPos,Z7A,4/1/2022,6/21/2022,1/13/2023
230126_741,741,3d_1,12/31/2021,M,singleNE,3d,GFPPos,Z7A,4/1/2022,6/21/2022,1/13/2023
230126_742,742,3d_1,12/31/2021,M,singleNE,3d,GFPPos,Z7A,4/1/2022,6/21/2022,1/13/2023
230126_743,743,3d_1,12/31/2021,M,singleNE,3d,GFPPos,Z7A,4/1/2022,6/21/2022,1/13/2023
230126_744,744,3d_1,12/31/2021,M,singleNE,3d,GFPPos,Z7A,4/1/2022,6/21/2022,1/13/2023
230126_745,745,3d_1,12/31/2021,M,singleNE,3d,GFPPos,Z7A,4/1/2022,6/21/2022,1/13/2023
230126_746,746,3d_1,12/31/2021,M,singleNE,3d,GFPPos,Z7A,4/1/2022,6/21/2022,1/13/2023
230126_747,747,3d_1,12/31/2021,M,singleNE,3d,GFPPos,Z7A,4/1/2022,6/21/2022,1/13/2023
230126_748,748,3d_1,12/31/2021,M,singleNE,3d,GFPPos,Z7A,4/1/2022,6/21/2022,1/13/2023
230126_749,749,3d_1,12/31/2021,M,singleNE,3d,GFPPos,Z7A,4/1/2022,6/21/2022,1/13/2023
230126_750,750,3d_1,12/31/2021,M,singleNE,3d,GFPPos,Z7A,4/1/2022,6/21/2022,1/13/2023
230126_751,751,3d_1,12/31/2021,M,singleNE,3d,GFPPos,Z7A,4/1/2022,6/21/2022,1/13/2023
230126_752,752,3d_1,12/31/2021,M,singleNE,3d,GFPPos,Z7A,4/1/2022,6/21/2022,1/13/2023
230126_753,753,3d_1,12/31/2021,M,singleNE,3d,GFPPos,Z7A,4/1/2022,6/21/2022,1/13/2023
230126_754,754,3d_1,12/31/2021,M,singleNE,3d,GFPPos,Z7A,4/1/2022,6/21/2022,1/13/2023
230126_755,755,3d_1,12/31/2021,M,singleNE,3d,GFPPos,Z7A,4/1/2022,6/21/2022,1/13/2023
230126_756,756,3d_1,12/31/2021,M,singleNE,3d,GFPPos,Z7A,4/1/2022,6/21/2022,1/13/2023
230126_757,757,3d_1,12/31/2021,M,singleNE,3d,GFPPos,Z7A,4/1/2022,6/21/2022,1/13/2023
230126_758,758,3d_1,12/31/2021,M,singleNE,3d,GFPPos,Z7A,4/1/2022,6/21/2022,1/13/2023
230126_759,759,3d_1,12/31/2021,M,singleNE,3d,GFPPos,Z7A,4/1/2022,6/21/2022,1/13/2023
230126_760,760,3d_1,12/31/2021,M,singleNE,3d,GFPPos,Z7A,4/1/2022,6/21/2022,1/13/2023
230126_761,761,3d_1,12/31/2021,M,singleNE,3d,GFPPos,Z7A,4/1/2022,6/21/2022,1/13/2023
230126_762,762,3d_1,12/31/2021,M,singleNE,3d,GFPPos,Z7A,4/1/2022,6/21/2022,1/13/2023
230126_763,763,3d_1,12/31/2021,M,singleNE,3d,GFPPos,Z7A,4/1/2022,6/21/2022,1/13/2023
230126_764,764,3d_1,12/31/2021,M,singleNE,3d,GFPPos,Z7A,4/1/2022,6/21/2022,1/13/2023
230126_765,765,3d_1,12/31/2021,M,singleNE,3d,GFPPos,Z7A,4/1/2022,6/21/2022,1/13/2023
230126_766,766,3d_1,12/31/2021,M,singleNE,3d,GFPPos,Z7A,4/1/2022,6/21/2022,1/13/2023
230126_767,767,3d_1,12/31/2021,M,singleNE,3d,GFPPos,Z7A,4/1/2022,6/21/2022,1/13/2023
230126_768,768,3d_1,12/31/2021,M,singleNE,3d,GFPPos,Z7A,4/1/2022,6/21/2022,1/13/2023
230126_769,769,7d_3,1/3/2022,M,singleNE,7d,GFPNegFOSNeg,76,4/15/2022,12/22/2022,1/24/2023
230126_770,770,7d_3,1/3/2022,M,singleNE,7d,GFPNegFOSNeg,76,4/15/2022,12/22/2022,1/24/2023
230126_771,771,7d_3,1/3/2022,M,singleNE,7d,GFPNegFOSNeg,76,4/15/2022,12/22/2022,1/24/2023
230126_772,772,7d_3,1/3/2022,M,singleNE,7d,GFPNegFOSNeg,76,4/15/2022,12/22/2022,1/24/2023
230126_773,773,7d_3,1/3/2022,M,singleNE,7d,GFPNegFOSNeg,76,4/15/2022,12/22/2022,1/24/2023
230126_774,774,7d_3,1/3/2022,M,singleNE,7d,GFPNegFOSNeg,76,4/15/2022,12/22/2022,1/24/2023
230126_775,775,7d_3,1/3/2022,M,singleNE,7d,GFPNegFOSNeg,76,4/15/2022,12/22/2022,1/24/2023
230126_776,776,7d_3,1/3/2022,M,singleNE,7d,GFPNegFOSNeg,76,4/15/2022,12/22/2022,1/24/2023
230126_777,777,7d_3,1/3/2022,M,singleNE,7d,GFPNegFOSNeg,76,4/15/2022,12/22/2022,1/24/2023
230126_778,778,7d_3,1/3/2022,M,singleNE,7d,GFPNegFOSNeg,76,4/15/2022,12/22/2022,1/24/2023
230126_779,779,7d_3,1/3/2022,M,singleNE,7d,GFPNegFOSNeg,76,4/15/2022,12/22/2022,1/24/2023
230126_780,780,7d_3,1/3/2022,M,singleNE,7d,GFPNegFOSNeg,76,4/15/2022,12/22/2022,1/24/2023
230126_781,781,7d_3,1/3/2022,M,singleNE,7d,GFPNegFOSNeg,76,4/15/2022,12/22/2022,1/24/2023
230126_782,782,7d_3,1/3/2022,M,singleNE,7d,GFPNegFOSNeg,76,4/15/2022,12/22/2022,1/24/2023
230126_783,783,7d_3,1/3/2022,M,singleNE,7d,GFPNegFOSNeg,76,4/15/2022,12/22/2022,1/24/2023
230126_784,784,7d_3,1/3/2022,M,singleNE,7d,GFPNegFOSNeg,76,4/15/2022,12/22/2022,1/24/2023
230126_785,785,7d_3,1/3/2022,M,singleNE,7d,GFPNegFOSNeg,76,4/15/2022,12/22/2022,1/24/2023
230126_786,786,7d_3,1/3/2022,M,singleNE,7d,GFPNegFOSNeg,76,4/15/2022,12/22/2022,1/24/2023
230126_787,787,7d_3,1/3/2022,M,singleNE,7d,GFPNegFOSNeg,76,4/15/2022,12/22/2022,1/24/2023
230126_788,788,7d_3,1/3/2022,M,singleNE,7d,GFPNegFOSNeg,76,4/15/2022,12/22/2022,1/24/2023
230126_789,789,7d_3,1/3/2022,M,singleNE,7d,GFPNegFOSNeg,76,4/15/2022,12/22/2022,1/24/2023
230126_790,790,7d_3,1/3/2022,M,singleNE,7d,GFPNegFOSNeg,76,4/15/2022,12/22/2022,1/24/2023
230126_791,791,7d_3,1/3/2022,M,singleNE,7d,GFPNegFOSNeg,76,4/15/2022,12/22/2022,1/24/2023
230126_792,792,7d_3,1/3/2022,M,singleNE,7d,GFPNegFOSNeg,77,4/15/2022,5/26/2022,1/24/2023
230126_793,793,7d_3,1/3/2022,M,singleNE,7d,GFPNegFOSNeg,77,4/15/2022,5/26/2022,1/24/2023
230126_794,794,7d_3,1/3/2022,M,singleNE,7d,GFPNegFOSNeg,77,4/15/2022,5/26/2022,1/24/2023
230126_795,795,7d_3,1/3/2022,M,singleNE,7d,GFPNegFOSNeg,77,4/15/2022,5/26/2022,1/24/2023
230126_796,796,7d_3,1/3/2022,M,singleNE,7d,GFPNegFOSNeg,77,4/15/2022,5/26/2022,1/24/2023
230126_797,797,7d_3,1/3/2022,M,singleNE,7d,GFPNegFOSNeg,77,4/15/2022,5/26/2022,1/24/2023
230126_798,798,7d_3,1/3/2022,M,singleNE,7d,GFPNegFOSNeg,77,4/15/2022,5/26/2022,1/24/2023
230126_799,799,7d_3,1/3/2022,M,singleNE,7d,GFPNegFOSNeg,77,4/15/2022,5/26/2022,1/24/2023
230126_800,800,7d_3,1/3/2022,M,singleNE,7d,GFPNegFOSNeg,77,4/15/2022,5/26/2022,1/24/2023
230126_801,801,7d_3,1/3/2022,M,singleNE,7d,GFPNegFOSNeg,77,4/15/2022,5/26/2022,1/24/2023
230126_802,802,7d_3,1/3/2022,M,singleNE,7d,GFPNegFOSNeg,77,4/15/2022,5/26/2022,1/24/2023
230126_803,803,7d_3,1/3/2022,M,singleNE,7d,GFPNegFOSNeg,77,4/15/2022,5/26/2022,1/24/2023
230126_804,804,7d_3,1/3/2022,M,singleNE,7d,GFPNegFOSNeg,77,4/15/2022,5/26/2022,1/24/2023
230126_805,805,7d_3,1/3/2022,M,singleNE,7d,GFPNegFOSNeg,77,4/15/2022,5/26/2022,1/24/2023
230126_806,806,7d_3,1/3/2022,M,singleNE,7d,GFPNegFOSNeg,77,4/15/2022,5/26/2022,1/24/2023
230126_807,807,7d_3,1/3/2022,M,singleNE,7d,GFPNegFOSNeg,77,4/15/2022,5/26/2022,1/24/2023
230126_808,808,7d_3,1/3/2022,M,singleNE,7d,GFPNegFOSNeg,77,4/15/2022,5/26/2022,1/24/2023
230126_809,809,7d_3,1/3/2022,M,singleNE,7d,GFPNegFOSNeg,77,4/15/2022,5/26/2022,1/24/2023
230126_810,810,7d_3,1/3/2022,M,singleNE,7d,GFPNegFOSNeg,77,4/15/2022,5/26/2022,1/24/2023
230126_811,811,7d_4,1/3/2022,M,singleNE,7d,GFPNegFOSNeg,79,4/15/2022,6/8/2022,1/24/2023
230126_812,812,7d_4,1/3/2022,M,singleNE,7d,GFPNegFOSNeg,79,4/15/2022,6/8/2022,1/24/2023
230126_813,813,7d_4,1/3/2022,M,singleNE,7d,GFPNegFOSNeg,79,4/15/2022,6/8/2022,1/24/2023
230126_814,814,7d_4,1/3/2022,M,singleNE,7d,GFPNegFOSNeg,79,4/15/2022,6/8/2022,1/24/2023
230126_815,815,7d_4,1/3/2022,M,singleNE,7d,GFPNegFOSNeg,79,4/15/2022,6/8/2022,1/24/2023
230126_816,816,7d_4,1/3/2022,M,singleNE,7d,GFPNegFOSNeg,79,4/15/2022,6/8/2022,1/24/2023
230126_817,817,7d_4,1/3/2022,M,singleNE,7d,GFPNegFOSNeg,79,4/15/2022,6/8/2022,1/24/2023
230126_818,818,7d_4,1/3/2022,M,singleNE,7d,GFPNegFOSNeg,79,4/15/2022,6/8/2022,1/24/2023
230126_819,819,7d_4,1/3/2022,M,singleNE,7d,GFPNegFOSNeg,79,4/15/2022,6/8/2022,1/24/2023
230126_820,820,7d_4,1/3/2022,M,singleNE,7d,GFPNegFOSNeg,79,4/15/2022,6/8/2022,1/24/2023
230126_821,821,7d_4,1/3/2022,M,singleNE,7d,GFPNegFOSNeg,79,4/15/2022,6/8/2022,1/24/2023
230126_822,822,7d_4,1/3/2022,M,singleNE,7d,GFPNegFOSNeg,79,4/15/2022,6/8/2022,1/24/2023
230126_823,823,7d_4,1/3/2022,M,singleNE,7d,GFPNegFOSNeg,79,4/15/2022,6/8/2022,1/24/2023
230126_824,824,7d_4,1/3/2022,M,singleNE,7d,GFPNegFOSNeg,79,4/15/2022,6/8/2022,1/24/2023
230126_825,825,7d_4,1/3/2022,M,singleNE,7d,GFPNegFOSNeg,79,4/15/2022,6/8/2022,1/24/2023
230126_826,826,7d_4,1/3/2022,M,singleNE,7d,GFPNegFOSNeg,79,4/15/2022,6/8/2022,1/24/2023
230126_827,827,7d_4,1/3/2022,M,singleNE,7d,GFPNegFOSNeg,79,4/15/2022,6/8/2022,1/24/2023
230126_828,828,7d_4,1/3/2022,M,singleNE,7d,GFPNegFOSNeg,79,4/15/2022,6/8/2022,1/24/2023
230126_829,829,7d_4,1/3/2022,M,singleNE,7d,GFPNegFOSNeg,79,4/15/2022,6/8/2022,1/24/2023
230126_830,830,7d_4,1/3/2022,M,singleNE,7d,GFPNegFOSNeg,79,4/15/2022,6/8/2022,1/24/2023
230126_831,831,7d_3,1/3/2022,M,singleNE,7d,GFPPos,76,4/15/2022,12/22/2022,1/24/2023
230126_832,832,7d_3,1/3/2022,M,singleNE,7d,GFPPos,76,4/15/2022,12/22/2022,1/24/2023
230126_833,833,7d_3,1/3/2022,M,singleNE,7d,GFPPos,76,4/15/2022,12/22/2022,1/24/2023
230126_834,834,7d_3,1/3/2022,M,singleNE,7d,GFPPos,76,4/15/2022,12/22/2022,1/24/2023
230126_835,835,7d_3,1/3/2022,M,singleNE,7d,GFPPos,76,4/15/2022,12/22/2022,1/24/2023
230126_836,836,7d_3,1/3/2022,M,singleNE,7d,GFPPos,76,4/15/2022,12/22/2022,1/24/2023
230126_837,837,7d_3,1/3/2022,M,singleNE,7d,GFPPos,76,4/15/2022,12/22/2022,1/24/2023
230126_838,838,7d_3,1/3/2022,M,singleNE,7d,GFPPos,76,4/15/2022,12/22/2022,1/24/2023
230126_839,839,7d_3,1/3/2022,M,singleNE,7d,GFPPos,76,4/15/2022,12/22/2022,1/24/2023
230126_840,840,7d_3,1/3/2022,M,singleNE,7d,GFPPos,76,4/15/2022,12/22/2022,1/24/2023
230126_841,841,7d_3,1/3/2022,M,singleNE,7d,GFPPos,76,4/15/2022,12/22/2022,1/24/2023
230126_842,842,7d_3,1/3/2022,M,singleNE,7d,GFPPos,76,4/15/2022,12/22/2022,1/24/2023
230126_843,843,7d_3,1/3/2022,M,singleNE,7d,GFPPos,76,4/15/2022,12/22/2022,1/24/2023
230126_844,844,7d_3,1/3/2022,M,singleNE,7d,GFPPos,76,4/15/2022,12/22/2022,1/24/2023
230126_845,845,7d_3,1/3/2022,M,singleNE,7d,GFPPos,76,4/15/2022,12/22/2022,1/24/2023
230126_846,846,7d_3,1/3/2022,M,singleNE,7d,GFPPos,76,4/15/2022,12/22/2022,1/24/2023
230126_847,847,7d_3,1/3/2022,M,singleNE,7d,GFPPos,76,4/15/2022,12/22/2022,1/24/2023
230126_848,848,7d_3,1/3/2022,M,singleNE,7d,GFPPos,76,4/15/2022,12/22/2022,1/24/2023
230126_849,849,7d_3,1/3/2022,M,singleNE,7d,GFPPos,76,4/15/2022,12/22/2022,1/24/2023
230126_850,850,7d_3,1/3/2022,M,singleNE,7d,GFPPos,76,4/15/2022,12/22/2022,1/24/2023
230126_851,851,7d_3,1/3/2022,M,singleNE,7d,GFPPos,76,4/15/2022,12/22/2022,1/24/2023
230126_852,852,7d_3,1/3/2022,M,singleNE,7d,GFPPos,76,4/15/2022,12/22/2022,1/24/2023
230126_853,853,7d_3,1/3/2022,M,singleNE,7d,GFPPos,76,4/15/2022,12/22/2022,1/24/2023
230126_854,854,7d_3,1/3/2022,M,singleNE,7d,GFPPos,76,4/15/2022,12/22/2022,1/24/2023
230126_855,855,7d_3,1/3/2022,M,singleNE,7d,GFPPos,76,4/15/2022,12/22/2022,1/24/2023
230126_856,856,7d_3,1/3/2022,M,singleNE,7d,GFPPos,76,4/15/2022,12/22/2022,1/24/2023
230126_857,857,7d_3,1/3/2022,M,singleNE,7d,GFPPos,76,4/15/2022,12/22/2022,1/24/2023
230126_858,858,7d_3,1/3/2022,M,singleNE,7d,GFPPos,76,4/15/2022,12/22/2022,1/24/2023
230126_859,859,7d_3,1/3/2022,M,singleNE,7d,GFPPos,76,4/15/2022,12/22/2022,1/24/2023
230126_860,860,7d_3,1/3/2022,M,singleNE,7d,GFPPos,76,4/15/2022,12/22/2022,1/24/2023
230126_861,861,7d_3,1/3/2022,M,singleNE,7d,GFPPos,76,4/15/2022,12/22/2022,1/24/2023
230126_862,862,7d_3,1/3/2022,M,singleNE,7d,GFPPos,76,4/15/2022,12/22/2022,1/24/2023
230126_863,863,7d_3,1/3/2022,M,singleNE,7d,GFPPos,77,4/15/2022,5/26/2022,1/24/2023
230126_864,864,7d_3,1/3/2022,M,singleNE,7d,GFPPos,77,4/15/2022,5/26/2022,1/24/2023
230126_865,865,7d_3,1/3/2022,M,singleNE,7d,GFPPos,77,4/15/2022,5/26/2022,1/24/2023
230126_866,866,7d_3,1/3/2022,M,singleNE,7d,GFPPos,77,4/15/2022,5/26/2022,1/24/2023
230126_867,867,7d_3,1/3/2022,M,singleNE,7d,GFPPos,77,4/15/2022,5/26/2022,1/24/2023
230126_868,868,7d_3,1/3/2022,M,singleNE,7d,GFPPos,77,4/15/2022,5/26/2022,1/24/2023
230126_869,869,7d_3,1/3/2022,M,singleNE,7d,GFPPos,77,4/15/2022,5/26/2022,1/24/2023
230126_870,870,7d_3,1/3/2022,M,singleNE,7d,GFPPos,77,4/15/2022,5/26/2022,1/24/2023
230126_871,871,7d_3,1/3/2022,M,singleNE,7d,GFPPos,77,4/15/2022,5/26/2022,1/24/2023
230126_872,872,7d_3,1/3/2022,M,singleNE,7d,GFPPos,77,4/15/2022,5/26/2022,1/24/2023
230126_873,873,7d_3,1/3/2022,M,singleNE,7d,GFPPos,77,4/15/2022,5/26/2022,1/24/2023
230126_874,874,7d_3,1/3/2022,M,singleNE,7d,GFPPos,77,4/15/2022,5/26/2022,1/24/2023
230126_875,875,7d_3,1/3/2022,M,singleNE,7d,GFPPos,77,4/15/2022,5/26/2022,1/24/2023
230126_876,876,7d_3,1/3/2022,M,singleNE,7d,GFPPos,77,4/15/2022,5/26/2022,1/24/2023
230126_877,877,7d_3,1/3/2022,M,singleNE,7d,GFPPos,77,4/15/2022,5/26/2022,1/24/2023
230126_878,878,7d_3,1/3/2022,M,singleNE,7d,GFPPos,77,4/15/2022,5/26/2022,1/24/2023
230126_879,879,7d_3,1/3/2022,M,singleNE,7d,GFPPos,77,4/15/2022,5/26/2022,1/24/2023
230126_880,880,7d_3,1/3/2022,M,singleNE,7d,GFPPos,77,4/15/2022,5/26/2022,1/24/2023
230126_881,881,7d_3,1/3/2022,M,singleNE,7d,GFPPos,77,4/15/2022,5/26/2022,1/24/2023
230126_882,882,7d_3,1/3/2022,M,singleNE,7d,GFPPos,77,4/15/2022,5/26/2022,1/24/2023
230126_883,883,7d_3,1/3/2022,M,singleNE,7d,GFPPos,77,4/15/2022,5/26/2022,1/24/2023
230126_884,884,7d_3,1/3/2022,M,singleNE,7d,GFPPos,77,4/15/2022,5/26/2022,1/24/2023
230126_885,885,7d_3,1/3/2022,M,singleNE,7d,GFPPos,77,4/15/2022,5/26/2022,1/24/2023
230126_886,886,7d_3,1/3/2022,M,singleNE,7d,GFPPos,77,4/15/2022,5/26/2022,1/24/2023
230126_887,887,7d_3,1/3/2022,M,singleNE,7d,GFPPos,77,4/15/2022,5/26/2022,1/24/2023
230126_888,888,7d_3,1/3/2022,M,singleNE,7d,GFPPos,77,4/15/2022,5/26/2022,1/24/2023
230126_889,889,7d_3,1/3/2022,M,singleNE,7d,GFPPos,77,4/15/2022,5/26/2022,1/24/2023
230126_890,890,7d_3,1/3/2022,M,singleNE,7d,GFPPos,77,4/15/2022,5/26/2022,1/24/2023
230126_891,891,7d_3,1/3/2022,M,singleNE,7d,GFPPos,77,4/15/2022,5/26/2022,1/24/2023
230126_892,892,7d_3,1/3/2022,M,singleNE,7d,GFPPos,77,4/15/2022,5/26/2022,1/24/2023
230126_893,893,7d_3,1/3/2022,M,singleNE,7d,GFPPos,77,4/15/2022,5/26/2022,1/24/2023
230126_894,894,7d_4,1/3/2022,M,singleNE,7d,GFPPos,79,4/15/2022,6/8/2022,1/24/2023
230126_895,895,7d_4,1/3/2022,M,singleNE,7d,GFPPos,79,4/15/2022,6/8/2022,1/24/2023
230126_896,896,7d_4,1/3/2022,M,singleNE,7d,GFPPos,79,4/15/2022,6/8/2022,1/24/2023
230126_897,897,7d_4,1/3/2022,M,singleNE,7d,GFPPos,79,4/15/2022,6/8/2022,1/24/2023
230126_898,898,7d_4,1/3/2022,M,singleNE,7d,GFPPos,79,4/15/2022,6/8/2022,1/24/2023
230126_899,899,7d_4,1/3/2022,M,singleNE,7d,GFPPos,79,4/15/2022,6/8/2022,1/24/2023
230126_900,900,7d_4,1/3/2022,M,singleNE,7d,GFPPos,79,4/15/2022,6/8/2022,1/24/2023
230126_901,901,7d_4,1/3/2022,M,singleNE,7d,GFPPos,79,4/15/2022,6/8/2022,1/24/2023
230126_902,902,7d_4,1/3/2022,M,singleNE,7d,GFPPos,79,4/15/2022,6/8/2022,1/24/2023
230126_903,903,7d_4,1/3/2022,M,singleNE,7d,GFPPos,79,4/15/2022,6/8/2022,1/24/2023
230126_904,904,7d_4,1/3/2022,M,singleNE,7d,GFPPos,79,4/15/2022,6/8/2022,1/24/2023
230126_905,905,7d_4,1/3/2022,M,singleNE,7d,GFPPos,79,4/15/2022,6/8/2022,1/24/2023
230126_906,906,7d_4,1/3/2022,M,singleNE,7d,GFPPos,79,4/15/2022,6/8/2022,1/24/2023
230126_907,907,7d_4,1/3/2022,M,singleNE,7d,GFPPos,79,4/15/2022,6/8/2022,1/24/2023
230126_908,908,7d_4,1/3/2022,M,singleNE,7d,GFPPos,79,4/15/2022,6/8/2022,1/24/2023
230126_909,909,7d_4,1/3/2022,M,singleNE,7d,GFPPos,79,4/15/2022,6/8/2022,1/24/2023
230126_910,910,7d_4,1/3/2022,M,singleNE,7d,GFPPos,79,4/15/2022,6/8/2022,1/24/2023
230126_911,911,7d_4,1/3/2022,M,singleNE,7d,GFPPos,79,4/15/2022,6/8/2022,1/24/2023
230126_912,912,7d_4,1/3/2022,M,singleNE,7d,GFPPos,79,4/15/2022,6/8/2022,1/24/2023
230126_913,913,7d_4,1/3/2022,M,singleNE,7d,GFPPos,79,4/15/2022,6/8/2022,1/24/2023
230126_914,914,7d_4,1/3/2022,M,singleNE,7d,GFPPos,79,4/15/2022,6/8/2022,1/24/2023
230126_915,915,7d_4,1/3/2022,M,singleNE,7d,GFPPos,79,4/15/2022,6/8/2022,1/24/2023
230126_916,916,7d_4,1/3/2022,M,singleNE,7d,GFPPos,79,4/15/2022,6/8/2022,1/24/2023
230126_917,917,7d_4,1/3/2022,M,singleNE,7d,GFPPos,79,4/15/2022,6/8/2022,1/24/2023
230126_918,918,7d_4,1/3/2022,M,singleNE,7d,GFPPos,79,4/15/2022,6/8/2022,1/24/2023
230126_919,919,7d_4,1/3/2022,M,singleNE,7d,GFPPos,79,4/15/2022,6/8/2022,1/24/2023
230126_920,920,7d_4,1/3/2022,M,singleNE,7d,GFPPos,79,4/15/2022,6/8/2022,1/24/2023
230126_921,921,7d_4,1/3/2022,M,singleNE,7d,GFPPos,79,4/15/2022,6/8/2022,1/24/2023
230126_922,922,7d_4,1/3/2022,M,singleNE,7d,GFPPos,79,4/15/2022,6/8/2022,1/24/2023
230126_923,923,7d_4,1/3/2022,M,singleNE,7d,GFPPos,79,4/15/2022,6/8/2022,1/24/2023
230126_924,924,7d_4,1/3/2022,M,singleNE,7d,GFPPos,79,4/15/2022,6/8/2022,1/24/2023
