,orig.ident,exposure
PIP1_AAACAAACAACTGAGTGATCATATGCAA,PIP1,Reexposed
PIP1_AAACAAACAAGGTGCACAAGGCCAACAT,PIP1,Reexposed
PIP1_AAACAAACAATACCTAAGGCGGAGTAAG,PIP1,Reexposed
PIP1_AAACAAACACGGTTCACAAGTGAATAGG,PIP1,Reexposed
PIP1_AAACAAACGATTTCTTGGCAGTTCTGCT,PIP1,Reexposed
PIP1_AAACAAACTAGTCTCACATTAACAGAAC,PIP1,Reexposed
PIP1_AAACCGCCAAACCGACCTTTGGTTAGGG,PIP1,Reexposed
PIP1_AAACCGCCAAGAGACTGAAGTGCACCAG,PIP1,Reexposed
PIP1_AAACCGCCCACAAGGATATGCTCAAACA,PIP1,Reexposed
PIP1_AAACCGCCCTTGACTGTAACGAAGATAT,PIP1,Reexposed
PIP1_AAACCGCCGAAAGGCTGGTATCAAATGG,PIP1,Reexposed
PIP1_AAACCGCCGAAAGGGGTTTCTCTGATTT,PIP1,Reexposed
PIP1_AAACCGCCGAGATAGCACTACAAGGTAC,PIP1,Reexposed
PIP1_AAACCGCCGCTGTAAGTTACAATGTATG,PIP1,Reexposed
PIP1_AAACCGCCGTAATCACAGCAGATGGTTA,PIP1,Reexposed
PIP1_AAACCGCCGTTTGGAAGCACGATGCAGA,PIP1,Reexposed
PIP1_AAACCGCCTCGATTGATATGCGTGGGAT,PIP1,Reexposed
PIP1_AAACCGCCTCTACCACCTTTGAGTGTAC,PIP1,Reexposed
PIP1_AAACCGCCTGAAAGGTAGAGTGCACCAG,PIP1,Reexposed
PIP1_AAACTACAAACTGATAGAACAAGGATGA,PIP1,Reexposed
PIP1_AAACTACAGATATGGTGATCGGCAAGGT,PIP1,Reexposed
PIP1_AAACTACAGTACAACTATGGAAACTACA,PIP1,Reexposed
PIP1_AAACTACAGTTTGGCACATTCCTTTACA,PIP1,Reexposed
PIP1_AAACTACATGCTTTGCTGTAGGGATTAC,PIP1,Reexposed
PIP1_AAAGAGGCAAGAGAACAAAGTACCTAAG,PIP1,Reexposed
PIP1_AAAGAGGCTTGGTAGATACCGCTATGGG,PIP1,Reexposed
PIP1_AAAGAGGCTTTCTCCTTCCACCATATGA,PIP1,Reexposed
PIP1_AAATTCCGCTTCGAGTAGAGGGGAGATG,PIP1,Reexposed
PIP1_AAATTCCGGAGATAGTTTGGGGTTAGGG,PIP1,Reexposed
PIP1_AAATTCCGTAAGCCGCGTTTAACAGAAC,PIP1,Reexposed
PIP1_AACTGCCTAAGCACGCACTAGAGTGTAC,PIP1,Reexposed
PIP1_AACTGCCTCTGGTAAAACTCCTGTTAAA,PIP1,Reexposed
PIP1_AACTGCCTGAAAGGAATACCGTTCTGCT,PIP1,Reexposed
PIP1_AACTGCCTGCGTTTACAGCAAACAAATG,PIP1,Reexposed
PIP1_AACTGCCTTAACCCCTATGGGGCAAGGT,PIP1,Reexposed
PIP1_AACTGCCTTTGGCAGTTTGGTGCACCAG,PIP1,Reexposed
PIP1_AACTGCCTTTTCTCCACGAAAACAAATG,PIP1,Reexposed
PIP1_AAGAGTATAGGAAAAAACCGACTAATTG,PIP1,Reexposed
PIP1_AAGAGTATATGTTGAAGCACAACAAATG,PIP1,Reexposed
PIP1_AAGAGTATCAATACACCATAGACACAAA,PIP1,Reexposed
PIP1_AAGAGTATGAAAGGGATATGCAGTTTAA,PIP1,Reexposed
PIP1_AAGAGTATTTCGAACTTCCATACCTAAG,PIP1,Reexposed
PIP1_AAGCCTTCAAAGACTCTACCTTAGCAAT,PIP1,Reexposed
PIP1_AAGCCTTCACAAAGAAACTCACCTGAAG,PIP1,Reexposed
PIP1_AAGCCTTCAGTGGAGTTAGTTGGAAAGC,PIP1,Reexposed
PIP1_AAGCCTTCATCTGAAAAGTGGTCTAATC,PIP1,Reexposed
PIP1_AAGCCTTCGTACAATACTCAGGGTCATT,PIP1,Reexposed
PIP1_AAGCCTTCTCTGTGAAAGTGAACAGAAC,PIP1,Reexposed
PIP1_AAGCCTTCTGCTAGTACAGATCATACCA,PIP1,Reexposed
PIP1_AAGCTCCTGATTTCCTATGGCGTGTACA,PIP1,Reexposed
PIP1_AAGCTCCTTTGGTATCTGTGTGGGAATT,PIP1,Reexposed
PIP1_AAGGGACCGCTGTATAACCCGTCAAGAG,PIP1,Reexposed
PIP1_AAGTCCAAAGAAGGGATATGGGGAGATG,PIP1,Reexposed
PIP1_AAGTCCAAGCTCTTAATAGCTGGTGTCT,PIP1,Reexposed
PIP1_AAGTCCAATAGTCTGCGTTTGTTCTGCT,PIP1,Reexposed
PIP1_AAGTCCAATATTGGTTAACGCACAACCT,PIP1,Reexposed
PIP1_AAGTTGTCAAAGGCAGACGTATAACAGG,PIP1,Reexposed
PIP1_AATACATCACAGCAGCGTTTGTCTAATC,PIP1,Reexposed
PIP1_AATACATCATGTTGGGTTTCAATGTATG,PIP1,Reexposed
PIP1_AATACATCCCGTATCCTAATCCAGACAG,PIP1,Reexposed
PIP1_AATACATCGACAATAATACCTAATGTGG,PIP1,Reexposed
PIP1_AATACATCGTTCACATGCACATCAGGGA,PIP1,Reexposed
PIP1_AATATGACAAGGTGGATACCTACTGAAT,PIP1,Reexposed
PIP1_AATATGACCTATGGGTTGCTTACTGAAT,PIP1,Reexposed
PIP1_AATATGACGATATGTCAGTCGTTCTGCT,PIP1,Reexposed
PIP1_AATATGACGTAATCTAACCCGTCAAGAG,PIP1,Reexposed
PIP1_AATATGACGTTAGTCAAACAAATATGAC,PIP1,Reexposed
PIP1_AATATGACTCTGTGAATAGCCAAACATT,PIP1,Reexposed
PIP1_ACCAGTTTAATAGCAGTGGACCTTTGTC,PIP1,Reexposed
PIP1_ACCAGTTTCCGTATTGAAAGACATGGAC,PIP1,Reexposed
PIP1_ACCAGTTTCTGAAGCCTAATAAAGAGGC,PIP1,Reexposed
PIP1_ACCAGTTTGAAAGGTATGCCGTCAGGTT,PIP1,Reexposed
PIP1_ACCAGTTTGTTTGGTTGGCAATGCATAT,PIP1,Reexposed
PIP1_ACCAGTTTTGGGTTTGCTAGGTTCTGCT,PIP1,Reexposed
PIP1_ACCAGTTTTTGGCATCTACCCACAAGTA,PIP1,Reexposed
PIP1_ACTCATACCTAAAGAAGGTGGAGTGTAC,PIP1,Reexposed
PIP1_ACTCATACCTATGGGTTCACGGGAGATG,PIP1,Reexposed
PIP1_AGAAACCAACAGCACAATACCAAGGTAC,PIP1,Reexposed
PIP1_AGAAACCAAGGAAACTTGACCAAGGTAC,PIP1,Reexposed
PIP1_AGAAACCAATGTTGCTTGACCTCAAACA,PIP1,Reexposed
PIP1_AGAAACCACAGTTGTCTACCAAACTGTG,PIP1,Reexposed
PIP1_AGAAACCAGAGATAGTACAACTGTTAAA,PIP1,Reexposed
PIP1_AGAAACCATCGATTGTTAGTACCACAGA,PIP1,Reexposed
PIP1_AGACCTCACACGAATACTCAGGTTACAC,PIP1,Reexposed
PIP1_AGACGAGGAGTTACAATAGCGTCTGGAA,PIP1,Reexposed
PIP1_AGACGAGGCTAAAGGGTTTCTGCACCAG,PIP1,Reexposed
PIP1_AGACGAGGGATTTCCTAAAGGGAGTAAG,PIP1,Reexposed
PIP1_AGACGAGGGTAATCAGAAGGTCCTATAT,PIP1,Reexposed
PIP1_AGACGAGGTATTGGTATTGGTACCTAAG,PIP1,Reexposed
PIP1_AGACGAGGTATTGGTGGGTTGTCTAATC,PIP1,Reexposed
PIP1_AGAGGTGCCAGTTGTACTCAGTTCTGCT,PIP1,Reexposed
PIP1_AGAGGTGCGAAATCAGACGTTGAATAGG,PIP1,Reexposed
PIP1_AGCTCCACAGAAACCAAACAACCACAGA,PIP1,Reexposed
PIP1_AGCTCCACCAGTTGGCTGTATCAAATGG,PIP1,Reexposed
PIP1_AGCTCCACGCGTTTCCTAATCACAAGTA,PIP1,Reexposed
PIP1_AGCTCCACGGTTTCGGTTTCACAAAGAT,PIP1,Reexposed
PIP1_AGCTCCACGGTTTCGGTTTCTCAAATGG,PIP1,Reexposed
PIP1_AGCTCCACTAAGCCTTGGCATTCTAGGA,PIP1,Reexposed
PIP1_AGCTCCACTATTGGCTTCCAGCTATGGG,PIP1,Reexposed
PIP1_AGCTCCACTATTGGTTAACGGGAGGTTT,PIP1,Reexposed
PIP1_AGCTCCACTTAACGGGTTTCCCTTTACA,PIP1,Reexposed
PIP1_AGGACACAAAGGTGGAAAGGTTCTAGGA,PIP1,Reexposed
PIP1_AGGACACAACAGCAGACAATCGTGTACA,PIP1,Reexposed
PIP1_AGGACACACCAAATTTCCAGACATGGAC,PIP1,Reexposed
PIP1_AGGACACACTTTAGTAACCCAATAAGGA,PIP1,Reexposed
PIP1_AGGACACATCAGTCGGTTTCGGAGTAAG,PIP1,Reexposed
PIP1_AGGACACATGCTAGACAGCAAAGGATGA,PIP1,Reexposed
PIP1_AGGACACATGCTTTATGCACGTCAAGAG,PIP1,Reexposed
PIP1_AGTAGTTACAGTTGGTGATCAATGTATG,PIP1,Reexposed
PIP1_AGTAGTTATGAACCCTGGTATCAAATGG,PIP1,Reexposed
PIP1_AGTCACAAACGGTTCACGAATCATACCA,PIP1,Reexposed
PIP1_AGTCACAACCAAATCTGGTAATAGATGT,PIP1,Reexposed
PIP1_AGTCACAAGAAATCACCTTTGTGGTGCT,PIP1,Reexposed
PIP1_AGTCACAAGAGATACACATTCGTGGGAT,PIP1,Reexposed
PIP1_AGTGCTTCAATACCACCATAGGAGGTTT,PIP1,Reexposed
PIP1_AGTGCTTCACAAAGGAAACCTGAATAGG,PIP1,Reexposed
PIP1_AGTGCTTCCACAAGGACAATTCTGATTT,PIP1,Reexposed
PIP1_AGTGCTTCGTTAGTGAAACCACTAATTG,PIP1,Reexposed
PIP1_AGTTGAACATCTGACCTAATGTCAAGAG,PIP1,Reexposed
PIP1_AGTTGAACATGTTGCACGAACTCAAACA,PIP1,Reexposed
PIP1_AGTTGAACGTTTGGATCAACTTCTAGGA,PIP1,Reexposed
PIP1_AGTTTGTAAAAGGCCACATTCAGTTTAA,PIP1,Reexposed
PIP1_AGTTTGTAAAGCACTCAAAGAATAAGGA,PIP1,Reexposed
PIP1_AGTTTGTAGAGATATAAGCCTGGTGTCT,PIP1,Reexposed
PIP1_AGTTTGTAGATATGCTATGGCAAGGTAC,PIP1,Reexposed
PIP1_AGTTTGTATGAAAGCTGAAGATAACAGG,PIP1,Reexposed
PIP1_AGTTTGTATTAACGTAGCGAGGGAGATG,PIP1,Reexposed
PIP1_ATAAGCTAGTTGCTCTATGGTACTGAAT,PIP1,Reexposed
PIP1_ATAAGCTATAACCCAAAGTGACCACAGA,PIP1,Reexposed
PIP1_ATAAGCTATATGCCATGCACTGGTGTCT,PIP1,Reexposed
PIP1_ATACTCTCCACAAGCTTTAGCTGGGTAT,PIP1,Reexposed
PIP1_ATACTCTCTGCTAGGTTAGTCAAGGGTT,PIP1,Reexposed
PIP1_ATACTCTCTTCGAAAAAGTGACAGATAA,PIP1,Reexposed
PIP1_ATTACCTTACGGTTATCTGAAAAGAGGC,PIP1,Reexposed
PIP1_ATTACCTTCACATTTGAAAGGGGTCATT,PIP1,Reexposed
PIP1_ATTACCTTCTTTAGTGAACCTGGCTAGT,PIP1,Reexposed
PIP1_ATTACCTTTGAACCTGAGAATCATACCA,PIP1,Reexposed
PIP1_ATTTCCATAAAGGCGTAGAGCTCACATC,PIP1,Reexposed
PIP1_ATTTCCATACAGCATTGGCATGGAAAGC,PIP1,Reexposed
PIP1_ATTTCCATAGACGTACAACCGACACAAA,PIP1,Reexposed
PIP1_ATTTCCATAGTGGAGTTCACGGTTAGGG,PIP1,Reexposed
PIP1_ATTTCCATAGTTACGTTGCTACAAAGAT,PIP1,Reexposed
PIP1_ATTTCCATCTTCGACTTCCAGGTTAGGG,PIP1,Reexposed
PIP1_ATTTCCATGAAATCAAAGTGTCATACCA,PIP1,Reexposed
PIP1_ATTTCCATGAAGAAGAAAGGATATGGGT,PIP1,Reexposed
PIP1_ATTTCCATGCTAAGTATGCCCAAGGTAC,PIP1,Reexposed
PIP1_ATTTCCATTTTCTCCTGAAGACACCAAG,PIP1,Reexposed
PIP1_ATTTCCATTTTCTCGGTTTCAAGGATGA,PIP1,Reexposed
PIP1_CAAACATTAGTGGAATCAACATGCATAT,PIP1,Reexposed
PIP1_CAAACATTGACAATAGAAGGTGGCTAGT,PIP1,Reexposed
PIP1_CAAGGGTTAAAGACGAAATCACTAGAGC,PIP1,Reexposed
PIP1_CAAGGGTTCAATACGTAGAGCCTTTGTC,PIP1,Reexposed
PIP1_CAAGGGTTGAAATCAAAGTGACCACAGA,PIP1,Reexposed
PIP1_CAAGGGTTGCTCTTGTTGCTATATGCAA,PIP1,Reexposed
PIP1_CAAGGGTTGGTCTAAAAGACAATATGAC,PIP1,Reexposed
PIP1_CAAGGGTTTTTCTCGCGTTTAATATGAC,PIP1,Reexposed
PIP1_CAATTCTCCCGTATATCTTCGGGTCATT,PIP1,Reexposed
PIP1_CAATTCTCGCGTTTCCTAATCTCACATC,PIP1,Reexposed
PIP1_CACTAACCACATGTAACTGAACATGGAC,PIP1,Reexposed
PIP1_CACTAACCAGAAGGGTTAGTTCATACCA,PIP1,Reexposed
PIP1_CACTAACCAGTGGAAAACTCAAGGATGA,PIP1,Reexposed
PIP1_CACTAACCCACGAAACAAAGACATGGAC,PIP1,Reexposed
PIP1_CACTAACCCTAAAGATCTGACCTTTACA,PIP1,Reexposed
PIP1_CACTAACCCTAAAGCACGAAAATAAGGA,PIP1,Reexposed
PIP1_CACTAACCGATTTCTATGCCAAACTGTG,PIP1,Reexposed
PIP1_CACTAACCGTGATCAATACCGATGCAGA,PIP1,Reexposed
PIP1_CAGGTTGCAAGGTGCTTCCATACTGAAT,PIP1,Reexposed
PIP1_CAGGTTGCGCGTTTGTTGCTCTGGGTAT,PIP1,Reexposed
PIP1_CAGGTTGCTAACCCCCAAATACACCAAG,PIP1,Reexposed
PIP1_CAGGTTGCTGAACCTTAACGTACCTAAG,PIP1,Reexposed
PIP1_CCACCTCTAAGGTGTACAGAGTCTAATC,PIP1,Reexposed
PIP1_CCACCTCTCTTCGACTTGACCAAGGGTT,PIP1,Reexposed
PIP1_CCACCTCTCTTTAGAAAGTGTACTGAAT,PIP1,Reexposed
PIP1_CCACCTCTGATATGAGTGGATCAAATGG,PIP1,Reexposed
PIP1_CCACCTCTGCTGTACTTTAGTGGCTAGT,PIP1,Reexposed
PIP1_CCACCTCTGTTCACTGCTTTATGCATAT,PIP1,Reexposed
PIP1_CCACCTCTTACAGAGACAATTATGTGAA,PIP1,Reexposed
PIP1_CCATCCACCACGAAAAAGTGAGTAATGG,PIP1,Reexposed
PIP1_CCATCCACCCAAATTGAGAATGGTGTCT,PIP1,Reexposed
PIP1_CCATCCACCGCAAAGATACCACAAGTAG,PIP1,Reexposed
PIP1_CCATCCACCTTGACCACAAGTACTGAAT,PIP1,Reexposed
PIP1_CCATCCACGTTTGGTGAGAAAATAAGGA,PIP1,Reexposed
PIP1_CCTACGCTAGGTAAAAGGTGGGCAAGGT,PIP1,Reexposed
PIP1_CCTATTTAAAGCACCAAACAGAAGATAT,PIP1,Reexposed
PIP1_CCTATTTAAATAGCGTAGAGTGGCTAGT,PIP1,Reexposed
PIP1_CCTATTTAACAGCAGACAATAACAAATG,PIP1,Reexposed
PIP1_CCTATTTACACAAGTAGAACGCTATGGG,PIP1,Reexposed
PIP1_CCTATTTACTTTAGCCTAATGAGTGTAC,PIP1,Reexposed
PIP1_CCTATTTAGAAATCTATTGGAATGTATG,PIP1,Reexposed
PIP1_CCTATTTAGTAGAGGACAATTTTGCCAG,PIP1,Reexposed
PIP1_CCTCATGAAAGAGATATTGGGTCTAATC,PIP1,Reexposed
PIP1_CCTCATGATGGGTTAACTGATCATACCA,PIP1,Reexposed
PIP1_CCTTTACAAAGGTGAAGAGATCAAATGG,PIP1,Reexposed
PIP1_CCTTTACAACAAAGTACTCACTGTTAAA,PIP1,Reexposed
PIP1_CCTTTACAGTTCACAAGCACGATGCAGA,PIP1,Reexposed
PIP1_CCTTTGTCAAAGACCACATTGGGAGATG,PIP1,Reexposed
PIP1_CCTTTGTCCTAAAGGAAGAATATGTGAA,PIP1,Reexposed
PIP1_CCTTTGTCGAGATATGCTTTCCTATTTA,PIP1,Reexposed
PIP1_CCTTTGTCGATGAATAAGCCCTCACATC,PIP1,Reexposed
PIP1_CCTTTGTCGTGATCAGTGGAGATGTGGC,PIP1,Reexposed
PIP1_CCTTTGTCTTGGTATCAAAGGTGGTGCT,PIP1,Reexposed
PIP1_CTAACGCCGTTCACTAGAACAAGGATGA,PIP1,Reexposed
PIP1_CTAACGCCTAAGGCCACGAAACAAAGAT,PIP1,Reexposed
PIP1_CTAGACTAAAAGGCTAAGCCTGAATAGG,PIP1,Reexposed
PIP1_CTAGACTACAGTTGTTCCAGGAAAGACA,PIP1,Reexposed
PIP1_CTAGACTACTATGGAGAAACGCTATGGG,PIP1,Reexposed
PIP1_CTAGACTACTTTAGTCAAAGCTCACATC,PIP1,Reexposed
PIP1_CTAGACTAGAAGAAGGTTTCCCATATGA,PIP1,Reexposed
PIP1_CTAGACTAGTAATCTAAGCCCAAACATT,PIP1,Reexposed
PIP1_CTAGACTAGTAGAGGATATGATAGATGT,PIP1,Reexposed
PIP1_CTAGACTATCGATTTATTGGCACAACCT,PIP1,Reexposed
PIP1_CTAGACTATTGGCATACAGAGGGAGATG,PIP1,Reexposed
PIP1_CTCCTCCAACAGCATGAACCTGAATAGG,PIP1,Reexposed
PIP1_CTCCTCCACTAAAGGTTCACAGTAATGG,PIP1,Reexposed
PIP1_CTCCTCCACTGGTAGCACTACCTTTGTC,PIP1,Reexposed
PIP1_CTCCTCCAGCACTATTAACGATGCATAT,PIP1,Reexposed
PIP1_CTCCTCCAGTTAGTTCAAAGCCTTTACA,PIP1,Reexposed
PIP1_CTCCTCCAGTTCACTCTACCTATGTGAA,PIP1,Reexposed
PIP1_CTCCTCCATTTCTCGTGATCCTCAAACA,PIP1,Reexposed
PIP1_CTGGGTATAAACCGAGGTAAAATATGAC,PIP1,Reexposed
PIP1_CTGTGACCAACTGACAAACAATATGCAA,PIP1,Reexposed
PIP1_CTGTGACCACAACCACAACCTCATACCA,PIP1,Reexposed
PIP1_CTGTGACCCACATTCTTGACCAAGGTAC,PIP1,Reexposed
PIP1_CTGTGACCGATTTCTTGGTAAATGTATG,PIP1,Reexposed
PIP1_CTGTGACCGCTGTAGTTAGTTCATACCA,PIP1,Reexposed
PIP1_CTGTGACCTAAGGCAAACCGTGGCTAGT,PIP1,Reexposed
PIP1_CTGTGACCTCAAAGTGAAAGCCTATTTA,PIP1,Reexposed
PIP1_CTGTTAAAAGGAAAGTTAGTGTCTGGAA,PIP1,Reexposed
PIP1_CTGTTAAAATCTGATCTGTGACCAGTTT,PIP1,Reexposed
PIP1_CTGTTAAAATGTTGGTGATCGGAGTAAG,PIP1,Reexposed
PIP1_CTGTTAAACGCAAAAAGCTCCTCAAACA,PIP1,Reexposed
PIP1_CTGTTAAAGATATGGTTCACAGTTTGTA,PIP1,Reexposed
PIP1_CTGTTAAAGATGAATGTAACCTCACATC,PIP1,Reexposed
PIP1_CTGTTAAATAACCCAAGCACGTCAGGTT,PIP1,Reexposed
PIP1_CTGTTAAATCGATTGAACAGAATATGAC,PIP1,Reexposed
PIP1_CTGTTAAATGAAAGAGTTACGGGTCATT,PIP1,Reexposed
PIP1_CTGTTAAATGAACCGTTCACCCATATGA,PIP1,Reexposed
PIP1_CTGTTGTGAAACACTATGCCAAACTACA,PIP1,Reexposed
PIP1_CTGTTGTGAATACCTCTACCGAGTGTAC,PIP1,Reexposed
PIP1_CTGTTGTGCTATGGGAAAGGGCCTGGTA,PIP1,Reexposed
PIP1_CTGTTGTGCTGAAGGTACAATCAAATGG,PIP1,Reexposed
PIP1_CTGTTGTGGAAAGGGACAATTTTGCCAG,PIP1,Reexposed
PIP1_CTGTTGTGGAAAGGTGAACCTGCACCAG,PIP1,Reexposed
PIP1_CTGTTGTGTAGTCTTGCTAGGGTTAGGG,PIP1,Reexposed
PIP1_CTGTTGTGTATTGGACCTTTGGAGGTTT,PIP1,Reexposed
PIP1_CTGTTGTGTTGGTAAAGCACTCAAATGG,PIP1,Reexposed
PIP1_CTGTTGTGTTTCTCTGCTTTGTCAAGAG,PIP1,Reexposed
PIP1_CTGTTTCCCACAAGTAAGGCTTCTAGGA,PIP1,Reexposed
PIP1_CTGTTTCCCTTGTTACATGTATATGCAA,PIP1,Reexposed
PIP1_CTGTTTCCCTTGTTTAGCGATACCTAAG,PIP1,Reexposed
PIP1_CTGTTTCCTGAGAAGATATGTTAGCAAT,PIP1,Reexposed
PIP1_CTTAGTGTACAAAGCTGAAGCGTGTACA,PIP1,Reexposed
PIP1_CTTAGTGTACAGCAGACAATAAACTGTG,PIP1,Reexposed
PIP1_CTTAGTGTATGTTGTGAAAGGATGGTTA,PIP1,Reexposed
PIP1_CTTAGTGTCAATACAGACGTGTCTGGAA,PIP1,Reexposed
PIP1_CTTAGTGTGAGATAAACTGAGTGGTGCT,PIP1,Reexposed
PIP1_CTTCTACGAATACCATCTGAACCAGTTT,PIP1,Reexposed
PIP1_CTTCTACGACGGTTTGCTAGGCTATGGG,PIP1,Reexposed
PIP1_CTTCTACGCTGAAGACTTCCTGGAAAGC,PIP1,Reexposed
PIP1_CTTCTACGGAACAGCTTCGAAAAGAGGC,PIP1,Reexposed
PIP1_CTTCTACGTCAGTCTAAGCCAGTAATGG,PIP1,Reexposed
PIP1_CTTTATCCCAGTTGAACTGAAAAGAGGC,PIP1,Reexposed
PIP1_CTTTATCCCCTAATACAACCGGCTATAA,PIP1,Reexposed
PIP1_CTTTATCCGATTTCCTAAAGAAAGAGGC,PIP1,Reexposed
PIP1_CTTTCACTACAAAGAAGAGATGAATAGG,PIP1,Reexposed
PIP1_CTTTCACTATCAACATCTTCTATGTGAA,PIP1,Reexposed
PIP1_CTTTGGACGCTAAGACATGTGAGTGTAC,PIP1,Reexposed
PIP1_CTTTGGACGTTCACAACTGAACTAATTG,PIP1,Reexposed
PIP1_GAAATACGAAAGGCAAACCGCTGTTAAA,PIP1,Reexposed
PIP1_GAAATACGAAGGTGAGACGTGGCTATAA,PIP1,Reexposed
PIP1_GAAATACGCAATACTGAGAAGGAGGTTT,PIP1,Reexposed
PIP1_GAAATACGCACATTACTTCCGGAGTAAG,PIP1,Reexposed
PIP1_GAAATACGCTGAAGAAGCTCGCTAAGTT,PIP1,Reexposed
PIP1_GAAATACGGAAAGGGGTTTCGGAGGTTT,PIP1,Reexposed
PIP1_GAAATACGGCTAAGGATATGTTAGCAAT,PIP1,Reexposed
PIP1_GAAATACGTTTCTCTAACCCTCAAATGG,PIP1,Reexposed
PIP1_GACACCTGAGGTAATACTCATTTGCCAG,PIP1,Reexposed
PIP1_GACACCTGATGTTGCTTGACGATGCAGA,PIP1,Reexposed
PIP1_GACACCTGCTTCGAGTTGCTTATGTGAA,PIP1,Reexposed
PIP1_GACACCTGGCGTTTCCTAATGTCAGGTT,PIP1,Reexposed
PIP1_GACACCTGGCTGTATAGCGACTCAAACA,PIP1,Reexposed
PIP1_GACACCTGGTAGAGGAAGAATGAATAGG,PIP1,Reexposed
PIP1_GACACCTGGTTAGTGAAGAAGCTATGGG,PIP1,Reexposed
PIP1_GACACCTGGTTGCTTGAAAGCGTGGGAT,PIP1,Reexposed
PIP1_GACACCTGTTCGAATACTCATGCACCAG,PIP1,Reexposed
PIP1_GAGAAACCACGGTTATGCACTGGCTAGT,PIP1,Reexposed
PIP1_GAGAAACCTAAGGCAAACTCCTGGGTAT,PIP1,Reexposed
PIP1_GAGGAGTGAGAAGGTAAGGCGATGGTTA,PIP1,Reexposed
PIP1_GAGGAGTGCAATACAAAGTGTACTGAAT,PIP1,Reexposed
PIP1_GAGGAGTGCTAAAGTTGGTAAGTTTGTA,PIP1,Reexposed
PIP1_GAGGAGTGCTGGTAGAAGAATCATACCA,PIP1,Reexposed
PIP1_GAGGAGTGGCTCTTTGCTTTGGAGGTTT,PIP1,Reexposed
PIP1_GAGGAGTGGCTGTATGAGAACAGTTTAA,PIP1,Reexposed
PIP1_GAGGGTCAATGTTGCACGAATACTGAAT,PIP1,Reexposed
PIP1_GAGGGTCACCAAATAGTTACGGGATTAC,PIP1,Reexposed
PIP1_GAGGGTCAGCTAAGGAAAGGACTAGAGC,PIP1,Reexposed
PIP1_GAGTGTACAAACACTACTCAGGCTATAA,PIP1,Reexposed
PIP1_GAGTGTACGTTGCTATGCACTATGTGAA,PIP1,Reexposed
PIP1_GAGTGTACTATGCCACATGTAAGGATGA,PIP1,Reexposed
PIP1_GATGTGGCAAAGTGTTGGTAATAGATGT,PIP1,Reexposed
PIP1_GATGTGGCAAGCACAAGCTCGCTATGGG,PIP1,Reexposed
PIP1_GATGTGGCACAGCATCAGTCCCTTTGTC,PIP1,Reexposed
PIP1_GATGTGGCGCTGTAAGAAGGCCTTTGTC,PIP1,Reexposed
PIP1_GATGTGGCGTAATCGCTGTAGGTTAGGG,PIP1,Reexposed
PIP1_GATGTGGCGTAATCTATTGGACAGGCCA,PIP1,Reexposed
PIP1_GATGTGGCGTACAATAAGGCTCATACCA,PIP1,Reexposed
PIP1_GATTACTTAGTGGAGTAGAGGAAGATAT,PIP1,Reexposed
PIP1_GATTACTTAGTTACACAGCACAAGGGTT,PIP1,Reexposed
PIP1_GATTACTTATCTGACCTAATATCAGGGA,PIP1,Reexposed
PIP1_GATTACTTCACGAAGTTCACTGGAAAGC,PIP1,Reexposed
PIP1_GATTACTTGTAGAGAAAGACTTCTAGGA,PIP1,Reexposed
PIP1_GATTGGGAACCTTTAAGCACAATGTATG,PIP1,Reexposed
PIP1_GATTGGGAGCTCTTTGCTAGGTCTAATC,PIP1,Reexposed
PIP1_GATTGGGAGTTTGGCAAACACGTGTACA,PIP1,Reexposed
PIP1_GATTGGGATCAAAGACAGCATTGCATTC,PIP1,Reexposed
PIP1_GCCTGGTAACTTCCCTAAAGGCTAAGTT,PIP1,Reexposed
PIP1_GCCTGGTACATCTATAACCCGGCAAGGT,PIP1,Reexposed
PIP1_GCCTGGTAGAGATACACATTTGGCTAGT,PIP1,Reexposed
PIP1_GCCTGGTAGTTCACTTCCAGTATGTGAA,PIP1,Reexposed
PIP1_GCCTGGTATAAGCCCCTAATTCCTATAT,PIP1,Reexposed
PIP1_GCCTGGTATATTGGAAAGTGTGAATAGG,PIP1,Reexposed
PIP1_GCCTGGTATATTGGCAATACGGGAGATG,PIP1,Reexposed
PIP1_GCCTGGTATCGATTCTTCGAACTAGAGC,PIP1,Reexposed
PIP1_GCCTGGTATGTATCAAGAGAATAGATGT,PIP1,Reexposed
PIP1_GCCTGGTATTAACGGTACAACCAGACAG,PIP1,Reexposed
PIP1_GCTTCTCCAAGAGACTTTAGTTCTAGGA,PIP1,Reexposed
PIP1_GCTTCTCCCACAAGTGGGTTAAGGATGA,PIP1,Reexposed
PIP1_GCTTCTCCCTATGGGTGATCGCCTGGTA,PIP1,Reexposed
PIP1_GCTTCTCCGATATGGACAATCGTGTACA,PIP1,Reexposed
PIP1_GCTTCTCCGTTTGGTGGGTTTTGCATTC,PIP1,Reexposed
PIP1_GCTTCTCCTAGCGAGATACCATAACAGG,PIP1,Reexposed
PIP1_GCTTCTCCTGGGTTTGAGAAAGTAATGG,PIP1,Reexposed
PIP1_GTAAACAAACAGCAAGAAGGCAGTTTAA,PIP1,Reexposed
PIP1_GTAAACAATTGGTATCAAAGATAGATGT,PIP1,Reexposed
PIP1_GTCCACTAAAACCGCAATACAACAAATG,PIP1,Reexposed
PIP1_GTCCACTACACGAAACTTCCTCTGATTT,PIP1,Reexposed
PIP1_GTCCACTACTGAAGTGTATCGTGGTGCT,PIP1,Reexposed
PIP1_GTCCACTATGCTTTGATACCGTCAAGAG,PIP1,Reexposed
PIP1_GTCCACTATGGGTTAACTGACAAGGTAC,PIP1,Reexposed
PIP1_GTCCTTGCAGTGGAGTTAGTGAAAGACA,PIP1,Reexposed
PIP1_GTCCTTGCGTAGAGTAGCGAACCAGTTT,PIP1,Reexposed
PIP1_GTCCTTGCGTTAGTGTTAGTAATGTATG,PIP1,Reexposed
PIP1_GTCCTTGCTATGCCGATATGACCTGAAG,PIP1,Reexposed
PIP1_GTCCTTGCTGGGTTTACAGAGGGATTAC,PIP1,Reexposed
PIP1_GTCTAATCAAAGGCTCTGTGAACAAATG,PIP1,Reexposed
PIP1_GTCTAATCCTGGTAAAAGTGAACAAATG,PIP1,Reexposed
PIP1_GTCTAATCGAAAGGGAAGAATCCAGAAG,PIP1,Reexposed
PIP1_GTCTAATCTCTGTGAAACTCGGTTAGGG,PIP1,Reexposed
PIP1_GTCTTCCTAGGAAAGTAGAGTTCTAGGA,PIP1,Reexposed
PIP1_GTCTTCCTCTATGGGATACCGCTATGGG,PIP1,Reexposed
PIP1_GTCTTCCTTCTGTGTGCTTTGAGTGTAC,PIP1,Reexposed
PIP1_GTGAACTCTAACCCGCACTAAGTTTGTA,PIP1,Reexposed
PIP1_GTGAACTCTATTGGACAAAGAAACTGTG,PIP1,Reexposed
PIP1_GTGAACTCTGAGAATGAACCATGCATAT,PIP1,Reexposed
PIP1_GTGAACTCTTGGTAAGTTACGTTCTGCT,PIP1,Reexposed
PIP1_GTGAGGCACACGAAAGTTACAGTAATGG,PIP1,Reexposed
PIP1_GTGAGGCACCTAATGTTCACAGTTTGTA,PIP1,Reexposed
PIP1_GTGAGGCAGTAATCTAGCGACGTGTGTT,PIP1,Reexposed
PIP1_GTGGTGCTAAAGACGTGATCGATGGTTA,PIP1,Reexposed
PIP1_GTGGTGCTACAAAGTGAACCTGGTGTCT,PIP1,Reexposed
PIP1_GTGGTGCTACAACCTTAACGCAAGGTAC,PIP1,Reexposed
PIP1_GTGGTGCTCCAAATACAACCACCACAGA,PIP1,Reexposed
PIP1_GTGGTGCTCGCAAATGGGTTGGGAGATG,PIP1,Reexposed
PIP1_GTGTCACCACCTTTGGTTTCACAAAGAT,PIP1,Reexposed
PIP1_GTTCTGCTAAGAGATGCTAGGAGTGTAC,PIP1,Reexposed
PIP1_GTTCTGCTACAACCCTGGTAGATGCAGA,PIP1,Reexposed
PIP1_GTTCTGCTCCGTATCTTGTTGATGCAGA,PIP1,Reexposed
PIP1_GTTCTGCTGATGAATAAGGCACCTGAAG,PIP1,Reexposed
PIP1_GTTCTGCTTAAGCCCCTAATCAAACATT,PIP1,Reexposed
PIP1_GTTCTGCTTATTGGAAACCGTCTGATTT,PIP1,Reexposed
PIP1_GTTCTGCTTCGATTTCTGTGACCAGTTT,PIP1,Reexposed
PIP1_GTTCTGCTTGCTAGCAATACCTGGGTAT,PIP1,Reexposed
PIP1_GTTCTGCTTTGGTACTTCCAACATGGAC,PIP1,Reexposed
PIP1_GTTCTGCTTTGGTACTTCCAGTTCTGCT,PIP1,Reexposed
PIP1_GTTGTCCGAAAGGCCCTAATATGCATAT,PIP1,Reexposed
PIP1_TAACTTCTAATAGCTAAGGCGTCAAGAG,PIP1,Reexposed
PIP1_TAACTTCTACCTTTCAAACACCTTTGTC,PIP1,Reexposed
PIP1_TAACTTCTTAAGGCTGCTTTCAAACATT,PIP1,Reexposed
PIP1_TAACTTCTTCAGTCAGAAACGGGTCATT,PIP1,Reexposed
PIP1_TACTGAATCTAAAGGTTTGGATCCTAGT,PIP1,Reexposed
PIP1_TACTGAATCTAAAGTGAGAAATAACAGG,PIP1,Reexposed
PIP1_TACTGAATCTGGTAGTGATCCAAACATT,PIP1,Reexposed
PIP1_TACTGAATGATTTCTGAACCTCTGATTT,PIP1,Reexposed
PIP1_TACTGAATTAGTCTTTGGTATGAATAGG,PIP1,Reexposed
PIP1_TACTGAATTTTCTCAAGCTCGATGTGGC,PIP1,Reexposed
PIP1_TAGTCTCTAATAGCAAGCTCGATGTGGC,PIP1,Reexposed
PIP1_TAGTCTCTGGTCTAAACTGAACAAGTAG,PIP1,Reexposed
PIP1_TAGTCTCTTAGTCTAAGCACGATGCAGA,PIP1,Reexposed
PIP1_TAGTCTCTTCTGTGATCTTCGAAAGACA,PIP1,Reexposed
PIP1_TAGTCTCTTGAAAGCAGTTGGTGGTGCT,PIP1,Reexposed
PIP1_TATCCACGACGGTTGATATGCACAAGTA,PIP1,Reexposed
PIP1_TATCCACGGCACTATGAACCACAGATAA,PIP1,Reexposed
PIP1_TATCTGTCACATGTCACGAACAAGGAAT,PIP1,Reexposed
PIP1_TATCTGTCACGGTTTAAGGCTCTGATTT,PIP1,Reexposed
PIP1_TATCTGTCAGAAACTACAGAAAATAGCA,PIP1,Reexposed
PIP1_TATGTGAAAAAGACGAACAGGGAGGTTT,PIP1,Reexposed
PIP1_TATGTGAAAAAGGCCTGGTAAATGTATG,PIP1,Reexposed
PIP1_TATGTGAAAAAGTGGTTAGTTACTGAAT,PIP1,Reexposed
PIP1_TATGTGAAACATGTGAAATCTATGTGAA,PIP1,Reexposed
PIP1_TATGTGAACAATACTGAAAGACCAGTTT,PIP1,Reexposed
PIP1_TATGTGAAGTAATCGTGATCGGGATTAC,PIP1,Reexposed
PIP1_TATGTGAAGTAGAGAATAGCATATGGGT,PIP1,Reexposed
PIP1_TATGTGAATTGGCAAATAGCCGTGTGTT,PIP1,Reexposed
PIP1_TCCGACACAAGAGACTATGGCGTGTGTT,PIP1,Reexposed
PIP1_TCCGACACACAGCAGAAACCATAACAGG,PIP1,Reexposed
PIP1_TCCGACACCTGGTACTTTAGTGCACCAG,PIP1,Reexposed
PIP1_TCCGACACGCACTACACGAAACTAGAGC,PIP1,Reexposed
PIP1_TCCGACACGTAGAGACAAAGGTTCTGCT,PIP1,Reexposed
PIP1_TCCGACACTATTGGGTGATCAGTTTGTA,PIP1,Reexposed
PIP1_TCCGACACTTGGTATACAGAGCCTGGTA,PIP1,Reexposed
PIP1_TCCGACACTTTCTCGTGATCAAAGAGGC,PIP1,Reexposed
PIP1_TCCTATATACAACCGATACCTTCTAGGA,PIP1,Reexposed
PIP1_TCCTATATAGAAGGTACTCAAACAGAAC,PIP1,Reexposed
PIP1_TCCTATATATGTTGAAACTCCGTGTACA,PIP1,Reexposed
PIP1_TCCTATATCACGAAACCTTTTCATACCA,PIP1,Reexposed
PIP1_TCCTATATTAACCCAAAGTGCACAACCT,PIP1,Reexposed
PIP1_TCCTATATTTAACGGAAATCATAGATGT,PIP1,Reexposed
PIP1_TCCTATATTTAACGGTAATCATAGATGT,PIP1,Reexposed
PIP1_TCTAAACTCCTAATAAACCGGAAAGACA,PIP1,Reexposed
PIP1_TCTAAACTCTGGTACTTCCAATATGGGT,PIP1,Reexposed
PIP1_TCTAAACTGAGATATACTCACGTGTACA,PIP1,Reexposed
PIP1_TCTAAACTGGTCTATGCTTTTCCTATAT,PIP1,Reexposed
PIP1_TCTAAACTGTACAAATCTGATAATGTGG,PIP1,Reexposed
PIP1_TCTATTCCAAAGACAGGTAAGGCAAGGT,PIP1,Reexposed
PIP1_TCTATTCCATCAACAAAGACTGCACCAG,PIP1,Reexposed
PIP1_TCTATTCCGATATGGTAATCACAGGCCA,PIP1,Reexposed
PIP1_TCTATTCCGATTTCACCATAGAGTGTAC,PIP1,Reexposed
PIP1_TCTATTCCGCACTAAAGCTCTGGGAATT,PIP1,Reexposed
PIP1_TCTATTCCGTACAACTTCGACAAGGTAC,PIP1,Reexposed
PIP1_TCTTTGACGAAAGGATGTTGACATGGAC,PIP1,Reexposed
PIP1_TCTTTGACGACAATGTGATCCAAGGAAT,PIP1,Reexposed
PIP1_TCTTTGACGCTAAGTTCCAGAGTAGTTA,PIP1,Reexposed
PIP1_TCTTTGACGTGATCTATGCCTCATACCA,PIP1,Reexposed
PIP1_TCTTTGACTAGCGAGTGATCCGTGGGAT,PIP1,Reexposed
PIP1_TCTTTGACTGAAAGGTAGAGGCTAAGTT,PIP1,Reexposed
PIP1_TGCTTCATAAACACCCAAATCTGGGTAT,PIP1,Reexposed
PIP1_TGCTTCATCACATTAAAGACTGGTGTCT,PIP1,Reexposed
PIP1_TGCTTCATGCTCTTTAGCGATGGAAAGC,PIP1,Reexposed
PIP1_TGCTTCATGTAATCACAGCAATATGCAA,PIP1,Reexposed
PIP1_TTAGCTGCCACGAAGCTGTAAGTAGTTA,PIP1,Reexposed
PIP1_TTAGCTGCTAGCGAGTTCACGTCAGGTT,PIP1,Reexposed
PIP1_TTAGCTGCTTGGCATGCTAGGAAAGACA,PIP1,Reexposed
PIP1_TTCACTGGAAGGTGAGTTACAGTAATGG,PIP1,Reexposed
PIP1_TTCACTGGTGCTAGTACAGACAAACATT,PIP1,Reexposed
PIP1_TTGCTCTATATTGGTCTGTGGGCTATAA,PIP1,Reexposed
PIP1_TTGCTCTATGAAAGCCAAATGATGGTTA,PIP1,Reexposed
PIP1_TTGCTCTATGCTAGGTTAGTGGCTATAA,PIP1,Reexposed
PIP1_TTGGGTCCACATGTTCTACCGAAGATAT,PIP1,Reexposed
PIP1_TTGGGTCCCACATTCTGGTAGATGGTTA,PIP1,Reexposed
PIP1_TTGGGTCCCTGGTAGTTGCTACAGGCCA,PIP1,Reexposed
PIP1_TTGGGTCCCTTTAGTAGAACATATGCAA,PIP1,Reexposed
PIP1_TTGGGTCCTTAACGGCTAAGACAGGCCA,PIP1,Reexposed
PIP1_TTTGTACAATGTTGACCATACTCACATC,PIP1,Reexposed
PIP1_TTTGTACACAATACGTGATCGTCAGGTT,PIP1,Reexposed
PIP1_TTTGTACACCGTATTACAGATAATGTGG,PIP1,Reexposed
PIP1_TTTGTACAGACAATGAAGAAGGTTAGGG,PIP1,Reexposed
PIP1_TTTGTACAGCTGTAGTGATCGGAGTAAG,PIP1,Reexposed
PIP1_TTTGTACATAAGCCTAGAACACAGATAA,PIP1,Reexposed
PIP1_TTTGTACATGAGAAACCATAAAAGAGGC,PIP1,Reexposed
PIP1_TTTGTACATGTATCAATACCCACAACCT,PIP1,Reexposed
PIP1_TTTGTACATTAACGAGGTAATCATACCA,PIP1,Reexposed
PIP1_TTTGTACATTCGAACTTTAGGACACAAA,PIP1,Reexposed
PIP1_TTTGTACATTGGCAACCTTTAAAGAGGC,PIP1,Reexposed
PIP1_TTTGTACATTGGCAGACAATATATGGGT,PIP1,Reexposed
PIP1_TTTGTACATTGGTAGTTGCTGATGTGGC,PIP1,Reexposed
PIP2_AAACAAACTTGGTAAAGCACGCCTGGTA,PIP2,Reexposed
PIP2_AAACCGCCCCAAATATCAACGTTCTGCT,PIP2,Reexposed
PIP2_AAACCGCCCTTGTTAGGTAACCTATTTA,PIP2,Reexposed
PIP2_AAACCGCCTAACCCAGTTACGGTTAGGG,PIP2,Reexposed
PIP2_AAACCGCCTAGCGAACATGTAAACTACA,PIP2,Reexposed
PIP2_AAACCGCCTGAAAGATCTGAAAATAGCA,PIP2,Reexposed
PIP2_AAACCGCCTGAGAAAAACTCACAGATAA,PIP2,Reexposed
PIP2_AAACTACAACGGTTTGAGAAGCCAACAT,PIP2,Reexposed
PIP2_AAACTACAAGGAAACTTGACGGTTACAC,PIP2,Reexposed
PIP2_AAACTACACTTGTTTCAAAGCAAGGAAT,PIP2,Reexposed
PIP2_AAACTACAGATTTCGAAATCGTCAAGAG,PIP2,Reexposed
PIP2_AAACTACAGTACAAAGAAACGAAGATAT,PIP2,Reexposed
PIP2_AAACTACAGTGATCGACAATCTCACATC,PIP2,Reexposed
PIP2_AAACTACAGTTCACGATATGCTGGGTAT,PIP2,Reexposed
PIP2_AAACTACATAAGCCGCTGTATGGAAAGC,PIP2,Reexposed
PIP2_AAACTACATTAACGGAACAGAGTAATGG,PIP2,Reexposed
PIP2_AAAGAGGCAAGGTGCACATTGGTTACAC,PIP2,Reexposed
PIP2_AAAGAGGCCTGAAGGTACAAACTAGAGC,PIP2,Reexposed
PIP2_AAAGAGGCGGTTTCAAGCTCTACTGAAT,PIP2,Reexposed
PIP2_AAATTCCGAGGTAATCCATATGGGAATT,PIP2,Reexposed
PIP2_AAATTCCGATCTGACACATTAAGGATGA,PIP2,Reexposed
PIP2_AAATTCCGGAGATATGGGTTCGTGGGAT,PIP2,Reexposed
PIP2_AAATTCCGGATATGAACTGATCATACCA,PIP2,Reexposed
PIP2_AAATTCCGTATTGGACAACCTTCTAGGA,PIP2,Reexposed
PIP2_AAATTCCGTCTGTGAAAGGCGATGTGGC,PIP2,Reexposed
PIP2_AACTGCCTACATGTCTTGTTAATAAGGA,PIP2,Reexposed
PIP2_AACTGCCTCACATTGCGTTTGATGTGGC,PIP2,Reexposed
PIP2_AACTGCCTCTGGTAACAGCAAAATAGCA,PIP2,Reexposed
PIP2_AACTGCCTGAAGAATAAGGCAAGGATGA,PIP2,Reexposed
PIP2_AACTGCCTGGTCTACCAAATCAAGGGTT,PIP2,Reexposed
PIP2_AACTGCCTGTTAGTGCTGTAATAGATGT,PIP2,Reexposed
PIP2_AACTGCCTTAACCCCTTGTTAATAAGGA,PIP2,Reexposed
PIP2_AACTGCCTTGCTAGTCTACCGAAAGACA,PIP2,Reexposed
PIP2_AAGAGTATAGAAACGATATGAAAGAGGC,PIP2,Reexposed
PIP2_AAGAGTATAGGTAATTAACGACAAGTAG,PIP2,Reexposed
PIP2_AAGAGTATCACATTGGTTTCACTAATTG,PIP2,Reexposed
PIP2_AAGAGTATCTATGGAAACACATATGGGT,PIP2,Reexposed
PIP2_AAGAGTATGCGTTTTAGAACGTCAGGTT,PIP2,Reexposed
PIP2_AAGAGTATGTTTGGACATGTGTGGTGCT,PIP2,Reexposed
PIP2_AAGAGTATTATTGGTTAACGATATGGGT,PIP2,Reexposed
PIP2_AAGAGTATTGAGAATGGGTTGGCTATAA,PIP2,Reexposed
PIP2_AAGCCTTCATGCACACAGCAGGTTAGGG,PIP2,Reexposed
PIP2_AAGCCTTCCTAAAGTAACCCATCAGGGA,PIP2,Reexposed
PIP2_AAGCCTTCCTGGTATAACCCGGAGGTTT,PIP2,Reexposed
PIP2_AAGCCTTCCTTTAGGCTAAGACAAGTAG,PIP2,Reexposed
PIP2_AAGCCTTCGAAAGGTAACCCATATGGGT,PIP2,Reexposed
PIP2_AAGCCTTCGCGTTTAGTTACTACTGAAT,PIP2,Reexposed
PIP2_AAGCCTTCGCTGTAACAGCATTGCATTC,PIP2,Reexposed
PIP2_AAGCCTTCTAACCCGTTCACCAAGGAAT,PIP2,Reexposed
PIP2_AAGCCTTCTAGCGACACATTGTTCTGCT,PIP2,Reexposed
PIP2_AAGCTCCTAAGCACAAGAGACGTGGGAT,PIP2,Reexposed
PIP2_AAGCTCCTAAGCACCAAACATAATGTGG,PIP2,Reexposed
PIP2_AAGCTCCTAAGGTGGTTCACACAAAGAT,PIP2,Reexposed
PIP2_AAGCTCCTAATAGCAATACCAAAGAGGC,PIP2,Reexposed
PIP2_AAGCTCCTAGAAACACCATAGATGGTTA,PIP2,Reexposed
PIP2_AAGCTCCTATCAACCTATGGTGAATAGG,PIP2,Reexposed
PIP2_AAGCTCCTCCTAATAAAGTGTTGCATTC,PIP2,Reexposed
PIP2_AAGCTCCTGTTGCTGTTAGTGCCAACAT,PIP2,Reexposed
PIP2_AAGCTCCTTATTGGGAAGAACAAACATT,PIP2,Reexposed
PIP2_AAGCTCCTTTTCTCTAAGCCGGCAAGGT,PIP2,Reexposed
PIP2_AAGGGACCGTGATCTCCATAATATGGGT,PIP2,Reexposed
PIP2_AAGTCCAAAATACCTCTGTGATAGATGT,PIP2,Reexposed
PIP2_AAGTCCAAACATGTTAGAACTGCACCAG,PIP2,Reexposed
PIP2_AAGTCCAACAATACTGAACCGCTAAGTT,PIP2,Reexposed
PIP2_AAGTCCAACAATACTTGGCATGGTGTCT,PIP2,Reexposed
PIP2_AAGTCCAACCGTATTATGCCTTCTAGGA,PIP2,Reexposed
PIP2_AAGTCCAAGAACAGTAGAACTCTGATTT,PIP2,Reexposed
PIP2_AAGTCCAAGCTGTATAAGCCGTGGTGCT,PIP2,Reexposed
PIP2_AAGTCCAAGTAGAGTGAACCTCAAATGG,PIP2,Reexposed
PIP2_AAGTCCAATTGGCATGAACCTTAGCAAT,PIP2,Reexposed
PIP2_AAGTTGTCAAGCACAAACTCTCAAATGG,PIP2,Reexposed
PIP2_AAGTTGTCAAGCACGTTCACCACAAGTA,PIP2,Reexposed
PIP2_AAGTTGTCGGTCTAGTGATCAGTTTGTA,PIP2,Reexposed
PIP2_AAGTTGTCTAGTCTTGTAACTGAATAGG,PIP2,Reexposed
PIP2_AAGTTGTCTCTACCTATGCCTGGTGTCT,PIP2,Reexposed
PIP2_AAGTTGTCTGCTAGAAGCACGGAGGTTT,PIP2,Reexposed
PIP2_AATACATCACAACCGTTCACCCTTTACA,PIP2,Reexposed
PIP2_AATACATCACTTCCTACTCAGACACAAA,PIP2,Reexposed
PIP2_AATACATCAGAAACTGTATCGAGTGTAC,PIP2,Reexposed
PIP2_AATACATCGAGATATATGCCAACTGCCT,PIP2,Reexposed
PIP2_AATACATCGATATGGATATGAAATAGCA,PIP2,Reexposed
PIP2_AATACATCGTACAAACTTCCACCAGTTT,PIP2,Reexposed
PIP2_AATACATCTCAGTCAGGTAACTCACATC,PIP2,Reexposed
PIP2_AATATGACACCTTTAAACTCCACAACCT,PIP2,Reexposed
PIP2_AATATGACAGACGTACCTTTACCACAGA,PIP2,Reexposed
PIP2_AATATGACAGACGTTCTACCATAGATGT,PIP2,Reexposed
PIP2_AATATGACGATTTCTCAGTCCACAAGTA,PIP2,Reexposed
PIP2_AATATGACTAACCCGATACCTACTGAAT,PIP2,Reexposed
PIP2_AATATGACTCTACCAAGAGAGATGTGGC,PIP2,Reexposed
PIP2_AATATGACTGCTTTAAGGTGTCTGATTT,PIP2,Reexposed
PIP2_AATATGACTTGGCATCTACCGGGATTAC,PIP2,Reexposed
PIP2_ACCAGTTTACAACCGTACAATCTGATTT,PIP2,Reexposed
PIP2_ACCAGTTTCGCAAAACAGCACAAGGTAC,PIP2,Reexposed
PIP2_ACCAGTTTCGCAAAAGAAGGGACACAAA,PIP2,Reexposed
PIP2_ACCAGTTTGCTGTACTTCGACACAACCT,PIP2,Reexposed
PIP2_ACCAGTTTGTTCACGAAACCTGGAAAGC,PIP2,Reexposed
PIP2_ACCAGTTTTTGGCAGATACCAACTGCCT,PIP2,Reexposed
PIP2_ACTCATACAAAGGCACCATACCAGACAG,PIP2,Reexposed
PIP2_ACTCATACAGTTACTGTATCTGAATAGG,PIP2,Reexposed
PIP2_ACTCATACTGGGTTCCAAATGAGTGTAC,PIP2,Reexposed
PIP2_AGAAACCAAAGAGACTTCCAGATGTGGC,PIP2,Reexposed
PIP2_AGAAACCAGATGAACTTGACCGTGGGAT,PIP2,Reexposed
PIP2_AGAAACCAGTAGAGCTTCCATATGTGAA,PIP2,Reexposed
PIP2_AGAAACCATCTACCAAGCACCGTGGGAT,PIP2,Reexposed
PIP2_AGAAACCATGAAAGACAGCAAAATAGCA,PIP2,Reexposed
PIP2_AGACCTCAGGTTTCCTGAAGGGCAAGGT,PIP2,Reexposed
PIP2_AGACGAGGAAAGGCCTGGTAAATAAGGA,PIP2,Reexposed
PIP2_AGACGAGGAGAAACTGGGTTCGTGGGAT,PIP2,Reexposed
PIP2_AGACGAGGATGTTGTGTATCAGTAGTTA,PIP2,Reexposed
PIP2_AGACGAGGCACGAAGAAAGGCAGTTTAA,PIP2,Reexposed
PIP2_AGACGAGGGACAATCACGAAACAAAGAT,PIP2,Reexposed
PIP2_AGACGAGGGTAATCAATACCGTCAGGTT,PIP2,Reexposed
PIP2_AGACGAGGTGAACCTAAGGCGGAGTAAG,PIP2,Reexposed
PIP2_AGACGAGGTTGGTACACGAATACCTAAG,PIP2,Reexposed
PIP2_AGAGGTGCAATAGCTACAGAGGAGTAAG,PIP2,Reexposed
PIP2_AGAGGTGCACAACCTGAAAGATCCTAGT,PIP2,Reexposed
PIP2_AGAGGTGCCTTCGAATGCACGCTATGGG,PIP2,Reexposed
PIP2_AGAGGTGCTCAAAGTGAACCCCAGACAG,PIP2,Reexposed
PIP2_AGAGGTGCTGCTAGAAACTCCACAAGTA,PIP2,Reexposed
PIP2_AGAGGTGCTGTATCTAACCCTGGAAAGC,PIP2,Reexposed
PIP2_AGCTCCACAGAAGGAAACACTGAATAGG,PIP2,Reexposed
PIP2_AGCTCCACAGTGGATCTGTGGATGGTTA,PIP2,Reexposed
PIP2_AGCTCCACCAATACGTGATCATAACAGG,PIP2,Reexposed
PIP2_AGCTCCACGATATGTCTACCCCAGACAG,PIP2,Reexposed
PIP2_AGCTCCACTGCTTTTCTACCGGGATTAC,PIP2,Reexposed
PIP2_AGCTCCACTTAACGCTGGTAAAGGATGA,PIP2,Reexposed
PIP2_AGGACACACTTGACCTTTAGTGGCTAGT,PIP2,Reexposed
PIP2_AGGACACAGAAAGGTCTGTGACAGATAA,PIP2,Reexposed
PIP2_AGTAGTTAAACTGAGCTGTACCTTTGTC,PIP2,Reexposed
PIP2_AGTAGTTAGATTTCGTTGCTCACAACCT,PIP2,Reexposed
PIP2_AGTAGTTAGGTCTAACAACCCAAGGTAC,PIP2,Reexposed
PIP2_AGTAGTTAGTAGAGTGAGAAGTCAAGAG,PIP2,Reexposed
PIP2_AGTAGTTAGTTAGTAAAGACATAACAGG,PIP2,Reexposed
PIP2_AGTAGTTATAACCCAAAGACGAAGATAT,PIP2,Reexposed
PIP2_AGTAGTTATAGCGAGAAACCAAACTGTG,PIP2,Reexposed
PIP2_AGTAGTTATGAACCTTGGCAGCCAACAT,PIP2,Reexposed
PIP2_AGTAGTTATGCTAGTAAGGCTGGGAATT,PIP2,Reexposed
PIP2_AGTCACAAAGACGTTGTAACGGGATTAC,PIP2,Reexposed
PIP2_AGTCACAACCGTATTACTCATGGCTAGT,PIP2,Reexposed
PIP2_AGTCACAATGGGTTGTGATCTCCAGAAG,PIP2,Reexposed
PIP2_AGTGCTTCAAACCGTATGCCGGGATTAC,PIP2,Reexposed
PIP2_AGTGCTTCCCAAATAGTGGAGAAGATAT,PIP2,Reexposed
PIP2_AGTGCTTCTAACCCAGAAGGTCTGATTT,PIP2,Reexposed
PIP2_AGTGCTTCTACAGAAATAGCACCACAGA,PIP2,Reexposed
PIP2_AGTGCTTCTACAGATGAGAAATAGATGT,PIP2,Reexposed
PIP2_AGTGCTTCTATGCCGTGATCCAAGGGTT,PIP2,Reexposed
PIP2_AGTGCTTCTATTGGCTGGTATGGCTAGT,PIP2,Reexposed
PIP2_AGTGCTTCTGCTTTATCTGAACCTGAAG,PIP2,Reexposed
PIP2_AGTGCTTCTTGGTAAAAGGCAAACTGTG,PIP2,Reexposed
PIP2_AGTTGAACACAACCGTTCACTTTGCCAG,PIP2,Reexposed
PIP2_AGTTGAACACAGCACTTCGACCAGACAG,PIP2,Reexposed
PIP2_AGTTGAACCGCAAAGATATGGATGCAGA,PIP2,Reexposed
PIP2_AGTTGAACGATTTCGATATGGGCTATAA,PIP2,Reexposed
PIP2_AGTTGAACGCTCTTAATACCACTAATTG,PIP2,Reexposed
PIP2_AGTTGAACTCTACCGCACTATCCTATAT,PIP2,Reexposed
PIP2_AGTTGAACTGTATCCTTGTTATATGGGT,PIP2,Reexposed
PIP2_AGTTTGTAACAGCAAAGCACTACCTAAG,PIP2,Reexposed
PIP2_AGTTTGTACTTTAGAAGGTGTCTGATTT,PIP2,Reexposed
PIP2_AGTTTGTAGACAATTTAACGTGAATAGG,PIP2,Reexposed
PIP2_AGTTTGTATCGATTGTAGAGGATGGTTA,PIP2,Reexposed
PIP2_AGTTTGTATTAACGTAACCCACAGGCCA,PIP2,Reexposed
PIP2_ATAAGCTACACGAAGTTCACGACACAAA,PIP2,Reexposed
PIP2_ATAAGCTAGTTCACGTAATCTCATACCA,PIP2,Reexposed
PIP2_ATACTCTCGATATGCACATTAACAGAAC,PIP2,Reexposed
PIP2_ATACTCTCGATGAAGCTAAGTGGTGTCT,PIP2,Reexposed
PIP2_ATACTCTCTAAGGCAAGGTGGGGAGATG,PIP2,Reexposed
PIP2_ATTACCTTATGCACGTTCACATAGATGT,PIP2,Reexposed
PIP2_ATTACCTTGTAGAGAATAGCGTCAGGTT,PIP2,Reexposed
PIP2_ATTACCTTGTTGCTCTATGGCTCAAACA,PIP2,Reexposed
PIP2_ATTACCTTTAGTCTCACGAACGTGTACA,PIP2,Reexposed
PIP2_ATTTCCATAAACACAAGGTGTATGTGAA,PIP2,Reexposed
PIP2_ATTTCCATACAGCAGAAAGGGTGGTGCT,PIP2,Reexposed
PIP2_ATTTCCATCTTGTTATCTGAACCAGTTT,PIP2,Reexposed
PIP2_ATTTCCATGATTTCGGTTTCAACAAATG,PIP2,Reexposed
PIP2_ATTTCCATTAACCCTTGGTAGTCAGGTT,PIP2,Reexposed
PIP2_ATTTCCATTATTGGGTGATCTATGTGAA,PIP2,Reexposed
PIP2_CAAACATTGATATGTCCATAACTAGAGC,PIP2,Reexposed
PIP2_CAAACATTGTAATCACAGCACGTGTGTT,PIP2,Reexposed
PIP2_CAAACATTTAGTCTGTTGCTGGGAGATG,PIP2,Reexposed
PIP2_CAAACATTTATGCCTGAGAAGATGTGGC,PIP2,Reexposed
PIP2_CAAGGGTTCTGGTAACAAAGACTAGAGC,PIP2,Reexposed
PIP2_CAAGGGTTGAAAGGCAGTTGCCATATGA,PIP2,Reexposed
PIP2_CAAGGGTTGTGATCCACAAGGTCAGGTT,PIP2,Reexposed
PIP2_CAAGGGTTTTGGCACTAAAGTGCACCAG,PIP2,Reexposed
PIP2_CAAGGGTTTTGGTATATTGGCGTGTACA,PIP2,Reexposed
PIP2_CAATTCTCAAGGTGGTTCACCCAGACAG,PIP2,Reexposed
PIP2_CAATTCTCACGGTTCCTAATTCAAATGG,PIP2,Reexposed
PIP2_CAATTCTCACTTCCTATTGGTCAAATGG,PIP2,Reexposed
PIP2_CAATTCTCGATATGGCTAAGTTTGCCAG,PIP2,Reexposed
PIP2_CAATTCTCTAACCCTGAACCACCTGAAG,PIP2,Reexposed
PIP2_CAATTCTCTGAACCAAGCACCCATATGA,PIP2,Reexposed
PIP2_CAATTCTCTGCTAGCCTAATTACTGAAT,PIP2,Reexposed
PIP2_CAATTCTCTTGGTACTGAAGGTTCTGCT,PIP2,Reexposed
PIP2_CACTAACCATGTTGAATAGCATATGGGT,PIP2,Reexposed
PIP2_CACTAACCCCGTATAAGCACCGTGGGAT,PIP2,Reexposed
PIP2_CACTAACCCTATGGTAGCGATTAGCAAT,PIP2,Reexposed
PIP2_CACTAACCGAGATAGAAACCCGTGTACA,PIP2,Reexposed
PIP2_CACTAACCGTAATCTGTATCGTGGTGCT,PIP2,Reexposed
PIP2_CAGGTTGCAAACCGTGTATCGGGAGATG,PIP2,Reexposed
PIP2_CAGGTTGCAGGTAATCAGTCATAACAGG,PIP2,Reexposed
PIP2_CCACCTCTACCTTTAAAGTGAAACTACA,PIP2,Reexposed
PIP2_CCACCTCTATGCACGATATGGCTAAGTT,PIP2,Reexposed
PIP2_CCACCTCTCACGAACCTAATTGGAAAGC,PIP2,Reexposed
PIP2_CCACCTCTGTTCACCACAAGCCTATTTA,PIP2,Reexposed
PIP2_CCACCTCTTATGCCCCAAATGGAGGTTT,PIP2,Reexposed
PIP2_CCACCTCTTCTGTGATGCACGCTAAGTT,PIP2,Reexposed
PIP2_CCACCTCTTGCTTTAATAGCTGGTGTCT,PIP2,Reexposed
PIP2_CCATCCACAGGTAAGAACAGAGTTTGTA,PIP2,Reexposed
PIP2_CCATCCACCAATACAGAAACATATGGGT,PIP2,Reexposed
PIP2_CCATCCACCGCAAATACTCAAATGTATG,PIP2,Reexposed
PIP2_CCATCCACCTATGGACAAAGATCCTAGT,PIP2,Reexposed
PIP2_CCATCCACCTTTAGTAGCGAATATGGGT,PIP2,Reexposed
PIP2_CCATCCACCTTTAGTGAGAATACCTAAG,PIP2,Reexposed
PIP2_CCATCCACGTGATCCTGGTAATATGCAA,PIP2,Reexposed
PIP2_CCATCCACTTCGAAAAACCGAAACTACA,PIP2,Reexposed
PIP2_CCTACGCTAAAGGCGACAATCCTTTGTC,PIP2,Reexposed
PIP2_CCTACGCTTTAACGGTTGCTCACAAGTA,PIP2,Reexposed
PIP2_CCTATTTAAAAGACAAACCGTTGCATTC,PIP2,Reexposed
PIP2_CCTATTTACCGTATAAAGGCTGGAAAGC,PIP2,Reexposed
PIP2_CCTATTTACCTAATCCTAATCTCACATC,PIP2,Reexposed
PIP2_CCTATTTAGATGAATTGGCACTCACATC,PIP2,Reexposed
PIP2_CCTCATGAAAACCGGCACTAGGGAGATG,PIP2,Reexposed
PIP2_CCTCATGAAAGGTGTGAACCGAAAGACA,PIP2,Reexposed
PIP2_CCTCATGAAGACGTATCAACGATGGTTA,PIP2,Reexposed
PIP2_CCTCATGAATCTGAAGTTACTTGCATTC,PIP2,Reexposed
PIP2_CCTCATGACACAAGCCTAATACCTGAAG,PIP2,Reexposed
PIP2_CCTCATGACGCAAATCAAAGCAAGGGTT,PIP2,Reexposed
PIP2_CCTCATGACTTTAGACCATACGTGGGAT,PIP2,Reexposed
PIP2_CCTCATGAGATATGAAGAGAAATGTATG,PIP2,Reexposed
PIP2_CCTCATGAGTAATCGCTAAGTCAAATGG,PIP2,Reexposed
PIP2_CCTCATGAGTGATCTCCATAAGTTTGTA,PIP2,Reexposed
PIP2_CCTCATGATGCTAGAAAGGCTGGAAAGC,PIP2,Reexposed
PIP2_CCTCATGATTGGTAATCAACTCCAGAAG,PIP2,Reexposed
PIP2_CCTCATGATTTCTCTCTGTGCCATATGA,PIP2,Reexposed
PIP2_CCTTTACAAAACCGAAACTCATAGATGT,PIP2,Reexposed
PIP2_CCTTTACAAAGAGATAACCCAACTGCCT,PIP2,Reexposed
PIP2_CCTTTACATCTACCAGGTAACGTGTGTT,PIP2,Reexposed
PIP2_CCTTTGTCAGAAGGAGACGTGTCTAATC,PIP2,Reexposed
PIP2_CCTTTGTCAGAAGGGAAAGGACCAGTTT,PIP2,Reexposed
PIP2_CCTTTGTCATCTGAACCATAGACACAAA,PIP2,Reexposed
PIP2_CCTTTGTCCTTGACTACTCAGGGTCATT,PIP2,Reexposed
PIP2_CCTTTGTCGACAATAGAAGGTCAAATGG,PIP2,Reexposed
PIP2_CCTTTGTCGAGATATGCTAGACATGGAC,PIP2,Reexposed
PIP2_CCTTTGTCGCGTTTAGACGTAGTTTGTA,PIP2,Reexposed
PIP2_CCTTTGTCGTAATCTGAACCCAAGGTAC,PIP2,Reexposed
PIP2_CCTTTGTCTAGTCTTACAGAATCCTAGT,PIP2,Reexposed
PIP2_CCTTTGTCTTAACGAATACCATGCATAT,PIP2,Reexposed
PIP2_CCTTTGTCTTGGTACAGTTGGTCAAGAG,PIP2,Reexposed
PIP2_CTAACGCCAAGCACCTTGACTGAATAGG,PIP2,Reexposed
PIP2_CTAACGCCCTAAAGAGAAACACTAGAGC,PIP2,Reexposed
PIP2_CTAGACTAAAACCGTGAACCTTGCATTC,PIP2,Reexposed
PIP2_CTAGACTAAGTGGAGATATGATGCATAT,PIP2,Reexposed
PIP2_CTCCTCCAAAAGACTTCCAGCAAGGAAT,PIP2,Reexposed
PIP2_CTCCTCCAAATAGCCTTCCATGAATAGG,PIP2,Reexposed
PIP2_CTCCTCCAGAAAGGGCTGTAACCTGAAG,PIP2,Reexposed
PIP2_CTCCTCCAGAAATCTCTGTGCCTATTTA,PIP2,Reexposed
PIP2_CTCCTCCAGATGAAAAACCGAAACTGTG,PIP2,Reexposed
PIP2_CTGTGACCAAGCACAGTTACACAGATAA,PIP2,Reexposed
PIP2_CTGTGACCAATAGCAGGAAAAACAAATG,PIP2,Reexposed
PIP2_CTGTGACCACAACCGTAGAGAAACTGTG,PIP2,Reexposed
PIP2_CTGTGACCACATGTAAAGTGCTCACATC,PIP2,Reexposed
PIP2_CTGTGACCCGCAAAAAAGTGAATAAGGA,PIP2,Reexposed
PIP2_CTGTGACCGAAGAACTTGACCAAACATT,PIP2,Reexposed
PIP2_CTGTGACCGATATGCTTGACGTTCTGCT,PIP2,Reexposed
PIP2_CTGTGACCTAAGCCAAGCACTGAATAGG,PIP2,Reexposed
PIP2_CTGTGACCTACAGATCAAAGTCAAATGG,PIP2,Reexposed
PIP2_CTGTGACCTAGTCTAATACCGGCTATAA,PIP2,Reexposed
PIP2_CTGTGACCTCTGTGTAAGGCGGCTATAA,PIP2,Reexposed
PIP2_CTGTTAAAAATACCAACTGATCATACCA,PIP2,Reexposed
PIP2_CTGTTAAACCTAATTACTCACGTGGGAT,PIP2,Reexposed
PIP2_CTGTTAAACTATGGAATACCGATGGTTA,PIP2,Reexposed
PIP2_CTGTTAAAGTTAGTGTTCACATATGCAA,PIP2,Reexposed
PIP2_CTGTTAAATTGGTACAGTTGCACAAGTA,PIP2,Reexposed
PIP2_CTGTTGTGAATACCGTTCACGATGTGGC,PIP2,Reexposed
PIP2_CTGTTGTGCAATACCTAAAGGTCAAGAG,PIP2,Reexposed
PIP2_CTGTTTCCGAAAGGGAAACCAATGTATG,PIP2,Reexposed
PIP2_CTGTTTCCGACAATATCAACACCTGAAG,PIP2,Reexposed
PIP2_CTGTTTCCTAACCCAGAAACTATGTGAA,PIP2,Reexposed
PIP2_CTGTTTCCTAGCGAGTAGAGCCATATGA,PIP2,Reexposed
PIP2_CTTAGTGTAAAGGCTTAACGGGGTCATT,PIP2,Reexposed
PIP2_CTTAGTGTACATGTCTATGGGAAAGACA,PIP2,Reexposed
PIP2_CTTAGTGTAGAAGGTCCATACTGTTAAA,PIP2,Reexposed
PIP2_CTTAGTGTCACGAAAAGAGATTCTAGGA,PIP2,Reexposed
PIP2_CTTAGTGTGAAAGGGTACAAGGCTATAA,PIP2,Reexposed
PIP2_CTTAGTGTGATTTCGGTTTCACATGGAC,PIP2,Reexposed
PIP2_CTTAGTGTTTAACGGCTGTAACCACAGA,PIP2,Reexposed
PIP2_CTTCTACGACTTCCGGTTTCGGTTACAC,PIP2,Reexposed
PIP2_CTTCTACGCATCTACTTCCAACATGGAC,PIP2,Reexposed
PIP2_CTTCTACGGCACTATTCCAGCAAACATT,PIP2,Reexposed
PIP2_CTTCTACGGTTAGTGTACAAAAACTACA,PIP2,Reexposed
PIP2_CTTCTACGGTTCACAAACTCACAGATAA,PIP2,Reexposed
PIP2_CTTTATCCAAGGTGGATACCTGGGAATT,PIP2,Reexposed
PIP2_CTTTATCCCACAAGTAACCCAATATGAC,PIP2,Reexposed
PIP2_CTTTATCCCACAAGTAAGCCAGTAGTTA,PIP2,Reexposed
PIP2_CTTTATCCCACGAAGTAATCTGGAAAGC,PIP2,Reexposed
PIP2_CTTTATCCCTATGGGAAATCTCCAGAAG,PIP2,Reexposed
PIP2_CTTTATCCGGTTTCTTAACGAATAAGGA,PIP2,Reexposed
PIP2_CTTTATCCGTAATCGTTTGGGTTCTGCT,PIP2,Reexposed
PIP2_CTTTCACTAGGTAAAAAGTGGGTTAGGG,PIP2,Reexposed
PIP2_CTTTCACTAGTTACTCCATAATCAGGGA,PIP2,Reexposed
PIP2_CTTTCACTTATTGGAGACGTCACAACCT,PIP2,Reexposed
PIP2_CTTTCACTTTCGAATCCATAGGTTACAC,PIP2,Reexposed
PIP2_CTTTGGACTAGTCTTCAAAGACAGATAA,PIP2,Reexposed
PIP2_CTTTGGACTATGCCCTAAAGCTCACATC,PIP2,Reexposed
PIP2_CTTTGGACTGGGTTAGAAGGTGAATAGG,PIP2,Reexposed
PIP2_CTTTGGACTTTCTCCTGGTATGGTGTCT,PIP2,Reexposed
PIP2_GAAATACGAGTGGAACAAAGACAAGTAG,PIP2,Reexposed
PIP2_GAAATACGCTTGTTTAACCCAAATAGCA,PIP2,Reexposed
PIP2_GAAATACGGTAATCTGGGTTCACAACCT,PIP2,Reexposed
PIP2_GAAATACGTAGTCTCAGTTGTGAATAGG,PIP2,Reexposed
PIP2_GACACCTGACATGTGCACTACTGGGTAT,PIP2,Reexposed
PIP2_GACACCTGCGCAAATATGCCGTCAGGTT,PIP2,Reexposed
PIP2_GACACCTGCTGAAGCTTGACCCTTTGTC,PIP2,Reexposed
PIP2_GACACCTGCTTCGATATTGGCTGTTAAA,PIP2,Reexposed
PIP2_GACACCTGGATATGGATATGATATGCAA,PIP2,Reexposed
PIP2_GACACCTGTATGCCCTTGACTGAATAGG,PIP2,Reexposed
PIP2_GAGAAACCAACTGATGCTAGCTCAAACA,PIP2,Reexposed
PIP2_GAGAAACCCCAAATGTAGAGGATGCAGA,PIP2,Reexposed
PIP2_GAGAAACCGCACTAGAAATCACAAGTAG,PIP2,Reexposed
PIP2_GAGAAACCGCTAAGTACAGAGATGGTTA,PIP2,Reexposed
PIP2_GAGAAACCGCTGTAGAAATCACAAAGAT,PIP2,Reexposed
PIP2_GAGAAACCGTAATCGATACCGGTTACAC,PIP2,Reexposed
PIP2_GAGGAGTGAAACACGAACAGGTTCTGCT,PIP2,Reexposed
PIP2_GAGGAGTGACTTCCTACTCAGGGATTAC,PIP2,Reexposed
PIP2_GAGGAGTGAGGAAATGTATCACTAGAGC,PIP2,Reexposed
PIP2_GAGGAGTGAGTTACGAACAGACACCAAG,PIP2,Reexposed
PIP2_GAGGAGTGATGCACGTTTGGAATGTATG,PIP2,Reexposed
PIP2_GAGGAGTGGATGAAATCTGAAATATGAC,PIP2,Reexposed
PIP2_GAGGAGTGGCGTTTTATGCCCCAGACAG,PIP2,Reexposed
PIP2_GAGGAGTGTGGGTTCTTCGATCCAGAAG,PIP2,Reexposed
PIP2_GAGGGTCAAAGGTGAAACACGGTTACAC,PIP2,Reexposed
PIP2_GAGGGTCAAGGAAATAAGGCATAGATGT,PIP2,Reexposed
PIP2_GAGGGTCAGTTTGGGTAATCTATGTGAA,PIP2,Reexposed
PIP2_GAGGGTCATAACCCCTTCCACCTTTGTC,PIP2,Reexposed
PIP2_GAGGGTCATACAGACTGAAGGCCAACAT,PIP2,Reexposed
PIP2_GAGGGTCATCAGTCAGTTACACATGGAC,PIP2,Reexposed
PIP2_GAGTGTACATCTGAGTACAAAACTGCCT,PIP2,Reexposed
PIP2_GAGTGTACCACAAGTAAGCCCGTGTGTT,PIP2,Reexposed
PIP2_GAGTGTACTAACCCTAGAACATCAGGGA,PIP2,Reexposed
PIP2_GAGTGTACTAGCGATACTCAGCTAAGTT,PIP2,Reexposed
PIP2_GAGTGTACTCGATTCCTAATAAACTACA,PIP2,Reexposed
PIP2_GAGTGTACTGAACCGCGTTTGCCTGGTA,PIP2,Reexposed
PIP2_GATGTGGCAAAGACCAGTTGAAGGATGA,PIP2,Reexposed
PIP2_GATGTGGCCCGTATCACATTATCAGGGA,PIP2,Reexposed
PIP2_GATGTGGCCTAAAGAAACTCCCTTTGTC,PIP2,Reexposed
PIP2_GATGTGGCGAACAGAAGCACGACACAAA,PIP2,Reexposed
PIP2_GATGTGGCGGTCTAGTTAGTGCTATGGG,PIP2,Reexposed
PIP2_GATGTGGCTATTGGTGAGAAATATGGGT,PIP2,Reexposed
PIP2_GATGTGGCTTGGCAGTACAAGGAGGTTT,PIP2,Reexposed
PIP2_GATGTGGCTTTCTCACAACCCAAGGTAC,PIP2,Reexposed
PIP2_GATTACTTGCTAAGAAAGTGTACTGAAT,PIP2,Reexposed
PIP2_GATTGGGAACGGTTACATGTAAACTGTG,PIP2,Reexposed
PIP2_GATTGGGAATGCACTAGCGAGCCAACAT,PIP2,Reexposed
PIP2_GATTGGGACTTCGAAGAAACTCAAATGG,PIP2,Reexposed
PIP2_GATTGGGAGCTCTTGATATGTTCTAGGA,PIP2,Reexposed
PIP2_GATTGGGATGAGAATGCTAGACAAAGAT,PIP2,Reexposed
PIP2_GATTGGGATGCTAGCCTAATGTTCTGCT,PIP2,Reexposed
PIP2_GCCTGGTAACGGTTGGTTTCGGTTAGGG,PIP2,Reexposed
PIP2_GCCTGGTAACGGTTTCTGTGGATGTGGC,PIP2,Reexposed
PIP2_GCCTGGTAAGGAAATCTACCATCAGGGA,PIP2,Reexposed
PIP2_GCCTGGTACCGTATCCTAATAATATGAC,PIP2,Reexposed
PIP2_GCCTGGTATATTGGCTGGTAACACCAAG,PIP2,Reexposed
PIP2_GCTTCTCCACTTCCCAGTTGACATGGAC,PIP2,Reexposed
PIP2_GCTTCTCCGATGAACAAACAGGGTCATT,PIP2,Reexposed
PIP2_GCTTCTCCTAGCGAGATATGACAGGCCA,PIP2,Reexposed
PIP2_GCTTCTCCTCTGTGAAAGTGTGGAAAGC,PIP2,Reexposed
PIP2_GCTTCTCCTTTCTCTTGGTAGACACAAA,PIP2,Reexposed
PIP2_GTAAACAAACATGTTAGAACGCTAAGTT,PIP2,Reexposed
PIP2_GTAAACAAGAGATAGTGATCGGTTAGGG,PIP2,Reexposed
PIP2_GTAAACAATCTGTGTCAAAGAGTTTGTA,PIP2,Reexposed
PIP2_GTAAACAATTGGTAATCTTCAATGTATG,PIP2,Reexposed
PIP2_GTCCACTAACCTTTCTTCGACTCAAACA,PIP2,Reexposed
PIP2_GTCCACTAAGGTAAAGAAACTGGAAAGC,PIP2,Reexposed
PIP2_GTCCACTAAGTGGAAATACCCAAGGTAC,PIP2,Reexposed
PIP2_GTCCACTATTAACGTCTACCAAATAGCA,PIP2,Reexposed
PIP2_GTCCTTGCAAAGGCGTGATCACAAAGAT,PIP2,Reexposed
PIP2_GTCCTTGCACTTCCTATTGGGGGAGATG,PIP2,Reexposed
PIP2_GTCCTTGCGATGAAGAAACCGGGATTAC,PIP2,Reexposed
PIP2_GTCCTTGCTAAGGCGTTAGTATAACAGG,PIP2,Reexposed
PIP2_GTCCTTGCTATTGGCTTTAGGTCAAGAG,PIP2,Reexposed
PIP2_GTCCTTGCTGAACCACAACCCCTTTACA,PIP2,Reexposed
PIP2_GTCTAATCAAGCACTGCTAGGAAAGACA,PIP2,Reexposed
PIP2_GTCTAATCACAACCTGTATCACCTGAAG,PIP2,Reexposed
PIP2_GTCTAATCCTTCGACTTTAGGAGTGTAC,PIP2,Reexposed
PIP2_GTCTAATCGCTAAGTTCCAGTCAAATGG,PIP2,Reexposed
PIP2_GTCTAATCGCTCTTGAACAGAGTTTGTA,PIP2,Reexposed
PIP2_GTCTAATCGTTCACAAACACAAAGAGGC,PIP2,Reexposed
PIP2_GTCTAATCGTTGCTATCAACAACAAATG,PIP2,Reexposed
PIP2_GTCTTCCTAAACCGATGTTGTTGCATTC,PIP2,Reexposed
PIP2_GTCTTCCTAATAGCACCATAGAAGATAT,PIP2,Reexposed
PIP2_GTCTTCCTATGCACCAATACCTCACATC,PIP2,Reexposed
PIP2_GTCTTCCTCAATACCTTGACGTTCTGCT,PIP2,Reexposed
PIP2_GTCTTCCTGTTAGTGATATGTGGCTAGT,PIP2,Reexposed
PIP2_GTCTTCCTGTTTGGCACATTGAAAGACA,PIP2,Reexposed
PIP2_GTCTTCCTTATTGGATCTGATACTGAAT,PIP2,Reexposed
PIP2_GTCTTCCTTATTGGCAGTTGTATGTGAA,PIP2,Reexposed
PIP2_GTGAACTCCTAAAGAAACTCCAAGGGTT,PIP2,Reexposed
PIP2_GTGAACTCGTACAAACAACCAATGTATG,PIP2,Reexposed
PIP2_GTGAACTCTCTACCGAAAGGTGCACCAG,PIP2,Reexposed
PIP2_GTGAACTCTTTCTCAGGAAATCTGATTT,PIP2,Reexposed
PIP2_GTGAGGCAACCTTTATCTGAGGTTACAC,PIP2,Reexposed
PIP2_GTGAGGCAATGTTGAAGCTCTATGTGAA,PIP2,Reexposed
PIP2_GTGAGGCACTTGTTGATACCACAGATAA,PIP2,Reexposed
PIP2_GTGAGGCAGATATGTAGCGAACTAGAGC,PIP2,Reexposed
PIP2_GTGAGGCAGCTCTTCTAAAGAATGTATG,PIP2,Reexposed
PIP2_GTGAGGCAGGTTTCAACTGACTCAAACA,PIP2,Reexposed
PIP2_GTGGTGCTAAGCACTAGCGATCATACCA,PIP2,Reexposed
PIP2_GTGGTGCTATCAACCACATTGAAAGACA,PIP2,Reexposed
PIP2_GTGGTGCTCATCTACTAAAGGGCTATAA,PIP2,Reexposed
PIP2_GTGGTGCTGACAATGAAAGGACCAGTTT,PIP2,Reexposed
PIP2_GTGGTGCTGTGATCGAAAGGACCTGAAG,PIP2,Reexposed
PIP2_GTGTCACCACAGCAGAAACCAACAGAAC,PIP2,Reexposed
PIP2_GTGTCACCAGTGGAACATGTTTCTAGGA,PIP2,Reexposed
PIP2_GTGTCACCCTGGTAATCTGAGTGGTGCT,PIP2,Reexposed
PIP2_GTGTCACCCTTCGAATGTTGGGAGGTTT,PIP2,Reexposed
PIP2_GTGTCACCGATTTCAGACGTGGGATTAC,PIP2,Reexposed
PIP2_GTGTCACCGCACTATTAACGAATGTATG,PIP2,Reexposed
PIP2_GTGTCACCGCGTTTTACTCAATCAGGGA,PIP2,Reexposed
PIP2_GTGTCACCGTACAAGTTCACGGTTACAC,PIP2,Reexposed
PIP2_GTGTCACCTTTCTCTACAGATCATACCA,PIP2,Reexposed
PIP2_GTTCTGCTAATAGCATGCACGGCAAGGT,PIP2,Reexposed
PIP2_GTTCTGCTAGTGGAGTAGAGGATGTGGC,PIP2,Reexposed
PIP2_GTTCTGCTCACAAGAAAGTGGCCTGGTA,PIP2,Reexposed
PIP2_GTTCTGCTCACAAGTATGCCAAATAGCA,PIP2,Reexposed
PIP2_GTTCTGCTCTGAAGCACATTTGAATAGG,PIP2,Reexposed
PIP2_GTTCTGCTCTGGTAACCTTTAAACTACA,PIP2,Reexposed
PIP2_GTTCTGCTGCTAAGGGTTTCCTCACATC,PIP2,Reexposed
PIP2_GTTCTGCTTAAGGCCAGTTGGCTATGGG,PIP2,Reexposed
PIP2_GTTCTGCTTAGCGATGAGAAGTCAGGTT,PIP2,Reexposed
PIP2_GTTGTCCGAAAGTGGTACAAGAAAGACA,PIP2,Reexposed
PIP2_GTTGTCCGGGTTTCGTAGAGGGCTATAA,PIP2,Reexposed
PIP2_GTTGTCCGTGAGAAAAAGTGAAGGATGA,PIP2,Reexposed
PIP2_GTTGTCCGTGTATCAAACCGAAACTACA,PIP2,Reexposed
PIP2_TAACTTCTAACTGAGTTCACCTGTTAAA,PIP2,Reexposed
PIP2_TAACTTCTACATGTTTGGTACTCAAACA,PIP2,Reexposed
PIP2_TACTGAATAATAGCAACTGAGGGATTAC,PIP2,Reexposed
PIP2_TACTGAATAGTTACCAGTTGCACAACCT,PIP2,Reexposed
PIP2_TACTGAATCTGGTATAACCCAAACTACA,PIP2,Reexposed
PIP2_TACTGAATCTTGTTAGAAACGTCTAATC,PIP2,Reexposed
PIP2_TACTGAATGACAATACTTCCACATGGAC,PIP2,Reexposed
PIP2_TACTGAATGATATGGTAATCTCATACCA,PIP2,Reexposed
PIP2_TACTGAATGTGATCAACTGACACAAGTA,PIP2,Reexposed
PIP2_TACTGAATTAAGGCTAGAACAACAAATG,PIP2,Reexposed
PIP2_TACTGAATTTCGAACACGAATGGTGTCT,PIP2,Reexposed
PIP2_TAGCCACAAACTGAAAGCACACAAAGAT,PIP2,Reexposed
PIP2_TAGCCACAAAGCACATCTGAGGGATTAC,PIP2,Reexposed
PIP2_TAGCCACAACCTTTCTTGACTTCTAGGA,PIP2,Reexposed
PIP2_TAGCCACAGATTTCATGTTGCAGTTTAA,PIP2,Reexposed
PIP2_TAGTCTCTCATCTAAATACCTTCTAGGA,PIP2,Reexposed
PIP2_TAGTCTCTCTTTAGTACAGAGGGATTAC,PIP2,Reexposed
PIP2_TAGTCTCTGAAATCGCTAAGGTCTAATC,PIP2,Reexposed
PIP2_TAGTCTCTGAAGAAAGTGGAAAACTACA,PIP2,Reexposed
PIP2_TAGTCTCTTATGCCACTTCCCAAACATT,PIP2,Reexposed
PIP2_TATCCACGAAAGGCGGTTTCATAACAGG,PIP2,Reexposed
PIP2_TATCCACGAAGAGATGCTAGGTCTGGAA,PIP2,Reexposed
PIP2_TATCCACGACAGCAGAACAGCACAAGTA,PIP2,Reexposed
PIP2_TATCCACGACGGTTCTATGGACATGGAC,PIP2,Reexposed
PIP2_TATCCACGGACAATGAAGAAGGGAGATG,PIP2,Reexposed
PIP2_TATCCACGGATTTCTATGCCCACAACCT,PIP2,Reexposed
PIP2_TATCCACGGTAATCTGAACCGCTATGGG,PIP2,Reexposed
PIP2_TATCCACGTTAACGAATACCGAGTGTAC,PIP2,Reexposed
PIP2_TATCTGTCAAGCACTTCCAGACTAGAGC,PIP2,Reexposed
PIP2_TATCTGTCCTTGTTCACAAGAAAGAGGC,PIP2,Reexposed
PIP2_TATCTGTCTAGCGATTCCAGCGTGTGTT,PIP2,Reexposed
PIP2_TATGTGAAGAAGAATTGGTACCTTTGTC,PIP2,Reexposed
PIP2_TATGTGAAGCGTTTTCTACCCACAAGTA,PIP2,Reexposed
PIP2_TATGTGAATAGCGATCTACCACCTGAAG,PIP2,Reexposed
PIP2_TATGTGAATGGGTTAAGCTCAGTTTGTA,PIP2,Reexposed
PIP2_TATGTGAATTCGAATACAGAGATGGTTA,PIP2,Reexposed
PIP2_TCCGACACAGAAACGAAAGGGAAGATAT,PIP2,Reexposed
PIP2_TCCGACACCACGAAAGAAGGTGAATAGG,PIP2,Reexposed
PIP2_TCCGACACCCGTATCACATTTGGCTAGT,PIP2,Reexposed
PIP2_TCCGACACGATATGTACAGAGGGATTAC,PIP2,Reexposed
PIP2_TCCGACACGCTGTAGACAATTGGTGTCT,PIP2,Reexposed
PIP2_TCCGACACGTACAAGATATGGGGTCATT,PIP2,Reexposed
PIP2_TCCGACACGTTTGGTGAAAGACATGGAC,PIP2,Reexposed
PIP2_TCCGACACTATTGGAGACGTGTCAAGAG,PIP2,Reexposed
PIP2_TCCGACACTGAGAAAAGCACACCAGTTT,PIP2,Reexposed
PIP2_TCCTATATATGTTGTGTATCGATGCAGA,PIP2,Reexposed
PIP2_TCCTATATCGCAAATACAGAGTCTAATC,PIP2,Reexposed
PIP2_TCCTATATGACAATTAAGGCATATGGGT,PIP2,Reexposed
PIP2_TCCTATATGATTTCTATTGGTTCTAGGA,PIP2,Reexposed
PIP2_TCCTATATTCTGTGGTAGAGCAAGGAAT,PIP2,Reexposed
PIP2_TCCTATATTCTGTGTGAAAGCGTGGGAT,PIP2,Reexposed
PIP2_TCTAAACTAAGGTGGACAATACACCAAG,PIP2,Reexposed
PIP2_TCTAAACTCCAAATTAACCCAACTGCCT,PIP2,Reexposed
PIP2_TCTAAACTGCTAAGGATACCACAGATAA,PIP2,Reexposed
PIP2_TCTAAACTTTTCTCGATACCTCAAATGG,PIP2,Reexposed
PIP2_TCTATTCCACAAAGTAAGCCATCCTAGT,PIP2,Reexposed
PIP2_TCTATTCCCAGTTGTATTGGGGGTCATT,PIP2,Reexposed
PIP2_TCTATTCCCTATGGAATACCCCTTTGTC,PIP2,Reexposed
PIP2_TCTATTCCGAAATCCTGGTACGTGGGAT,PIP2,Reexposed
PIP2_TCTATTCCGAAATCCTTGACTGAATAGG,PIP2,Reexposed
PIP2_TCTATTCCGCGTTTGTTGCTCAAGGAAT,PIP2,Reexposed
PIP2_TCTATTCCGCTGTATGAACCACACCAAG,PIP2,Reexposed
PIP2_TCTATTCCGTGATCTCTACCTATGTGAA,PIP2,Reexposed
PIP2_TCTATTCCTGGGTTTACTCATGGGAATT,PIP2,Reexposed
PIP2_TCTTTGACAAAGGCTAAGGCACATGGAC,PIP2,Reexposed
PIP2_TCTTTGACGTAATCAAACTCATCAGGGA,PIP2,Reexposed
PIP2_TGCTTCATAATACCGCACTAGAGTGTAC,PIP2,Reexposed
PIP2_TGCTTCATGCACTATGAGAAAAGGATGA,PIP2,Reexposed
PIP2_TTAGCTGCACAGCATACTCATATGTGAA,PIP2,Reexposed
PIP2_TTAGCTGCAGAAACTAACCCTACTGAAT,PIP2,Reexposed
PIP2_TTAGCTGCCTAAAGGTAGAGTGAATAGG,PIP2,Reexposed
PIP2_TTAGCTGCCTATGGTGAAAGGTCTAATC,PIP2,Reexposed
PIP2_TTAGCTGCGTGATCGATATGTACCTAAG,PIP2,Reexposed
PIP2_TTAGCTGCTAGTCTAAGCTCGGTTACAC,PIP2,Reexposed
PIP2_TTAGCTGCTCTACCGAAAGGATATGGGT,PIP2,Reexposed
PIP2_TTAGCTGCTTGGCATAGCGACAAGGGTT,PIP2,Reexposed
PIP2_TTCACTGGAAAGACTCAAAGCAAGGAAT,PIP2,Reexposed
PIP2_TTCACTGGAATACCAAGAGAATATGGGT,PIP2,Reexposed
PIP2_TTCACTGGAATACCAGTTACAATATGAC,PIP2,Reexposed
PIP2_TTCACTGGGCTGTATACAGAGATGTGGC,PIP2,Reexposed
PIP2_TTCACTGGGTTAGTCTGGTATTGCATTC,PIP2,Reexposed
PIP2_TTCACTGGGTTGCTAACTGACACAACCT,PIP2,Reexposed
PIP2_TTGCTCTAAAACACACATGTGAAAGACA,PIP2,Reexposed
PIP2_TTGCTCTAACCTTTTCAAAGGGAGGTTT,PIP2,Reexposed
PIP2_TTGCTCTAAGACGTAACTGAGATGTGGC,PIP2,Reexposed
PIP2_TTGCTCTAGATATGACAGCAACCACAGA,PIP2,Reexposed
PIP2_TTGCTCTATCAGTCCCAAATGGCTATAA,PIP2,Reexposed
PIP2_TTGCTCTATGCTAGACAAAGGTTCTGCT,PIP2,Reexposed
PIP2_TTGGGTCCGCTCTTAAACCGTACTGAAT,PIP2,Reexposed
PIP2_TTTGTACAAAAGGCATGCACAATATGAC,PIP2,Reexposed
PIP2_TTTGTACAAATAGCCTTGACCCTTTACA,PIP2,Reexposed
PIP2_TTTGTACAAGGTAAGTTTGGTTTGCCAG,PIP2,Reexposed
PIP2_TTTGTACACACATTGTTGCTCTCAAACA,PIP2,Reexposed
PIP2_TTTGTACACCGTATAAGAGAAACAAATG,PIP2,Reexposed
PIP2_TTTGTACAGACAATAAAGGCACTAATTG,PIP2,Reexposed
PIP2_TTTGTACAGAGATATCTACCCTGGGTAT,PIP2,Reexposed
PIP2_TTTGTACAGCTCTTGTGATCGAAAGACA,PIP2,Reexposed
PIP2_TTTGTACAGTTCACAAAGACGTGGTGCT,PIP2,Reexposed
PIP2_TTTGTACAGTTTGGATCTGAAGTTTGTA,PIP2,Reexposed
PIP2_TTTGTACATAGCGAGTAGAGAACAGAAC,PIP2,Reexposed
PIP2_TTTGTACATAGTCTGATACCCAAGGAAT,PIP2,Reexposed
PIP2_TTTGTACATGCTTTAATACCAAACTGTG,PIP2,Reexposed
PIP2_TTTGTACATTTCTCCCTAATACCAGTTT,PIP2,Reexposed
PIP3_AAACAAACAGGTAATCCATACAGTTTAA,PIP3,Reexposed
PIP3_AAACAAACCTATGGTCCATATGGCTAGT,PIP3,Reexposed
PIP3_AAACAAACGAAGAAGTTAGTACAGATAA,PIP3,Reexposed
PIP3_AAACAAACGAAGAATGGGTTGGGTCATT,PIP3,Reexposed
PIP3_AAACAAACGTAATCTGAACCTTCTAGGA,PIP3,Reexposed
PIP3_AAACAAACGTACAATAACCCTACCTAAG,PIP3,Reexposed
PIP3_AAACAAACGTACAATTGGTAGGAGGTTT,PIP3,Reexposed
PIP3_AAACAAACTAGCGATGTATCACTAATTG,PIP3,Reexposed
PIP3_AAACCGCCAATAGCGCTGTACCAGACAG,PIP3,Reexposed
PIP3_AAACCGCCAGAAGGAGGAAACAAACATT,PIP3,Reexposed
PIP3_AAACCGCCAGTTACTGAACCGTTCTGCT,PIP3,Reexposed
PIP3_AAACCGCCCTTTAGGTGATCTGAATAGG,PIP3,Reexposed
PIP3_AAACCGCCGAAATCGTAGAGGAAGATAT,PIP3,Reexposed
PIP3_AAACCGCCGTTCACACTTCCCCATATGA,PIP3,Reexposed
PIP3_AAACCGCCGTTCACTCAGTCTGAATAGG,PIP3,Reexposed
PIP3_AAACTACAAAGCACTACTCAACACCAAG,PIP3,Reexposed
PIP3_AAACTACACAGTTGATGCACATGCATAT,PIP3,Reexposed
PIP3_AAACTACAGATATGATCTTCGCTATGGG,PIP3,Reexposed
PIP3_AAACTACAGTAGAGGAAAGGGGCAAGGT,PIP3,Reexposed
PIP3_AAAGAGGCAAAGACTGCTTTATCAGGGA,PIP3,Reexposed
PIP3_AAAGAGGCGTAATCATGCACTGGCTAGT,PIP3,Reexposed
PIP3_AACTGCCTAGTTACCACATTGCCTGGTA,PIP3,Reexposed
PIP3_AACTGCCTCAATACAACTGAGTCAGGTT,PIP3,Reexposed
PIP3_AACTGCCTCGCAAAGCACTAGTCAAGAG,PIP3,Reexposed
PIP3_AACTGCCTGTAATCGATACCGGTTAGGG,PIP3,Reexposed
PIP3_AACTGCCTGTTCACAACTGACCTTTGTC,PIP3,Reexposed
PIP3_AAGAGTATAGGTAAAATACCGTCAGGTT,PIP3,Reexposed
PIP3_AAGAGTATAGGTAAATCAACATCAGGGA,PIP3,Reexposed
PIP3_AAGAGTATCAATACTGCTTTAATGTATG,PIP3,Reexposed
PIP3_AAGAGTATCACATTGAAATCTCAAATGG,PIP3,Reexposed
PIP3_AAGAGTATTTAACGCTTCCACAAACATT,PIP3,Reexposed
PIP3_AAGAGTATTTTCTCATCTGACGTGGGAT,PIP3,Reexposed
PIP3_AAGCCTTCAAAGGCCCTAATGGAGTAAG,PIP3,Reexposed
PIP3_AAGCCTTCTCGATTGTTCACACATGGAC,PIP3,Reexposed
PIP3_AAGCCTTCTGGGTTAGGAAAACAAGTAG,PIP3,Reexposed
PIP3_AAGCTCCTAAGCACATCAACTTGCATTC,PIP3,Reexposed
PIP3_AAGCTCCTCCGTATAACTGAACAGGCCA,PIP3,Reexposed
PIP3_AAGCTCCTCTATGGTATGCCTGAATAGG,PIP3,Reexposed
PIP3_AAGGGACCAACTGATACTCAAAAGAGGC,PIP3,Reexposed
PIP3_AAGGGACCAAGAGAGATATGGGGTCATT,PIP3,Reexposed
PIP3_AAGGGACCGAGATACCAAATTGGAAAGC,PIP3,Reexposed
PIP3_AAGGGACCTCAGTCTGCTTTACACCAAG,PIP3,Reexposed
PIP3_AAGGGACCTGGGTTACCTTTGAAAGACA,PIP3,Reexposed
PIP3_AAGTCCAAAAACCGGATACCTGAATAGG,PIP3,Reexposed
PIP3_AAGTCCAAAAGAGAAAGCTCCAAGGGTT,PIP3,Reexposed
PIP3_AAGTCCAAACTTCCCTGGTATGGTGTCT,PIP3,Reexposed
PIP3_AAGTCCAACCAAATTTGGTAGATGCAGA,PIP3,Reexposed
PIP3_AAGTCCAACTTGTTCTTCCATGGGAATT,PIP3,Reexposed
PIP3_AAGTCCAAGAACAGTGAACCACCTGAAG,PIP3,Reexposed
PIP3_AAGTCCAAGAAGAATACTCATGAATAGG,PIP3,Reexposed
PIP3_AAGTCCAATACAGAAGAAGGACAAGTAG,PIP3,Reexposed
PIP3_AAGTCCAATAGCGAATGCACTGGTGTCT,PIP3,Reexposed
PIP3_AAGTTGTCACTTCCTGTAACATATGGGT,PIP3,Reexposed
PIP3_AAGTTGTCCCTAATGATATGAAGGATGA,PIP3,Reexposed
PIP3_AAGTTGTCTTGGCACTTGTTGGAGTAAG,PIP3,Reexposed
PIP3_AATACATCACAACCCACAAGACAGGCCA,PIP3,Reexposed
PIP3_AATACATCAGACGTCCAAATATCCTAGT,PIP3,Reexposed
PIP3_AATACATCCGCAAATCTGTGTGGTGTCT,PIP3,Reexposed
PIP3_AATACATCCTATGGAAAGTGCTGGGTAT,PIP3,Reexposed
PIP3_AATACATCCTATGGTTGGCAAACAAATG,PIP3,Reexposed
PIP3_AATACATCGAGATAGGTTTCAAACTACA,PIP3,Reexposed
PIP3_AATACATCGATGAATGAAAGGGGAGATG,PIP3,Reexposed
PIP3_AATACATCGCTCTTGATATGGTCTGGAA,PIP3,Reexposed
PIP3_AATACATCTACAGATGTATCGTCTGGAA,PIP3,Reexposed
PIP3_AATACATCTGGGTTGGTTTCATAGATGT,PIP3,Reexposed
PIP3_AATACATCTTGGCAAACTGAATAACAGG,PIP3,Reexposed
PIP3_AATATGACAAAGGCTACTCACCTTTACA,PIP3,Reexposed
PIP3_AATATGACAGAAACAATACCAACAAATG,PIP3,Reexposed
PIP3_AATATGACCACAAGACATGTTGGCTAGT,PIP3,Reexposed
PIP3_AATATGACCTAAAGCAAACATCATACCA,PIP3,Reexposed
PIP3_AATATGACGAAAGGTCTGTGGGTTACAC,PIP3,Reexposed
PIP3_AATATGACGAAGAAAGACGTGTCTAATC,PIP3,Reexposed
PIP3_AATATGACGTTAGTTACAGATTAGCAAT,PIP3,Reexposed
PIP3_AATATGACTGCTAGAGACGTGATGCAGA,PIP3,Reexposed
PIP3_ACCAGTTTAATACCTATGCCGTCTGGAA,PIP3,Reexposed
PIP3_ACCAGTTTAGGAAAGGTTTCGCCAACAT,PIP3,Reexposed
PIP3_ACCAGTTTAGGTAATACTCAAATGTATG,PIP3,Reexposed
PIP3_ACCAGTTTCCTAATTATTGGTGGTGTCT,PIP3,Reexposed
PIP3_ACCAGTTTCTTGACTACTCAACCAGTTT,PIP3,Reexposed
PIP3_ACCAGTTTCTTGTTAAAGTGTGGGAATT,PIP3,Reexposed
PIP3_ACCAGTTTGAAAGGGTAGAGACACCAAG,PIP3,Reexposed
PIP3_ACCAGTTTGACAATTGTATCAAAGAGGC,PIP3,Reexposed
PIP3_ACCAGTTTGGTTTCAAGAGAGAAGATAT,PIP3,Reexposed
PIP3_ACCAGTTTGTTTGGGATACCTGGGAATT,PIP3,Reexposed
PIP3_ACCAGTTTTTTCTCGAAGAAGGGATTAC,PIP3,Reexposed
PIP3_ACTCATACCTTGACGATACCGTCTAATC,PIP3,Reexposed
PIP3_ACTCATACGATTTCACCATATGAATAGG,PIP3,Reexposed
PIP3_ACTCATACGCTCTTACAAAGGGCTATAA,PIP3,Reexposed
PIP3_AGAAACCAAGACGTACAAAGCGTGTACA,PIP3,Reexposed
PIP3_AGAAACCAATCAACCTTCCAATATGGGT,PIP3,Reexposed
PIP3_AGAAACCAATGCACCCTAATAAAGAGGC,PIP3,Reexposed
PIP3_AGAAACCATGAGAAAGAAGGGTGGTGCT,PIP3,Reexposed
PIP3_AGACCTCACACAAGTTGGCAGACACAAA,PIP3,Reexposed
PIP3_AGACCTCATCGATTTGGGTTATATGGGT,PIP3,Reexposed
PIP3_AGACCTCATCTACCTCAAAGGGAGTAAG,PIP3,Reexposed
PIP3_AGACCTCATGAACCGTAATCGGCAAGGT,PIP3,Reexposed
PIP3_AGACGAGGACTTCCTGTAACCGTGGGAT,PIP3,Reexposed
PIP3_AGACGAGGCAATACCTGAAGGTCAGGTT,PIP3,Reexposed
PIP3_AGACGAGGCTATGGCTGGTAGGAGTAAG,PIP3,Reexposed
PIP3_AGACGAGGGAACAGCAGTTGACACCAAG,PIP3,Reexposed
PIP3_AGACGAGGGTACAAAAGAGAATAACAGG,PIP3,Reexposed
PIP3_AGAGGTGCAAGGTGGAAATCTGGAAAGC,PIP3,Reexposed
PIP3_AGAGGTGCCTGGTAGAAACCGTGGTGCT,PIP3,Reexposed
PIP3_AGAGGTGCGTTCACCTTCCAAAATAGCA,PIP3,Reexposed
PIP3_AGAGGTGCTGAAAGTTAACGTCATACCA,PIP3,Reexposed
PIP3_AGAGGTGCTGGGTTCACATTGATGGTTA,PIP3,Reexposed
PIP3_AGCTCCACATCTGAACAAAGCACAACCT,PIP3,Reexposed
PIP3_AGCTCCACCCGTATTATTGGTCAAATGG,PIP3,Reexposed
PIP3_AGCTCCACGAAATCCAAACAATCAGGGA,PIP3,Reexposed
PIP3_AGCTCCACGCGTTTTCTACCGGAGTAAG,PIP3,Reexposed
PIP3_AGCTCCACTCTGTGAGACGTGTCAAGAG,PIP3,Reexposed
PIP3_AGGACACACTATGGGCTGTATCATACCA,PIP3,Reexposed
PIP3_AGGACACAGATATGAAGAGAACAGGCCA,PIP3,Reexposed
PIP3_AGGACACATTTCTCTGCTAGTGAATAGG,PIP3,Reexposed
PIP3_AGTAGTTAAAACCGTGGGTTGGTTAGGG,PIP3,Reexposed
PIP3_AGTAGTTACTTCGATAAGGCTCAAATGG,PIP3,Reexposed
PIP3_AGTAGTTAGTGATCAGACGTGGGAGATG,PIP3,Reexposed
PIP3_AGTAGTTATGAACCTGAGAAGTCTGGAA,PIP3,Reexposed
PIP3_AGTAGTTATGGGTTTGCTAGCCTTTACA,PIP3,Reexposed
PIP3_AGTCACAAAATAGCTGAGAACAAACATT,PIP3,Reexposed
PIP3_AGTCACAACTTGACCAAACATGGAAAGC,PIP3,Reexposed
PIP3_AGTCACAACTTTAGTCAGTCAATATGAC,PIP3,Reexposed
PIP3_AGTCACAATAAGCCGAAACCCGTGGGAT,PIP3,Reexposed
PIP3_AGTGCTTCAAGGTGAAACTCTGGAAAGC,PIP3,Reexposed
PIP3_AGTGCTTCAGTTACAATAGCTCAAATGG,PIP3,Reexposed
PIP3_AGTGCTTCGAAATCCAGTTGACAAGTAG,PIP3,Reexposed
PIP3_AGTGCTTCGATTTCAGAAGGCAGTTTAA,PIP3,Reexposed
PIP3_AGTTGAACAAACCGAAGGTGGTCAGGTT,PIP3,Reexposed
PIP3_AGTTGAACAGGAAATAACCCAACAGAAC,PIP3,Reexposed
PIP3_AGTTGAACAGGAAATACTCACACAAGTA,PIP3,Reexposed
PIP3_AGTTGAACCTAAAGGAAAGGCAAGGAAT,PIP3,Reexposed
PIP3_AGTTGAACGTAGAGATCTGACCTTTGTC,PIP3,Reexposed
PIP3_AGTTGAACTAGTCTGAAACCATAGATGT,PIP3,Reexposed
PIP3_AGTTGAACTCTGTGTGAACCTATGTGAA,PIP3,Reexposed
PIP3_AGTTTGTAAGGTAAGCTAAGGGCAAGGT,PIP3,Reexposed
PIP3_AGTTTGTACACAAGTCTGTGCACAACCT,PIP3,Reexposed
PIP3_AGTTTGTACTAAAGTATGCCTTCTAGGA,PIP3,Reexposed
PIP3_AGTTTGTACTTTAGAACTGAACAGATAA,PIP3,Reexposed
PIP3_AGTTTGTAGAACAGACAGCATTTGCCAG,PIP3,Reexposed
PIP3_ATAAGCTAAGGAAACAAACACAAGGGTT,PIP3,Reexposed
PIP3_ATAAGCTAGTAGAGCAATACAGTAGTTA,PIP3,Reexposed
PIP3_ATAAGCTATAGCGATGCTAGAATGTATG,PIP3,Reexposed
PIP3_ATACTCTCAAGCACTGCTAGTGGCTAGT,PIP3,Reexposed
PIP3_ATACTCTCCTTCGATAACCCAAGGATGA,PIP3,Reexposed
PIP3_ATACTCTCGCTCTTATCTTCCTGGGTAT,PIP3,Reexposed
PIP3_ATACTCTCGCTGTACACAAGAATAAGGA,PIP3,Reexposed
PIP3_ATACTCTCGGTCTAACAAAGTTCTAGGA,PIP3,Reexposed
PIP3_ATTACCTTCCGTATAGAAACAGTAATGG,PIP3,Reexposed
PIP3_ATTTCCATCGCAAAGAAAGGTCATACCA,PIP3,Reexposed
PIP3_ATTTCCATCTATGGTCAGTCCGTGGGAT,PIP3,Reexposed
PIP3_ATTTCCATGTTCACGATACCCCATATGA,PIP3,Reexposed
PIP3_ATTTCCATTAGCGAGTTGCTGTGGTGCT,PIP3,Reexposed
PIP3_ATTTCCATTCTGTGCTGGTAATAGATGT,PIP3,Reexposed
PIP3_ATTTCCATTTGGTAGTTTGGTACTGAAT,PIP3,Reexposed
PIP3_CAAACATTAAGCACCCTAATGAGTGTAC,PIP3,Reexposed
PIP3_CAAACATTAGTGGATGGGTTCTCAAACA,PIP3,Reexposed
PIP3_CAAACATTCTAAAGGTACAACCTTTGTC,PIP3,Reexposed
PIP3_CAAACATTGTAATCCAAACAGAGTGTAC,PIP3,Reexposed
PIP3_CAAGGGTTAAAGTGTAAGGCACTAATTG,PIP3,Reexposed
PIP3_CAAGGGTTCACGAAGTTGCTGGAGTAAG,PIP3,Reexposed
PIP3_CAAGGGTTGAGATAGTACAAGACACAAA,PIP3,Reexposed
PIP3_CAAGGGTTGTTGCTAGACGTGATGGTTA,PIP3,Reexposed
PIP3_CAATTCTCAATAGCCTGAAGAAACTACA,PIP3,Reexposed
PIP3_CAATTCTCGAAGAACTTGTTCAAGGGTT,PIP3,Reexposed
PIP3_CAATTCTCTGCTTTTAAGCCGGTTACAC,PIP3,Reexposed
PIP3_CACTAACCGAAATCGATACCTGGGAATT,PIP3,Reexposed
PIP3_CACTAACCTGAGAAGTAATCTCTGATTT,PIP3,Reexposed
PIP3_CAGGTTGCAGGAAACACATTGTCTAATC,PIP3,Reexposed
PIP3_CAGGTTGCATCTGATGCTAGGCTAAGTT,PIP3,Reexposed
PIP3_CAGGTTGCGGTCTAGACAATCGTGGGAT,PIP3,Reexposed
PIP3_CAGGTTGCTGTATCTATTGGACTAGAGC,PIP3,Reexposed
PIP3_CAGGTTGCTTAACGAGAAGGGAAAGACA,PIP3,Reexposed
PIP3_CCACCTCTCAGTTGGGTTTCGGTTACAC,PIP3,Reexposed
PIP3_CCACCTCTCCGTATAAGGTGTTTGCCAG,PIP3,Reexposed
PIP3_CCACCTCTTTGGCATGAACCAGTAGTTA,PIP3,Reexposed
PIP3_CCATCCACAAAGTGTACAGATCATACCA,PIP3,Reexposed
PIP3_CCATCCACAGTGGACTTCGAAACTGCCT,PIP3,Reexposed
PIP3_CCATCCACCTATGGTAGCGAGGCTATAA,PIP3,Reexposed
PIP3_CCATCCACCTTGACTGAACCAACAGAAC,PIP3,Reexposed
PIP3_CCATCCACTAAGCCAAAGTGGCCAACAT,PIP3,Reexposed
PIP3_CCATCCACTACAGAGTAATCGGAGTAAG,PIP3,Reexposed
PIP3_CCATCCACTCAAAGATGTTGCACAAGTA,PIP3,Reexposed
PIP3_CCTACGCTAAAGTGAGTTACCCTTTGTC,PIP3,Reexposed
PIP3_CCTACGCTAGACGTTAACCCCCTTTGTC,PIP3,Reexposed
PIP3_CCTACGCTCCGTATAAGCTCGGAGGTTT,PIP3,Reexposed
PIP3_CCTACGCTCTATGGCAGTTGTGAATAGG,PIP3,Reexposed
PIP3_CCTACGCTCTTCGACACAAGGAAAGACA,PIP3,Reexposed
PIP3_CCTACGCTCTTCGAGATACCCAAGGGTT,PIP3,Reexposed
PIP3_CCTACGCTCTTCGAGTTAGTTACCTAAG,PIP3,Reexposed
PIP3_CCTACGCTGGTCTATGAACCCAAACATT,PIP3,Reexposed
PIP3_CCTATTTAAAACCGACAAAGCAAACATT,PIP3,Reexposed
PIP3_CCTCATGAACCTTTTACTCAGGGATTAC,PIP3,Reexposed
PIP3_CCTCATGACACATTGAAGAAATCAGGGA,PIP3,Reexposed
PIP3_CCTCATGACTAAAGAAGGTGATGCATAT,PIP3,Reexposed
PIP3_CCTCATGACTAAAGGGTTTCGAAAGACA,PIP3,Reexposed
PIP3_CCTCATGAGTAATCATCAACACCAGTTT,PIP3,Reexposed
PIP3_CCTCATGATAGCGATGCTTTTGAATAGG,PIP3,Reexposed
PIP3_CCTTTACACTGGTAAGAAGGTACCTAAG,PIP3,Reexposed
PIP3_CCTTTGTCCTTGACAACTGAATATGCAA,PIP3,Reexposed
PIP3_CCTTTGTCTAACCCAATACCCCTTTACA,PIP3,Reexposed
PIP3_CCTTTGTCTCTGTGCCTAATGCTAAGTT,PIP3,Reexposed
PIP3_CCTTTGTCTGAACCAGAAACACTAGAGC,PIP3,Reexposed
PIP3_CTAACGCCAACTGATCTGTGGTGGTGCT,PIP3,Reexposed
PIP3_CTAACGCCACATGTAGACGTGGGATTAC,PIP3,Reexposed
PIP3_CTAACGCCAGGTAAGTAATCCCATATGA,PIP3,Reexposed
PIP3_CTAACGCCCCGTATGCTGTAGCCTGGTA,PIP3,Reexposed
PIP3_CTAGACTAATCTGATAACCCTGGTGTCT,PIP3,Reexposed
PIP3_CTAGACTACACATTTGAGAAATAGATGT,PIP3,Reexposed
PIP3_CTAGACTAGGTTTCCTTCGAATGCATAT,PIP3,Reexposed
PIP3_CTAGACTATGAGAAATGCACTTTGCCAG,PIP3,Reexposed
PIP3_CTAGACTATGCTAGAGGAAAGAAAGACA,PIP3,Reexposed
PIP3_CTCCTCCAAGGAAAGATACCCAAGGTAC,PIP3,Reexposed
PIP3_CTCCTCCACGCAAACTGAAGACCTGAAG,PIP3,Reexposed
PIP3_CTCCTCCAGATGAACTGAAGGCCTGGTA,PIP3,Reexposed
PIP3_CTCCTCCAGTTGCTTGCTAGTGAATAGG,PIP3,Reexposed
PIP3_CTCCTCCATCTACCGCACTAGCCAACAT,PIP3,Reexposed
PIP3_CTCCTCCATGTATCAGTGGAAACAAATG,PIP3,Reexposed
PIP3_CTCCTCCATTAACGCACGAAAGTAGTTA,PIP3,Reexposed
PIP3_CTGGGTATAGGAAAAGACGTATCAGGGA,PIP3,Reexposed
PIP3_CTGTGACCAAGGTGTAACCCTGGGAATT,PIP3,Reexposed
PIP3_CTGTGACCACGGTTGCGTTTGAAAGACA,PIP3,Reexposed
PIP3_CTGTGACCGAAAGGGATATGACTAGAGC,PIP3,Reexposed
PIP3_CTGTGACCTAACCCATGTTGATAGATGT,PIP3,Reexposed
PIP3_CTGTGACCTGCTAGTGTATCACAAGTAG,PIP3,Reexposed
PIP3_CTGTTAAAACAACCAGAAACATAACAGG,PIP3,Reexposed
PIP3_CTGTTAAACCAAATATGTTGTTGCATTC,PIP3,Reexposed
PIP3_CTGTTAAATCAGTCTAACCCGTGGTGCT,PIP3,Reexposed
PIP3_CTGTTGTGACCTTTACAACCACAGGCCA,PIP3,Reexposed
PIP3_CTGTTGTGATCTGAAACTGAACTAGAGC,PIP3,Reexposed
PIP3_CTGTTGTGTGAACCCTGAAGTACCTAAG,PIP3,Reexposed
PIP3_CTGTTTCCACTTCCTATTGGACTAGAGC,PIP3,Reexposed
PIP3_CTGTTTCCATCAACATCAACAAGGATGA,PIP3,Reexposed
PIP3_CTGTTTCCATGCACTCTGTGGATGTGGC,PIP3,Reexposed
PIP3_CTGTTTCCCGCAAAGAAAGGAACAGAAC,PIP3,Reexposed
PIP3_CTGTTTCCTATTGGTCTACCGATGTGGC,PIP3,Reexposed
PIP3_CTTAGTGTACAAAGAAACTCTGGGAATT,PIP3,Reexposed
PIP3_CTTAGTGTCTGGTAGATATGGCTAAGTT,PIP3,Reexposed
PIP3_CTTAGTGTGAAAGGGAAGAAGAGTGTAC,PIP3,Reexposed
PIP3_CTTAGTGTTGAGAAAAACACGGAGGTTT,PIP3,Reexposed
PIP3_CTTCTACGAAAGTGTCCATACACAACCT,PIP3,Reexposed
PIP3_CTTCTACGGTTCACAGTGGACCATATGA,PIP3,Reexposed
PIP3_CTTCTACGTCAGTCAAACACGGGATTAC,PIP3,Reexposed
PIP3_CTTCTACGTGGGTTAATACCTCATACCA,PIP3,Reexposed
PIP3_CTTTATCCAAAGTGCCAAATATAGATGT,PIP3,Reexposed
PIP3_CTTTATCCAGGTAAGCACTATTAGCAAT,PIP3,Reexposed
PIP3_CTTTATCCGAAAGGAAAGTGGTTCTGCT,PIP3,Reexposed
PIP3_CTTTATCCTTCGAAGTTTGGGCTATGGG,PIP3,Reexposed
PIP3_CTTTCACTAACTGATTCCAGAAACTGTG,PIP3,Reexposed
PIP3_CTTTCACTACTTCCGCGTTTAACAGAAC,PIP3,Reexposed
PIP3_CTTTCACTCTTGACTGAAAGGAAAGACA,PIP3,Reexposed
PIP3_CTTTCACTGCACTAACAAAGGGCTATAA,PIP3,Reexposed
PIP3_CTTTCACTGCTGTAGTTCACCGTGGGAT,PIP3,Reexposed
PIP3_CTTTCACTTCTGTGAAACTCGCCAACAT,PIP3,Reexposed
PIP3_CTTTGGACAAACACTGTATCAAACTACA,PIP3,Reexposed
PIP3_CTTTGGACAATACCACAGCATTAGCAAT,PIP3,Reexposed
PIP3_CTTTGGACGCTCTTACCTTTAATGTATG,PIP3,Reexposed
PIP3_CTTTGGACGGTCTACTTGACCCATATGA,PIP3,Reexposed
PIP3_CTTTGGACGGTTTCTCTACCCTCAAACA,PIP3,Reexposed
PIP3_CTTTGGACTAACCCTGTAACAGTAGTTA,PIP3,Reexposed
PIP3_GAAATACGCTGGTACTATGGAGTAATGG,PIP3,Reexposed
PIP3_GAAATACGGAAAGGCAGTTGAAGGATGA,PIP3,Reexposed
PIP3_GAAATACGTATGCCTTGGTATCATACCA,PIP3,Reexposed
PIP3_GACACCTGAAAGTGTGAGAACTGGGTAT,PIP3,Reexposed
PIP3_GACACCTGACGGTTTTGGTAAATAAGGA,PIP3,Reexposed
PIP3_GACACCTGGAAATCGTGATCACAAAGAT,PIP3,Reexposed
PIP3_GAGAAACCACGGTTGTGATCAATATGAC,PIP3,Reexposed
PIP3_GAGAAACCACTTCCAGACGTCTGTTAAA,PIP3,Reexposed
PIP3_GAGAAACCAGACGTACAACCATCAGGGA,PIP3,Reexposed
PIP3_GAGAAACCATGTTGGTTCACTCAAATGG,PIP3,Reexposed
PIP3_GAGAAACCCACAAGTCAAAGGCTATGGG,PIP3,Reexposed
PIP3_GAGAAACCCTGGTATCAAAGGGTTACAC,PIP3,Reexposed
PIP3_GAGAAACCCTTTAGGCGTTTCACAACCT,PIP3,Reexposed
PIP3_GAGAAACCGATGAAGATACCGGCTATAA,PIP3,Reexposed
PIP3_GAGAAACCGCTAAGAACTGATCAAATGG,PIP3,Reexposed
PIP3_GAGAAACCTGCTAGTGCTAGGTCAAGAG,PIP3,Reexposed
PIP3_GAGAAACCTGGGTTACTTCCCTCACATC,PIP3,Reexposed
PIP3_GAGGAGTGACAAAGACAACCGGTTACAC,PIP3,Reexposed
PIP3_GAGGAGTGCTAAAGCACAAGTGGTGTCT,PIP3,Reexposed
PIP3_GAGGAGTGTTTCTCACATGTAATATGAC,PIP3,Reexposed
PIP3_GAGGGTCAACCTTTAGGTAAGGCTATAA,PIP3,Reexposed
PIP3_GAGGGTCATAGTCTAATAGCGATGTGGC,PIP3,Reexposed
PIP3_GAGGGTCATCAAAGAAACTCATCAGGGA,PIP3,Reexposed
PIP3_GAGGGTCATTGGCATATGCCGGCTATAA,PIP3,Reexposed
PIP3_GAGTGTACGACAATATCAACTGGAAAGC,PIP3,Reexposed
PIP3_GAGTGTACGGTTTCCAAACAACAGGCCA,PIP3,Reexposed
PIP3_GATGTGGCAAACACCTTCGACGTGGGAT,PIP3,Reexposed
PIP3_GATGTGGCCTTGTTGTAGAGACAGATAA,PIP3,Reexposed
PIP3_GATGTGGCGTACAATGTAACCAAGGAAT,PIP3,Reexposed
PIP3_GATGTGGCTCAGTCTACAGATGGTGTCT,PIP3,Reexposed
PIP3_GATGTGGCTGGGTTTGCTAGACAGATAA,PIP3,Reexposed
PIP3_GATTACTTGACAATCTGAAGCCAGACAG,PIP3,Reexposed
PIP3_GATTGGGATTCGAAGGTTTCGATGGTTA,PIP3,Reexposed
PIP3_GATTGGGATTGGTACTGGTAGGAGGTTT,PIP3,Reexposed
PIP3_GCCTGGTACTTTAGCTGGTACTGTTAAA,PIP3,Reexposed
PIP3_GCCTGGTAGAAATCGAAGAAACCTGAAG,PIP3,Reexposed
PIP3_GCCTGGTAGTTGCTAAGGTGGCTAAGTT,PIP3,Reexposed
PIP3_GCTTCTCCACCTTTTCAAAGGTGGTGCT,PIP3,Reexposed
PIP3_GCTTCTCCCAGTTGAACTGATGGTGTCT,PIP3,Reexposed
PIP3_GCTTCTCCGCACTAAGTGGAAGTTTGTA,PIP3,Reexposed
PIP3_GCTTCTCCGTTAGTAAGAGACAGTTTAA,PIP3,Reexposed
PIP3_GCTTCTCCTGCTAGTCAGTCAATAAGGA,PIP3,Reexposed
PIP3_GTAAACAAACGGTTGTACAAAATAAGGA,PIP3,Reexposed
PIP3_GTAAACAAAGAAGGTACTCACCTATTTA,PIP3,Reexposed
PIP3_GTAAACAACACATTATGCACGAAAGACA,PIP3,Reexposed
PIP3_GTAAACAACTTCGACTTCGAACCTGAAG,PIP3,Reexposed
PIP3_GTAAACAATGCTTTTTGGTAAAATAGCA,PIP3,Reexposed
PIP3_GTAAACAATGGGTTCTAAAGTGGGAATT,PIP3,Reexposed
PIP3_GTAAACAATTTCTCGATACCGGCTATAA,PIP3,Reexposed
PIP3_GTCCACTAACGGTTACCATAGAGTGTAC,PIP3,Reexposed
PIP3_GTCCACTACACAAGACAACCTATGTGAA,PIP3,Reexposed
PIP3_GTCCACTAGAAAGGTGTAACCCAGACAG,PIP3,Reexposed
PIP3_GTCCACTAGACAATATCAACTCAAATGG,PIP3,Reexposed
PIP3_GTCCACTAGCTGTAACAACCGCTATGGG,PIP3,Reexposed
PIP3_GTCCACTAGCTGTAGAAACCATCCTAGT,PIP3,Reexposed
PIP3_GTCCACTATTAACGAACTGAGTCAAGAG,PIP3,Reexposed
PIP3_GTCCTTGCACTTCCAGGAAAGGTTAGGG,PIP3,Reexposed
PIP3_GTCCTTGCCTGAAGCTGGTACCTATTTA,PIP3,Reexposed
PIP3_GTCTAATCAGAAGGACAACCATAGATGT,PIP3,Reexposed
PIP3_GTCTAATCATCTGACTAAAGGTTCTGCT,PIP3,Reexposed
PIP3_GTCTAATCTGTATCAAACTCCCTTTGTC,PIP3,Reexposed
PIP3_GTCTTCCTAAAGTGATGCACGGAGTAAG,PIP3,Reexposed
PIP3_GTCTTCCTCTTTAGACAACCTTAGCAAT,PIP3,Reexposed
PIP3_GTCTTCCTGGTTTCGGTTTCTGGCTAGT,PIP3,Reexposed
PIP3_GTCTTCCTTGCTAGAAGCACAAACTGTG,PIP3,Reexposed
PIP3_GTCTTCCTTGGGTTTGCTTTAAATAGCA,PIP3,Reexposed
PIP3_GTGAACTCAAAGTGAATACCTGGAAAGC,PIP3,Reexposed
PIP3_GTGAACTCAAAGTGCTTCCAGCCTGGTA,PIP3,Reexposed
PIP3_GTGAACTCATCAACGAAAGGTCATACCA,PIP3,Reexposed
PIP3_GTGAACTCCATCTAGAAGAAGAAAGACA,PIP3,Reexposed
PIP3_GTGAACTCGTAATCGAAATCTGCACCAG,PIP3,Reexposed
PIP3_GTGAACTCTCAAAGTCCATACCTATTTA,PIP3,Reexposed
PIP3_GTGAACTCTGGGTTTCTACCTGGTGTCT,PIP3,Reexposed
PIP3_GTGAACTCTTCGAATCTGTGCCTTTACA,PIP3,Reexposed
PIP3_GTGAGGCAACAGCAAAGGTGAGTAATGG,PIP3,Reexposed
PIP3_GTGAGGCACACAAGAGGTAATAATGTGG,PIP3,Reexposed
PIP3_GTGAGGCACCGTATACAACCACCACAGA,PIP3,Reexposed
PIP3_GTGAGGCAGTTAGTAGGAAAGGAGTAAG,PIP3,Reexposed
PIP3_GTGAGGCAGTTTGGCTATGGAATATGAC,PIP3,Reexposed
PIP3_GTGAGGCAGTTTGGTACTCATGGTGTCT,PIP3,Reexposed
PIP3_GTGAGGCATAAGCCAGAAGGTGGTGTCT,PIP3,Reexposed
PIP3_GTGAGGCATTGGTATGTATCGGCAAGGT,PIP3,Reexposed
PIP3_GTGGTGCTAAGCACTAAGGCGTCAAGAG,PIP3,Reexposed
PIP3_GTGGTGCTGAAATCTAACCCAAAGAGGC,PIP3,Reexposed
PIP3_GTGGTGCTGATATGTGTAACGGAGTAAG,PIP3,Reexposed
PIP3_GTGGTGCTGCTAAGTTCCAGGGTTAGGG,PIP3,Reexposed
PIP3_GTGTCACCCTATGGCAAACATGGAAAGC,PIP3,Reexposed
PIP3_GTGTCACCTAGCGAACAAAGGGAGTAAG,PIP3,Reexposed
PIP3_GTTCTGCTGATGAACTTGACTCATACCA,PIP3,Reexposed
PIP3_GTTCTGCTGCTCTTAAACTCACAAAGAT,PIP3,Reexposed
PIP3_GTTCTGCTGTAGAGTATGCCTGGGAATT,PIP3,Reexposed
PIP3_GTTCTGCTTACAGAAAAGACAACAAATG,PIP3,Reexposed
PIP3_GTTGTCCGACCTTTACCTTTAATGTATG,PIP3,Reexposed
PIP3_GTTGTCCGACTTCCTCTGTGACATGGAC,PIP3,Reexposed
PIP3_GTTGTCCGTAAGGCGTACAACTCACATC,PIP3,Reexposed
PIP3_TAACTTCTAAACACCCAAATTTAGCAAT,PIP3,Reexposed
PIP3_TAACTTCTAGAAACGAAAGGCAAGGTAC,PIP3,Reexposed
PIP3_TAACTTCTCTTCGATCAAAGAGTAGTTA,PIP3,Reexposed
PIP3_TAACTTCTGTTCACCTTTAGACAAGTAG,PIP3,Reexposed
PIP3_TAACTTCTTAAGCCTGAGAAACTAGAGC,PIP3,Reexposed
PIP3_TACTGAATAAACACCAAACAGGGTCATT,PIP3,Reexposed
PIP3_TACTGAATCACGAAAGTTACAACAGAAC,PIP3,Reexposed
PIP3_TACTGAATCTTTAGCTTCCAGTCTAATC,PIP3,Reexposed
PIP3_TACTGAATGATGAACCTAATCGTGGGAT,PIP3,Reexposed
PIP3_TACTGAATTGAGAACTAAAGCGTGGGAT,PIP3,Reexposed
PIP3_TAGCCACACACATTAGGTAAAATGTATG,PIP3,Reexposed
PIP3_TAGCCACATATGCCTTGGTAGCCTGGTA,PIP3,Reexposed
PIP3_TAGCCACATTAACGAATACCCAAGGGTT,PIP3,Reexposed
PIP3_TAGTCTCTCACGAATGGGTTAAGGATGA,PIP3,Reexposed
PIP3_TAGTCTCTCTAAAGTTGGCATTAGCAAT,PIP3,Reexposed
PIP3_TAGTCTCTTAGTCTCTTTAGAGTTTGTA,PIP3,Reexposed
PIP3_TAGTCTCTTGCTTTAAAGGCGGTTAGGG,PIP3,Reexposed
PIP3_TATCCACGCTAAAGGTAGAGACAGATAA,PIP3,Reexposed
PIP3_TATCCACGGTTAGTGTACAATACCTAAG,PIP3,Reexposed
PIP3_TATCCACGTAAGGCCACGAAGGGATTAC,PIP3,Reexposed
PIP3_TATCCACGTAGTCTGACAATGAGTGTAC,PIP3,Reexposed
PIP3_TATCTGTCACAGCATATGCCTATGTGAA,PIP3,Reexposed
PIP3_TATCTGTCACGGTTGTTTGGAAATAGCA,PIP3,Reexposed
PIP3_TATCTGTCCCGTATCACATTGGTTAGGG,PIP3,Reexposed
PIP3_TATCTGTCCGCAAACTATGGACATGGAC,PIP3,Reexposed
PIP3_TATCTGTCGAAGAAGTTTGGTCAAATGG,PIP3,Reexposed
PIP3_TATCTGTCGTTCACCCTAATCAAGGTAC,PIP3,Reexposed
PIP3_TATCTGTCGTTGCTGAAAGGGACACAAA,PIP3,Reexposed
PIP3_TATCTGTCTGAACCCTGGTATGCACCAG,PIP3,Reexposed
PIP3_TATGTGAAAAAGTGCTGGTATACCTAAG,PIP3,Reexposed
PIP3_TATGTGAAACAAAGGAAAGGACCACAGA,PIP3,Reexposed
PIP3_TATGTGAACTATGGTCAAAGCTGGGTAT,PIP3,Reexposed
PIP3_TATGTGAACTTGACCTTTAGGGGAGATG,PIP3,Reexposed
PIP3_TCCGACACAAGCACGTGATCACCAGTTT,PIP3,Reexposed
PIP3_TCCGACACACTTCCTCTGTGATAGATGT,PIP3,Reexposed
PIP3_TCCGACACAGAAGGAGTGGAGATGGTTA,PIP3,Reexposed
PIP3_TCCGACACAGACGTTGAGAATCATACCA,PIP3,Reexposed
PIP3_TCCGACACCTATGGTAGAACTGGGAATT,PIP3,Reexposed
PIP3_TCCGACACGATTTCTAACCCTGAATAGG,PIP3,Reexposed
PIP3_TCCGACACGCTCTTTCAAAGAACAGAAC,PIP3,Reexposed
PIP3_TCCGACACGTTAGTTCTACCGCCTGGTA,PIP3,Reexposed
PIP3_TCCGACACGTTGCTAGAAGGTCCTATAT,PIP3,Reexposed
PIP3_TCCGACACTGAGAATGTATCCAAGGTAC,PIP3,Reexposed
PIP3_TCCGACACTTGGCAATCTTCGCCTGGTA,PIP3,Reexposed
PIP3_TCCTATATCTAAAGACAAAGTCAAATGG,PIP3,Reexposed
PIP3_TCCTATATGTTAGTGATATGATAGATGT,PIP3,Reexposed
PIP3_TCTAAACTAGACGTGTTCACCTCAAACA,PIP3,Reexposed
PIP3_TCTAAACTAGTTACGTGATCCAGTTTAA,PIP3,Reexposed
PIP3_TCTAAACTCATCTAGATATGACCTGAAG,PIP3,Reexposed
PIP3_TCTAAACTCTATGGTCCATACACAACCT,PIP3,Reexposed
PIP3_TCTAAACTGCTAAGAAAGTGTGGCTAGT,PIP3,Reexposed
PIP3_TCTAAACTTAACCCACCTTTCACAACCT,PIP3,Reexposed
PIP3_TCTAAACTTTGGCATTGGCAAAACTACA,PIP3,Reexposed
PIP3_TCTATTCCAATAGCTGGGTTGGTTACAC,PIP3,Reexposed
PIP3_TCTATTCCCCAAATGTTAGTAAACTACA,PIP3,Reexposed
PIP3_TCTATTCCCCGTATGCGTTTAAACTGTG,PIP3,Reexposed
PIP3_TCTATTCCGTGATCGTAGAGTGGAAAGC,PIP3,Reexposed
PIP3_TCTATTCCTGCTTTATGTTGCACAAGTA,PIP3,Reexposed
PIP3_TCTTTGACAAAGGCGTTCACATAACAGG,PIP3,Reexposed
PIP3_TCTTTGACGAAGAAGTTCACAAAGAGGC,PIP3,Reexposed
PIP3_TCTTTGACTAGTCTGATACCTATGTGAA,PIP3,Reexposed
PIP3_TGCTTCATGTACAATACTCATGGCTAGT,PIP3,Reexposed
PIP3_TGCTTCATTAACCCACAACCAACTGCCT,PIP3,Reexposed
PIP3_TTAGCTGCACTTCCAGACGTAATATGAC,PIP3,Reexposed
PIP3_TTAGCTGCAGTTACAAACTCACAAAGAT,PIP3,Reexposed
PIP3_TTAGCTGCGCTCTTAAAGGCACCACAGA,PIP3,Reexposed
PIP3_TTAGCTGCGCTGTATGAAAGAAAGAGGC,PIP3,Reexposed
PIP3_TTAGCTGCGTAATCCACGAATAATGTGG,PIP3,Reexposed
PIP3_TTAGCTGCGTACAATATTGGCAAGGTAC,PIP3,Reexposed
PIP3_TTAGCTGCTATGCCGATATGCCAGACAG,PIP3,Reexposed
PIP3_TTAGCTGCTTAACGCAGTTGATATGGGT,PIP3,Reexposed
PIP3_TTCACTGGCTTCGATAAGGCGGCAAGGT,PIP3,Reexposed
PIP3_TTCACTGGGAAAGGCTAAAGCAAGGAAT,PIP3,Reexposed
PIP3_TTCACTGGGCTGTATAGAACATCAGGGA,PIP3,Reexposed
PIP3_TTCACTGGTATGCCACCTTTCGTGTACA,PIP3,Reexposed
PIP3_TTGCTCTAATCAACAGAAGGAGTAATGG,PIP3,Reexposed
PIP3_TTGCTCTACACATTGTAATCTGGGAATT,PIP3,Reexposed
PIP3_TTGCTCTAGAACAGGTTCACACAGGCCA,PIP3,Reexposed
PIP3_TTGCTCTAGATATGGTTAGTTATGTGAA,PIP3,Reexposed
PIP3_TTGCTCTATTGGCATAAGGCGGCTATAA,PIP3,Reexposed
PIP3_TTGCTCTATTGGTAGTAGAGACAAAGAT,PIP3,Reexposed
PIP3_TTGGGTCCATGCACTACTCACAAGGGTT,PIP3,Reexposed
PIP3_TTGGGTCCCTAAAGCTATGGCCATATGA,PIP3,Reexposed
PIP3_TTGGGTCCCTATGGCTTCCAGATGGTTA,PIP3,Reexposed
PIP3_TTGGGTCCGAAAGGAAAGACGCCAACAT,PIP3,Reexposed
PIP3_TTGGGTCCGGTCTAAAAGGCGACACAAA,PIP3,Reexposed
PIP3_TTGGGTCCGTTAGTTAACCCAAACTGTG,PIP3,Reexposed
PIP3_TTGGGTCCTTAACGTTGGCAAACAGAAC,PIP3,Reexposed
PIP3_TTTGTACACATCTAGACAATCAGTTTAA,PIP3,Reexposed
PIP3_TTTGTACAGATATGAACTGATCCTATAT,PIP3,Reexposed
PIP3_TTTGTACAGATTTCACAGCAAATGTATG,PIP3,Reexposed
PIP3_TTTGTACAGTAATCGGTTTCAAGGATGA,PIP3,Reexposed
PIP3_TTTGTACAGTAGAGACAACCGGGTCATT,PIP3,Reexposed
PIP3_TTTGTACATCTACCTGCTAGTGGTGTCT,PIP3,Reexposed
PIP13_AAACAAACAAACCGTGCTAGCGTGGGAT,PIP13,Reexposed
PIP13_AAACAAACAAGAGACTTGACGGCTATAA,PIP13,Reexposed
PIP13_AAACAAACCTATGGGTTCACATAGATGT,PIP13,Reexposed
PIP13_AAACAAACGAAATCCCTAATTGGAAAGC,PIP13,Reexposed
PIP13_AAACAAACGATTTCTACTCATGGAAAGC,PIP13,Reexposed
PIP13_AAACAAACTATGCCCTTGTTTGGAAAGC,PIP13,Reexposed
PIP13_AAACAAACTATTGGCTTGACATCAGGGA,PIP13,Reexposed
PIP13_AAACCGCCAAACACTGTATCTCATACCA,PIP13,Reexposed
PIP13_AAACCGCCTTAACGTATGCCCGTGGGAT,PIP13,Reexposed
PIP13_AAACCGCCTTTCTCGTGATCCCATATGA,PIP13,Reexposed
PIP13_AAACCGCCTTTCTCTAACCCGTTCTGCT,PIP13,Reexposed
PIP13_AAACTACAACAGCAGTTCACCAAGGAAT,PIP13,Reexposed
PIP13_AAACTACACTATGGCTGGTACACAACCT,PIP13,Reexposed
PIP13_AAACTACAGAACAGGCGTTTGAAAGACA,PIP13,Reexposed
PIP13_AAACTACAGCTAAGACAAAGGACACAAA,PIP13,Reexposed
PIP13_AAACTACATGAACCGACAATAATGTATG,PIP13,Reexposed
PIP13_AAAGAGGCAAACACAAACACGGAGGTTT,PIP13,Reexposed
PIP13_AAAGAGGCTGCTTTGAAACCTCATACCA,PIP13,Reexposed
PIP13_AAATTCCGCACGAATAGCGAAAACTACA,PIP13,Reexposed
PIP13_AACTGCCTAAACACAATACCATAGATGT,PIP13,Reexposed
PIP13_AACTGCCTCACAAGGAAAGGGAAAGACA,PIP13,Reexposed
PIP13_AACTGCCTCATCTAAGTTACTACCTAAG,PIP13,Reexposed
PIP13_AACTGCCTGCGTTTAGAAACGTGGTGCT,PIP13,Reexposed
PIP13_AACTGCCTGTAGAGCACGAAGAGTGTAC,PIP13,Reexposed
PIP13_AACTGCCTTGAACCATCTTCTTAGCAAT,PIP13,Reexposed
PIP13_AAGAGTATAGTGGATCAAAGCAAGGGTT,PIP13,Reexposed
PIP13_AAGAGTATTGCTAGTCTACCGTCTAATC,PIP13,Reexposed
PIP13_AAGCCTTCGAGATAGATACCGGTTAGGG,PIP13,Reexposed
PIP13_AAGCCTTCGATGAACAAACATCATACCA,PIP13,Reexposed
PIP13_AAGCCTTCGGTTTCAAGCACTCAAATGG,PIP13,Reexposed
PIP13_AAGCCTTCTGAGAACTTGACCGTGTACA,PIP13,Reexposed
PIP13_AAGCTCCTGGTCTAATCAACTTCTAGGA,PIP13,Reexposed
PIP13_AAGGGACCGATGAAACAACCCACAACCT,PIP13,Reexposed
PIP13_AAGTCCAAAAACACGAACAGACAGGCCA,PIP13,Reexposed
PIP13_AAGTCCAAGAAAGGTTAACGAATAAGGA,PIP13,Reexposed
PIP13_AAGTCCAAGTGATCTGAACCGGTTAGGG,PIP13,Reexposed
PIP13_AAGTTGTCCTTCGAACCATATCATACCA,PIP13,Reexposed
PIP13_AAGTTGTCGCGTTTTATGCCGAAGATAT,PIP13,Reexposed
PIP13_AAGTTGTCTCTGTGAGGAAATGGGAATT,PIP13,Reexposed
PIP13_AAGTTGTCTTGGTATCTGTGCACAACCT,PIP13,Reexposed
PIP13_AATACATCATCTGAAGGTAAGTCAAGAG,PIP13,Reexposed
PIP13_AATACATCCACATTCTGGTACTCAAACA,PIP13,Reexposed
PIP13_AATACATCGCACTACTGGTAGAAGATAT,PIP13,Reexposed
PIP13_AATACATCGCTCTTTCTGTGCCAGACAG,PIP13,Reexposed
PIP13_AATACATCGGTTTCACATGTCGTGTACA,PIP13,Reexposed
PIP13_AATACATCTCAAAGAAGCTCTGGTGTCT,PIP13,Reexposed
PIP13_AATACATCTCAGTCGAAAGGGGAGTAAG,PIP13,Reexposed
PIP13_AATATGACAACTGAAGACGTGTCTAATC,PIP13,Reexposed
PIP13_AATATGACCCAAATCTGGTACCTTTGTC,PIP13,Reexposed
PIP13_AATATGACGCTCTTGAAATCTCCAGAAG,PIP13,Reexposed
PIP13_ACCAGTTTAGAAGGAGAAACATATGCAA,PIP13,Reexposed
PIP13_ACCAGTTTGTACAAAGACGTTATGTGAA,PIP13,Reexposed
PIP13_ACCAGTTTTACAGATGAACCGGCAAGGT,PIP13,Reexposed
PIP13_AGAAACCATTAACGTGCTTTTACCTAAG,PIP13,Reexposed
PIP13_AGACCTCAGCACTAAATAGCGGAGGTTT,PIP13,Reexposed
PIP13_AGACCTCATAACCCACAAAGGGTTAGGG,PIP13,Reexposed
PIP13_AGACCTCATGGGTTCTGGTAAATGTATG,PIP13,Reexposed
PIP13_AGACCTCATTTCTCTCTGTGAAAGAGGC,PIP13,Reexposed
PIP13_AGACGAGGTAGTCTGACAATATCAGGGA,PIP13,Reexposed
PIP13_AGAGGTGCAAACCGCTTGACCCTTTACA,PIP13,Reexposed
PIP13_AGAGGTGCACATGTGTGATCCAAGGTAC,PIP13,Reexposed
PIP13_AGAGGTGCCTGGTAAAACTCCCATATGA,PIP13,Reexposed
PIP13_AGGACACAGCACTATAGCGACTCAAACA,PIP13,Reexposed
PIP13_AGTAGTTAAAACACAATAGCGTCAGGTT,PIP13,Reexposed
PIP13_AGTAGTTAACAACCAAAGGCGTCAAGAG,PIP13,Reexposed
PIP13_AGTAGTTAACGGTTACAACCAAACTACA,PIP13,Reexposed
PIP13_AGTAGTTAGTGATCAAACCGCGTGTACA,PIP13,Reexposed
PIP13_AGTAGTTAGTTAGTCAATACCTGGGTAT,PIP13,Reexposed
PIP13_AGTCACAAACAACCTACAGAATAACAGG,PIP13,Reexposed
PIP13_AGTCACAAAGTTACGAACAGATCAGGGA,PIP13,Reexposed
PIP13_AGTCACAACAGTTGCACAAGCCTTTGTC,PIP13,Reexposed
PIP13_AGTCACAACTATGGACTTCCGACACAAA,PIP13,Reexposed
PIP13_AGTCACAAGACAATAGAAGGACCACAGA,PIP13,Reexposed
PIP13_AGTCACAAGTAGAGTCAAAGAGTAGTTA,PIP13,Reexposed
PIP13_AGTCACAATAGTCTGTAGAGCTCACATC,PIP13,Reexposed
PIP13_AGTGCTTCTAACCCTAACCCCACAAGTA,PIP13,Reexposed
PIP13_AGTTGAACAACTGAAGTTACCAAGGGTT,PIP13,Reexposed
PIP13_AGTTGAACCTATGGAGACGTAAACTGTG,PIP13,Reexposed
PIP13_AGTTGAACGAAAGGATCAACACAGATAA,PIP13,Reexposed
PIP13_AGTTGAACTGTATCCCAAATATAGATGT,PIP13,Reexposed
PIP13_AGTTTGTACTGAAGTGAAAGACACCAAG,PIP13,Reexposed
PIP13_AGTTTGTATCGATTGTGATCTACTGAAT,PIP13,Reexposed
PIP13_ATAAGCTAGAAATCGAAAGGAAAGAGGC,PIP13,Reexposed
PIP13_ATAAGCTAGAACAGGCTGTAAACTGCCT,PIP13,Reexposed
PIP13_ATAAGCTAGCTGTATGAGAAGGTTAGGG,PIP13,Reexposed
PIP13_ATACTCTCCACAAGGTTTGGGGAGTAAG,PIP13,Reexposed
PIP13_ATACTCTCTAGTCTTAAGCCGAAAGACA,PIP13,Reexposed
PIP13_ATTACCTTGTACAAGACAATGTCTAATC,PIP13,Reexposed
PIP13_ATTACCTTGTACAATACTCAGAAAGACA,PIP13,Reexposed
PIP13_ATTACCTTTCAGTCGAAACCTGGAAAGC,PIP13,Reexposed
PIP13_ATTTCCATAGGAAATTAACGGAAAGACA,PIP13,Reexposed
PIP13_ATTTCCATTAAGGCATCTTCTATGTGAA,PIP13,Reexposed
PIP13_CAAACATTCCGTATTCTGTGGGGTCATT,PIP13,Reexposed
PIP13_CAAACATTGCTGTACAATACAAACTACA,PIP13,Reexposed
PIP13_CAAACATTTATTGGGCTGTAGCTATGGG,PIP13,Reexposed
PIP13_CAAGGGTTGAAGAATGCTTTTGCACCAG,PIP13,Reexposed
PIP13_CAAGGGTTTAGCGAATCTGAACCACAGA,PIP13,Reexposed
PIP13_CAATTCTCGTAATCGCTAAGGTCAGGTT,PIP13,Reexposed
PIP13_CAATTCTCTCAGTCCTAAAGGAAGATAT,PIP13,Reexposed
PIP13_CAATTCTCTCTGTGTATTGGTCTGATTT,PIP13,Reexposed
PIP13_CACTAACCAGTGGATGTATCGAAGATAT,PIP13,Reexposed
PIP13_CAGGTTGCATCTGAGTTAGTGGAGGTTT,PIP13,Reexposed
PIP13_CAGGTTGCCTAAAGTTAACGGGGTCATT,PIP13,Reexposed
PIP13_CCACCTCTGGTCTACCTAATCACAACCT,PIP13,Reexposed
PIP13_CCATCCACCGCAAACTGAAGTTGCATTC,PIP13,Reexposed
PIP13_CCTACGCTAAACCGCCAAATCGTGTACA,PIP13,Reexposed
PIP13_CCTACGCTTAGCGACACAAGGGCAAGGT,PIP13,Reexposed
PIP13_CCTATTTAAGACGTGCTAAGAAAGAGGC,PIP13,Reexposed
PIP13_CCTATTTATTTCTCGTAATCGATGGTTA,PIP13,Reexposed
PIP13_CCTCATGAAAAGACTAACCCAATGTATG,PIP13,Reexposed
PIP13_CCTTTACACGCAAATGTAACGACACAAA,PIP13,Reexposed
PIP13_CCTTTACAGCTGTACTTGACTCATACCA,PIP13,Reexposed
PIP13_CCTTTACAGGTTTCACTTCCGACACAAA,PIP13,Reexposed
PIP13_CCTTTGTCGAACAGAGACGTCCTTTGTC,PIP13,Reexposed
PIP13_CCTTTGTCGCTCTTAGAAGGGAAGATAT,PIP13,Reexposed
PIP13_CCTTTGTCGGTTTCTCTACCGATGGTTA,PIP13,Reexposed
PIP13_CTAACGCCAGTTACATGCACGATGTGGC,PIP13,Reexposed
PIP13_CTAGACTAAGTGGAATCTGAACTAGAGC,PIP13,Reexposed
PIP13_CTCCTCCAACAACCTGAACCTGGTGTCT,PIP13,Reexposed
PIP13_CTCCTCCAATCTGAAGTTACACTAATTG,PIP13,Reexposed
PIP13_CTCCTCCACTTGACTTCCAGATATGGGT,PIP13,Reexposed
PIP13_CTCCTCCACTTGTTAAACTCCTGTTAAA,PIP13,Reexposed
PIP13_CTCCTCCAGAACAGGAAAGGGCTATGGG,PIP13,Reexposed
PIP13_CTCCTCCAGTGATCAGAAGGATAACAGG,PIP13,Reexposed
PIP13_CTGTGACCATCTGAGAAATCACCACAGA,PIP13,Reexposed
PIP13_CTGTGACCATGTTGGCGTTTTCCAGAAG,PIP13,Reexposed
PIP13_CTGTGACCTTGGCACTAAAGAACAAATG,PIP13,Reexposed
PIP13_CTGTTAAAGATTTCTTGGTATTCTAGGA,PIP13,Reexposed
PIP13_CTGTTAAAGGTTTCGATACCTTTGCCAG,PIP13,Reexposed
PIP13_CTGTTGTGCATCTAGTTCACTAATGTGG,PIP13,Reexposed
PIP13_CTGTTGTGGTTTGGTGAGAACTCAAACA,PIP13,Reexposed
PIP13_CTGTTGTGGTTTGGTGAGAAGGAGGTTT,PIP13,Reexposed
PIP13_CTGTTGTGTAACCCGTTAGTCACAAGTA,PIP13,Reexposed
PIP13_CTGTTTCCACAACCTTAACGCTCACATC,PIP13,Reexposed
PIP13_CTGTTTCCGAAATCTGAACCACCACAGA,PIP13,Reexposed
PIP13_CTGTTTCCGTTAGTGAAGAAGACACAAA,PIP13,Reexposed
PIP13_CTGTTTCCGTTCACCTTGACAATATGAC,PIP13,Reexposed
PIP13_CTGTTTCCTGCTTTGAAAGGACAGGCCA,PIP13,Reexposed
PIP13_CTGTTTCCTGGGTTCTGAAGGATGCAGA,PIP13,Reexposed
PIP13_CTTAGTGTGTTTGGAAGAGAAATAAGGA,PIP13,Reexposed
PIP13_CTTCTACGCTGAAGAAGAGAGATGGTTA,PIP13,Reexposed
PIP13_CTTCTACGGAGATATTGGTAGATGTGGC,PIP13,Reexposed
PIP13_CTTCTACGGCTGTAGAACAGAAATAGCA,PIP13,Reexposed
PIP13_CTTTATCCAGTTACGAAAGGCCTTTGTC,PIP13,Reexposed
PIP13_CTTTGGACCCGTATACCATATTGCATTC,PIP13,Reexposed
PIP13_CTTTGGACGATATGCTGAAGGTGGTGCT,PIP13,Reexposed
PIP13_CTTTGGACTATTGGCTTCCATGGGAATT,PIP13,Reexposed
PIP13_GAAATACGATCTGATCAAAGTTAGCAAT,PIP13,Reexposed
PIP13_GAAATACGCAATACCTTTAGACAAAGAT,PIP13,Reexposed
PIP13_GAAATACGGTGATCGGTTTCATAACAGG,PIP13,Reexposed
PIP13_GAAATACGTAACCCGCGTTTCCTTTGTC,PIP13,Reexposed
PIP13_GACACCTGAAGGTGGTACAAATAGATGT,PIP13,Reexposed
PIP13_GACACCTGAATACCTCTACCATATGCAA,PIP13,Reexposed
PIP13_GACACCTGAGAAGGCAATACACTAGAGC,PIP13,Reexposed
PIP13_GACACCTGCTTCGAGGTTTCACCACAGA,PIP13,Reexposed
PIP13_GACACCTGGTGATCTCAGTCAAGGATGA,PIP13,Reexposed
PIP13_GACACCTGTGAACCAGGTAAGACACAAA,PIP13,Reexposed
PIP13_GACACCTGTTTCTCATGCACCTCAAACA,PIP13,Reexposed
PIP13_GAGAAACCACAGCAAGAAACGACACAAA,PIP13,Reexposed
PIP13_GAGAAACCGATTTCGTTGCTCTGTTAAA,PIP13,Reexposed
PIP13_GAGAAACCTGAGAAAAGGTGGGTTACAC,PIP13,Reexposed
PIP13_GAGGAGTGAGAAACGATACCCCAGACAG,PIP13,Reexposed
PIP13_GAGGAGTGGTAATCAAGCACATATGGGT,PIP13,Reexposed
PIP13_GAGGAGTGTGAAAGCAAACAGCTATGGG,PIP13,Reexposed
PIP13_GAGGAGTGTTAACGCCTAATATATGCAA,PIP13,Reexposed
PIP13_GAGGGTCAAATACCAGGTAAACAGATAA,PIP13,Reexposed
PIP13_GAGGGTCAGTGATCACTTCCCGTGTACA,PIP13,Reexposed
PIP13_GAGTGTACGTTTGGGTTAGTGATGCAGA,PIP13,Reexposed
PIP13_GATGTGGCCAGTTGCTGAAGTGGTGTCT,PIP13,Reexposed
PIP13_GATGTGGCGAGATATTGGCAATCAGGGA,PIP13,Reexposed
PIP13_GATGTGGCGATTTCACAACCGTCTGGAA,PIP13,Reexposed
PIP13_GATTACTTGTAATCACCATATGGTGTCT,PIP13,Reexposed
PIP13_GATTGGGAGTGATCGGTTTCGATGGTTA,PIP13,Reexposed
PIP13_GATTGGGAGTTGCTTTCCAGTCATACCA,PIP13,Reexposed
PIP13_GATTGGGATGGGTTAAACCGCAAGGTAC,PIP13,Reexposed
PIP13_GCCTGGTAAGTGGAGATACCCACAACCT,PIP13,Reexposed
PIP13_GCCTGGTATGCTAGTAGCGATGGTGTCT,PIP13,Reexposed
PIP13_GCTTCTCCCTAAAGTCAGTCGCTATGGG,PIP13,Reexposed
PIP13_GCTTCTCCCTTTAGAGGTAAATATGCAA,PIP13,Reexposed
PIP13_GCTTCTCCGTACAAAATAGCAAACTACA,PIP13,Reexposed
PIP13_GTAAACAAAATACCTATGCCGGGAGATG,PIP13,Reexposed
PIP13_GTAAACAACTTGTTTGCTTTTCCAGAAG,PIP13,Reexposed
PIP13_GTAAACAAGCGTTTGTTAGTGATGGTTA,PIP13,Reexposed
PIP13_GTAAACAAGCTCTTGTAATCGCTATGGG,PIP13,Reexposed
PIP13_GTCCACTAAAACCGAGACGTTAATGTGG,PIP13,Reexposed
PIP13_GTCCACTAAATAGCTGCTAGAGTAATGG,PIP13,Reexposed
PIP13_GTCCACTAATCAACAGAAACATATGGGT,PIP13,Reexposed
PIP13_GTCCACTACGCAAATCAGTCAACAGAAC,PIP13,Reexposed
PIP13_GTCCTTGCCCAAATAGGTAAGTTCTGCT,PIP13,Reexposed
PIP13_GTCCTTGCCCGTATCTAAAGTGGTGTCT,PIP13,Reexposed
PIP13_GTCCTTGCTTCGAATACTCAGATGGTTA,PIP13,Reexposed
PIP13_GTCTAATCAGGAAATCAAAGTACTGAAT,PIP13,Reexposed
PIP13_GTCTAATCGAAATCTAACCCGGTTAGGG,PIP13,Reexposed
PIP13_GTCTAATCTGGGTTGTTCACCGTGTACA,PIP13,Reexposed
PIP13_GTCTTCCTAAGAGAATCAACGATGGTTA,PIP13,Reexposed
PIP13_GTCTTCCTAGAAGGTGCTAGGGAGGTTT,PIP13,Reexposed
PIP13_GTCTTCCTTAGTCTAAACTCGGAGTAAG,PIP13,Reexposed
PIP13_GTGAGGCACTGGTAGTGATCGGCAAGGT,PIP13,Reexposed
PIP13_GTGAGGCAGACAATTCAAAGTGGCTAGT,PIP13,Reexposed
PIP13_GTGAGGCAGGTTTCCTAAAGTCAAATGG,PIP13,Reexposed
PIP13_GTGAGGCATACAGAACAACCGATGCAGA,PIP13,Reexposed
PIP13_GTGGTGCTAAAGACCAGTTGATCCTAGT,PIP13,Reexposed
PIP13_GTGGTGCTGAAATCTCTGTGCCTTTACA,PIP13,Reexposed
PIP13_GTGGTGCTGGTCTATAAGGCGACACAAA,PIP13,Reexposed
PIP13_GTGTCACCAAACCGAAAGGCCCATATGA,PIP13,Reexposed
PIP13_GTGTCACCAGTGGAGTTAGTATAGATGT,PIP13,Reexposed
PIP13_GTGTCACCGGTTTCCAAACAGAAAGACA,PIP13,Reexposed
PIP13_GTGTCACCTGAAAGCTTCGATGCACCAG,PIP13,Reexposed
PIP13_GTTCTGCTAAAGGCCAATACGAGTGTAC,PIP13,Reexposed
PIP13_GTTCTGCTACTTCCGTAGAGGGGATTAC,PIP13,Reexposed
PIP13_GTTCTGCTCACATTAGGTAACTCAAACA,PIP13,Reexposed
PIP13_GTTCTGCTGTAATCAATAGCTCAAATGG,PIP13,Reexposed
PIP13_GTTCTGCTTCTACCGATACCGTCTAATC,PIP13,Reexposed
PIP13_GTTGTCCGGAAATCTTAACGCTCAAACA,PIP13,Reexposed
PIP13_GTTGTCCGTAACCCGATATGGCCAACAT,PIP13,Reexposed
PIP13_TAACTTCTCAATACTACAGAACTAATTG,PIP13,Reexposed
PIP13_TAACTTCTCTGGTACTTGTTGATGGTTA,PIP13,Reexposed
PIP13_TAACTTCTTTGGCACACATTTGGGAATT,PIP13,Reexposed
PIP13_TACTGAATCACGAAACAAAGACCTGAAG,PIP13,Reexposed
PIP13_TACTGAATGATTTCATGTTGCAAGGGTT,PIP13,Reexposed
PIP13_TACTGAATTAAGCCAAGCACTTAGCAAT,PIP13,Reexposed
PIP13_TACTGAATTAAGCCTGCTAGATATGGGT,PIP13,Reexposed
PIP13_TAGCCACAACGGTTTGCTTTTACCTAAG,PIP13,Reexposed
PIP13_TAGCCACAACTTCCACTTCCCACAAGTA,PIP13,Reexposed
PIP13_TAGCCACAGTTGCTTTAACGGACACAAA,PIP13,Reexposed
PIP13_TAGCCACATCTACCAAAGTGACATGGAC,PIP13,Reexposed
PIP13_TAGTCTCTAATAGCGCGTTTGGGAGATG,PIP13,Reexposed
PIP13_TAGTCTCTGTAATCAGACGTGCTATGGG,PIP13,Reexposed
PIP13_TAGTCTCTTAGTCTCTTGACAACAAATG,PIP13,Reexposed
PIP13_TATCCACGTTGGCAGATATGAATAAGGA,PIP13,Reexposed
PIP13_TATCTGTCAAACACCAAACACCAGACAG,PIP13,Reexposed
PIP13_TATCTGTCATGTTGATCTTCGGCTATAA,PIP13,Reexposed
PIP13_TATCTGTCCTTCGAACCATACTCACATC,PIP13,Reexposed
PIP13_TATGTGAAAAGCACTACTCACCTTTGTC,PIP13,Reexposed
PIP13_TATGTGAACTTCGAAAAGGCTATGTGAA,PIP13,Reexposed
PIP13_TATGTGAAGAACAGCTGAAGAATGTATG,PIP13,Reexposed
PIP13_TATGTGAATTAACGTACTCACCAGACAG,PIP13,Reexposed
PIP13_TCCGACACAAAGGCATGTTGATAACAGG,PIP13,Reexposed
PIP13_TCCGACACCACATTACATGTAGTTTGTA,PIP13,Reexposed
PIP13_TCCGACACTTGGCATAGAACCTGTTAAA,PIP13,Reexposed
PIP13_TCCTATATTAGTCTACCATACACAAGTA,PIP13,Reexposed
PIP13_TCTAAACTAAAGGCAGGAAAGGGTCATT,PIP13,Reexposed
PIP13_TCTAAACTACAACCATGCACATATGGGT,PIP13,Reexposed
PIP13_TCTAAACTCTTCGATTGGCATACCTAAG,PIP13,Reexposed
PIP13_TCTAAACTGCTCTTAGACGTAACAGAAC,PIP13,Reexposed
PIP13_TCTAAACTTCTACCTTCCAGGTTCTGCT,PIP13,Reexposed
PIP13_TCTATTCCACCTTTGAAACCGCCTGGTA,PIP13,Reexposed
PIP13_TCTATTCCAGTGGAGATACCGGAGTAAG,PIP13,Reexposed
PIP13_TCTATTCCGCTAAGGAAAGGAATGTATG,PIP13,Reexposed
PIP13_TCTATTCCTGCTAGCAATACAAACTACA,PIP13,Reexposed
PIP13_TCTTTGACCACATTAGTTACGGTTACAC,PIP13,Reexposed
PIP13_TCTTTGACTGAGAAACAACCGATGCAGA,PIP13,Reexposed
PIP13_TGCTTCATAAAGGCTTGGTACACAAGTA,PIP13,Reexposed
PIP13_TGCTTCATCCGTATTAACCCAAATAGCA,PIP13,Reexposed
PIP13_TGCTTCATGTTGCTAGTTACGGTTACAC,PIP13,Reexposed
PIP13_TGCTTCATTTCGAAACTTCCAAATAGCA,PIP13,Reexposed
PIP13_TTGCTCTAGCTAAGAGGAAACAAGGAAT,PIP13,Reexposed
PIP13_TTGGGTCCAACTGACTGGTAGGTTACAC,PIP13,Reexposed
PIP13_TTGGGTCCAGTGGAAGACGTGAAAGACA,PIP13,Reexposed
PIP13_TTGGGTCCGACAATTCAGTCCCTTTGTC,PIP13,Reexposed
PIP14_AAACAAACAAGGTGAGACGTGATGTGGC,PIP14,Reexposed
PIP14_AAACAAACACATGTACTTCCTTAGCAAT,PIP14,Reexposed
PIP14_AAACAAACCCAAATACCTTTCCATATGA,PIP14,Reexposed
PIP14_AAACAAACGAAAGGAGACGTGTCTAATC,PIP14,Reexposed
PIP14_AAACAAACGAGATACCTAATGGTTAGGG,PIP14,Reexposed
PIP14_AAACAAACGCTGTAGAAAGGAACAAATG,PIP14,Reexposed
PIP14_AAACAAACTTAACGGATATGGAGTGTAC,PIP14,Reexposed
PIP14_AAACCGCCAAAGTGTGCTTTAAGGATGA,PIP14,Reexposed
PIP14_AAACCGCCGAACAGATCAACTTTGCCAG,PIP14,Reexposed
PIP14_AAACCGCCGCTAAGTACTCACGTGTACA,PIP14,Reexposed
PIP14_AAACCGCCGTACAATAAGCCAATATGAC,PIP14,Reexposed
PIP14_AAACCGCCTGAACCCTGAAGATGCATAT,PIP14,Reexposed
PIP14_AAACTACAAGTTACAGTGGACTCACATC,PIP14,Reexposed
PIP14_AAACTACAGACAATAAAGACGCCAACAT,PIP14,Reexposed
PIP14_AAACTACAGTAATCATGTTGAAAGAGGC,PIP14,Reexposed
PIP14_AAACTACAGTTGCTTGAACCGACACAAA,PIP14,Reexposed
PIP14_AAACTACAGTTTGGGATATGACTAGAGC,PIP14,Reexposed
PIP14_AAACTACATCAGTCTACAGAGGGATTAC,PIP14,Reexposed
PIP14_AAACTACATCGATTTTCCAGCTCAAACA,PIP14,Reexposed
PIP14_AAACTACATGGGTTTCTACCTTAGCAAT,PIP14,Reexposed
PIP14_AAAGAGGCAGTGGAGCTAAGACAGATAA,PIP14,Reexposed
PIP14_AAATTCCGAGAAGGTGAACCATATGGGT,PIP14,Reexposed
PIP14_AAATTCCGCCGTATAGGAAAACAAGTAG,PIP14,Reexposed
PIP14_AAATTCCGCGCAAAAATACCCCATATGA,PIP14,Reexposed
PIP14_AAATTCCGCTTGACAAGAGAGTCAAGAG,PIP14,Reexposed
PIP14_AAATTCCGGAAGAACAATACTCCAGAAG,PIP14,Reexposed
PIP14_AAATTCCGTTAACGTGAACCACTAATTG,PIP14,Reexposed
PIP14_AACTGCCTACAAAGTAGCGAAGTTTGTA,PIP14,Reexposed
PIP14_AACTGCCTCACAAGATGCACCAAGGGTT,PIP14,Reexposed
PIP14_AACTGCCTCCAAATTGGGTTACAAAGAT,PIP14,Reexposed
PIP14_AACTGCCTGTTTGGAAAGACCTCAAACA,PIP14,Reexposed
PIP14_AACTGCCTTAGCGAGTAATCCCAGACAG,PIP14,Reexposed
PIP14_AACTGCCTTTTCTCGAAAGGACAAGTAG,PIP14,Reexposed
PIP14_AAGAGTATAGACGTTGTATCGTTCTGCT,PIP14,Reexposed
PIP14_AAGAGTATTTAACGTGAAAGGCCTGGTA,PIP14,Reexposed
PIP14_AAGCCTTCACAGCACAATACAAATAGCA,PIP14,Reexposed
PIP14_AAGCCTTCACCTTTCTGAAGCTCACATC,PIP14,Reexposed
PIP14_AAGCCTTCGAACAGACAAAGGCCAACAT,PIP14,Reexposed
PIP14_AAGCCTTCGAACAGTTCCAGACCTGAAG,PIP14,Reexposed
PIP14_AAGCCTTCGAGATATGTATCTGGTGTCT,PIP14,Reexposed
PIP14_AAGCCTTCGATGAACTTCGAGTCAGGTT,PIP14,Reexposed
PIP14_AAGCCTTCGTTCACGAAACCTGGTGTCT,PIP14,Reexposed
PIP14_AAGCTCCTCACAAGGTTAGTTAATGTGG,PIP14,Reexposed
PIP14_AAGCTCCTCCAAATAGGTAACTGGGTAT,PIP14,Reexposed
PIP14_AAGCTCCTGAAAGGTCAAAGGGGATTAC,PIP14,Reexposed
PIP14_AAGCTCCTTAACCCAGACGTGGTTAGGG,PIP14,Reexposed
PIP14_AAGCTCCTTCTACCAAAGTGTCAAATGG,PIP14,Reexposed
PIP14_AAGGGACCATCAACGAAACCTGGCTAGT,PIP14,Reexposed
PIP14_AAGGGACCGTAGAGATGTTGCACAAGTA,PIP14,Reexposed
PIP14_AAGGGACCGTAGAGCTTGACGGCAAGGT,PIP14,Reexposed
PIP14_AAGTCCAAAAGAGAGATATGACACCAAG,PIP14,Reexposed
PIP14_AAGTCCAAACGGTTAATACCTTAGCAAT,PIP14,Reexposed
PIP14_AAGTCCAAAGTGGAAAAGACTTAGCAAT,PIP14,Reexposed
PIP14_AAGTCCAAATCAACTGTAACGTCTGGAA,PIP14,Reexposed
PIP14_AAGTCCAACAGTTGAACTGACACAAGTA,PIP14,Reexposed
PIP14_AAGTCCAACGCAAAGATATGACATGGAC,PIP14,Reexposed
PIP14_AAGTCCAAGATGAAAGACGTTAATGTGG,PIP14,Reexposed
PIP14_AAGTCCAAGATGAAGGTTTCGTCAGGTT,PIP14,Reexposed
PIP14_AAGTCCAAGCTGTAACAGCAAAAGAGGC,PIP14,Reexposed
PIP14_AAGTCCAAGTAATCTACAGATGGGAATT,PIP14,Reexposed
PIP14_AAGTCCAATATTGGAAGAGAGATGGTTA,PIP14,Reexposed
PIP14_AAGTCCAATCTGTGTATTGGTGAATAGG,PIP14,Reexposed
PIP14_AAGTTGTCAGACGTCTATGGGAAAGACA,PIP14,Reexposed
PIP14_AAGTTGTCCCAAATTATGCCGACACAAA,PIP14,Reexposed
PIP14_AAGTTGTCTACAGATACAGACTGGGTAT,PIP14,Reexposed
PIP14_AAGTTGTCTCAAAGCTTCGACAGTTTAA,PIP14,Reexposed
PIP14_AATACATCAAGGTGTGAACCTGGAAAGC,PIP14,Reexposed
PIP14_AATACATCACAACCGAAAGGAACAGAAC,PIP14,Reexposed
PIP14_AATACATCACGGTTAGAAACAAACTACA,PIP14,Reexposed
PIP14_AATACATCCCTAATGTTTGGGTCTGGAA,PIP14,Reexposed
PIP14_AATACATCCTAAAGCTGAAGGTCTGGAA,PIP14,Reexposed
PIP14_AATACATCCTATGGTAAGCCAAATAGCA,PIP14,Reexposed
PIP14_AATACATCTAAGCCGTTAGTCTGGGTAT,PIP14,Reexposed
PIP14_AATACATCTTTCTCAGGTAACAAGGGTT,PIP14,Reexposed
PIP14_AATATGACAAGCACCTTTAGAAAGAGGC,PIP14,Reexposed
PIP14_AATATGACGAAATCTGAACCGTCTGGAA,PIP14,Reexposed
PIP14_AATATGACGATGAAAATAGCATAACAGG,PIP14,Reexposed
PIP14_AATATGACGGTCTAGTTGCTCTCACATC,PIP14,Reexposed
PIP14_AATATGACGGTTTCTGAACCTGGCTAGT,PIP14,Reexposed
PIP14_AATATGACTCAGTCTCAAAGAATGTATG,PIP14,Reexposed
PIP14_AATATGACTGAACCATGCACGTCAAGAG,PIP14,Reexposed
PIP14_AATATGACTTTCTCAGTTACAGTTTGTA,PIP14,Reexposed
PIP14_ACCAGTTTAGTGGAAGGTAATGCACCAG,PIP14,Reexposed
PIP14_ACCAGTTTGAGATAGTAGAGCCTTTACA,PIP14,Reexposed
PIP14_ACCAGTTTTACAGATAAGCCCGTGTACA,PIP14,Reexposed
PIP14_ACCAGTTTTAGTCTTGAACCATAGATGT,PIP14,Reexposed
PIP14_ACCAGTTTTGCTAGACAACCTGCACCAG,PIP14,Reexposed
PIP14_ACTCATACCAGTTGACATGTGAAGATAT,PIP14,Reexposed
PIP14_ACTCATACCTAAAGAGACGTGAAAGACA,PIP14,Reexposed
PIP14_ACTCATACGTTAGTACAAAGCACAACCT,PIP14,Reexposed
PIP14_ACTCATACTTGGTACTTGTTTACTGAAT,PIP14,Reexposed
PIP14_AGAAACCAGATATGGAAATCCGTGTGTT,PIP14,Reexposed
PIP14_AGAAACCAGTTAGTCCAAATCAAGGTAC,PIP14,Reexposed
PIP14_AGAAACCATAACCCTAAGCCAAGGATGA,PIP14,Reexposed
PIP14_AGAAACCATATGCCGAAATCGGTTAGGG,PIP14,Reexposed
PIP14_AGAAACCATGGGTTAGACGTCCAGACAG,PIP14,Reexposed
PIP14_AGACCTCAAAACCGTGTATCCTCAAACA,PIP14,Reexposed
PIP14_AGACCTCAACATGTAGACGTGGAGGTTT,PIP14,Reexposed
PIP14_AGACCTCATAGCGAAATAGCACTAGAGC,PIP14,Reexposed
PIP14_AGACCTCATTTCTCAGGTAATCAAATGG,PIP14,Reexposed
PIP14_AGACGAGGCACAAGTCCATACAAGGAAT,PIP14,Reexposed
PIP14_AGACGAGGCCGTATGTACAACCATATGA,PIP14,Reexposed
PIP14_AGACGAGGGATGAAAAAGTGCAAGGGTT,PIP14,Reexposed
PIP14_AGACGAGGGTGATCGTTTGGATATGGGT,PIP14,Reexposed
PIP14_AGACGAGGGTTTGGACAAAGGGTTACAC,PIP14,Reexposed
PIP14_AGACGAGGTAAGGCAACTGAGATGGTTA,PIP14,Reexposed
PIP14_AGAGGTGCAATAGCAAACACTTAGCAAT,PIP14,Reexposed
PIP14_AGAGGTGCCACAAGAGAAACACAGATAA,PIP14,Reexposed
PIP14_AGAGGTGCCCAAATATGCACTTGCATTC,PIP14,Reexposed
PIP14_AGAGGTGCGTGATCATGTTGAAACTACA,PIP14,Reexposed
PIP14_AGCTCCACAGAAACGATACCTGGAAAGC,PIP14,Reexposed
PIP14_AGCTCCACAGACGTCTAAAGAACTGCCT,PIP14,Reexposed
PIP14_AGCTCCACCACAAGATCAACCGTGTACA,PIP14,Reexposed
PIP14_AGCTCCACGAAGAAAATAGCTACTGAAT,PIP14,Reexposed
PIP14_AGCTCCACGTACAACAATACCGTGTGTT,PIP14,Reexposed
PIP14_AGCTCCACGTTAGTCAAACAGTCAAGAG,PIP14,Reexposed
PIP14_AGCTCCACGTTAGTTACAGACTCAAACA,PIP14,Reexposed
PIP14_AGCTCCACTAGTCTCTATGGGGGAGATG,PIP14,Reexposed
PIP14_AGCTCCACTGCTTTCACAAGATAACAGG,PIP14,Reexposed
PIP14_AGGACACAAACTGAAAAGTGGTCTAATC,PIP14,Reexposed
PIP14_AGGACACACCGTATCTGAAGACAGGCCA,PIP14,Reexposed
PIP14_AGGACACAGCTCTTCTTGACGTCAAGAG,PIP14,Reexposed
PIP14_AGGACACAGTAGAGCTGAAGCCTATTTA,PIP14,Reexposed
PIP14_AGGACACATATTGGGTAATCCGTGTGTT,PIP14,Reexposed
PIP14_AGGACACATGAACCAAAGTGTGGTGTCT,PIP14,Reexposed
PIP14_AGTAGTTAAAAGACTAAGCCTCCAGAAG,PIP14,Reexposed
PIP14_AGTAGTTAAACTGATATTGGATAACAGG,PIP14,Reexposed
PIP14_AGTAGTTAAAGGTGACAACCTGGCTAGT,PIP14,Reexposed
PIP14_AGTAGTTAACAGCAAATAGCGGGAGATG,PIP14,Reexposed
PIP14_AGTAGTTACACATTATCTTCGTCTGGAA,PIP14,Reexposed
PIP14_AGTAGTTACTATGGTTGGCAAAATAGCA,PIP14,Reexposed
PIP14_AGTAGTTACTTGTTTACAGAAGTTTGTA,PIP14,Reexposed
PIP14_AGTAGTTATCAAAGAATACCTGGAAAGC,PIP14,Reexposed
PIP14_AGTAGTTATTGGCATGTAACATCCTAGT,PIP14,Reexposed
PIP14_AGTCACAATTTCTCTGGGTTACAAAGAT,PIP14,Reexposed
PIP14_AGTGCTTCAACTGAAAAGTGTCCTATAT,PIP14,Reexposed
PIP14_AGTGCTTCAATACCAAACTCAAATAGCA,PIP14,Reexposed
PIP14_AGTGCTTCGAAAGGGAAACCTGGAAAGC,PIP14,Reexposed
PIP14_AGTGCTTCGCTAAGGTTTGGGATGTGGC,PIP14,Reexposed
PIP14_AGTGCTTCGTAATCAAAGACGAAAGACA,PIP14,Reexposed
PIP14_AGTGCTTCGTAATCACCATATTCTAGGA,PIP14,Reexposed
PIP14_AGTGCTTCTAACCCAAACACGATGGTTA,PIP14,Reexposed
PIP14_AGTGCTTCTACAGATGCTAGCGTGGGAT,PIP14,Reexposed
PIP14_AGTTGAACACTTCCTACAGAGATGCAGA,PIP14,Reexposed
PIP14_AGTTGAACATCTGATGCTTTGGAGTAAG,PIP14,Reexposed
PIP14_AGTTGAACCAATACAAGAGAGGCTATAA,PIP14,Reexposed
PIP14_AGTTGAACCACATTAAAGACACTAATTG,PIP14,Reexposed
PIP14_AGTTGAACGCTCTTAGTGGAAAACTACA,PIP14,Reexposed
PIP14_AGTTGAACGTTCACGAAGAACCATATGA,PIP14,Reexposed
PIP14_AGTTGAACGTTCACTACTCAACAGATAA,PIP14,Reexposed
PIP14_AGTTGAACTCTACCCAAACACCTTTACA,PIP14,Reexposed
PIP14_AGTTGAACTGAAAGTGCTTTCTGGGTAT,PIP14,Reexposed
PIP14_AGTTGAACTGAAAGTTGGTATACCTAAG,PIP14,Reexposed
PIP14_AGTTGAACTTGGTAGATATGCTGGGTAT,PIP14,Reexposed
PIP14_AGTTTGTAAAGCACTCTACCTATGTGAA,PIP14,Reexposed
PIP14_AGTTTGTAATGCACTGCTAGACCTGAAG,PIP14,Reexposed
PIP14_AGTTTGTAGATATGATGCACTGAATAGG,PIP14,Reexposed
PIP14_AGTTTGTAGCTGTATACAGAACAAAGAT,PIP14,Reexposed
PIP14_AGTTTGTATACAGAAGACGTACCTGAAG,PIP14,Reexposed
PIP14_AGTTTGTATAGTCTAAACTCGCCTGGTA,PIP14,Reexposed
PIP14_AGTTTGTATCAGTCAGTTACGGGAGATG,PIP14,Reexposed
PIP14_AGTTTGTATGGGTTCTATGGGCCTGGTA,PIP14,Reexposed
PIP14_ATAAGCTACCGTATGTTCACGACACAAA,PIP14,Reexposed
PIP14_ATAAGCTATTCGAAAACTGAATCCTAGT,PIP14,Reexposed
PIP14_ATACTCTCAAGGTGTTAACGCTGGGTAT,PIP14,Reexposed
PIP14_ATACTCTCACAGCATACAGACCTTTGTC,PIP14,Reexposed
PIP14_ATACTCTCAGTGGACTGAAGTGGAAAGC,PIP14,Reexposed
PIP14_ATACTCTCATGTTGAAACTCCTGGGTAT,PIP14,Reexposed
PIP14_ATACTCTCTAGTCTACAAAGCTGTTAAA,PIP14,Reexposed
PIP14_ATACTCTCTCGATTCACAAGGAGTGTAC,PIP14,Reexposed
PIP14_ATACTCTCTTTCTCGCGTTTGGTTAGGG,PIP14,Reexposed
PIP14_ATTACCTTCAGTTGACAACCCAAGGGTT,PIP14,Reexposed
PIP14_ATTACCTTCTAAAGCACGAAATAGATGT,PIP14,Reexposed
PIP14_ATTACCTTCTATGGTAACCCAATGTATG,PIP14,Reexposed
PIP14_ATTACCTTGCTGTAAGTTACCGTGTGTT,PIP14,Reexposed
PIP14_ATTACCTTTACAGATGCTTTGACACAAA,PIP14,Reexposed
PIP14_ATTTCCATAACTGATGTATCACCTGAAG,PIP14,Reexposed
PIP14_ATTTCCATAAGGTGTACAGATTTGCCAG,PIP14,Reexposed
PIP14_ATTTCCATACCTTTCACGAAACAAAGAT,PIP14,Reexposed
PIP14_ATTTCCATATCTGACCTAATGGGATTAC,PIP14,Reexposed
PIP14_ATTTCCATCTAAAGAACTGAATATGCAA,PIP14,Reexposed
PIP14_ATTTCCATGGTTTCTAACCCGATGGTTA,PIP14,Reexposed
PIP14_ATTTCCATTAACCCAAGCACTGGCTAGT,PIP14,Reexposed
PIP14_ATTTCCATTAGCGAGAAATCAAAGAGGC,PIP14,Reexposed
PIP14_ATTTCCATTTGGCAGTTTGGGTCAGGTT,PIP14,Reexposed
PIP14_CAAACATTAAAGTGCAATACAAGGATGA,PIP14,Reexposed
PIP14_CAAACATTTTAACGAAGAGAGGCAAGGT,PIP14,Reexposed
PIP14_CAAACATTTTAACGTCTACCGGTTAGGG,PIP14,Reexposed
PIP14_CAAGGGTTACAACCGAACAGGCCAACAT,PIP14,Reexposed
PIP14_CAAGGGTTGATTTCAAGGTGAAAGAGGC,PIP14,Reexposed
PIP14_CAAGGGTTTGAAAGACAACCTATGTGAA,PIP14,Reexposed
PIP14_CAAGGGTTTGAACCAAAGTGCCTTTGTC,PIP14,Reexposed
PIP14_CAATTCTCAGTGGAACCATATGCACCAG,PIP14,Reexposed
PIP14_CAATTCTCATCTGAGTTCACGAAAGACA,PIP14,Reexposed
PIP14_CAATTCTCGTGATCACAACCAGTAATGG,PIP14,Reexposed
PIP14_CAATTCTCGTTAGTTGCTAGAAAGAGGC,PIP14,Reexposed
PIP14_CACTAACCATGTTGCTTGACGATGGTTA,PIP14,Reexposed
PIP14_CAGGTTGCAACTGACTAAAGGGAGGTTT,PIP14,Reexposed
PIP14_CAGGTTGCAACTGATTGGTAGCCTGGTA,PIP14,Reexposed
PIP14_CCACCTCTAAGAGACTGGTAGAGTGTAC,PIP14,Reexposed
PIP14_CCACCTCTCTTTAGCAATACATCAGGGA,PIP14,Reexposed
PIP14_CCACCTCTGAAGAAAAAGTGCTCAAACA,PIP14,Reexposed
PIP14_CCACCTCTTGAACCTAAGCCAGTAATGG,PIP14,Reexposed
PIP14_CCATCCACGAAAGGTTGGCAACAAAGAT,PIP14,Reexposed
PIP14_CCATCCACGCTGTAAGTGGAACATGGAC,PIP14,Reexposed
PIP14_CCATCCACGGTCTATGCTAGGGAGTAAG,PIP14,Reexposed
PIP14_CCATCCACGTTCACGAAATCGTTCTGCT,PIP14,Reexposed
PIP14_CCTACGCTTACAGATTGGCACTGGGTAT,PIP14,Reexposed
PIP14_CCTACGCTTATGCCTGGGTTGGGAGATG,PIP14,Reexposed
PIP14_CCTACGCTTGTATCGCTAAGACTAATTG,PIP14,Reexposed
PIP14_CCTATTTAACAAAGTAAGGCAAACTGTG,PIP14,Reexposed
PIP14_CCTATTTAAGAAACTGAACCGGGATTAC,PIP14,Reexposed
PIP14_CCTATTTACTTTAGGATACCCTCAAACA,PIP14,Reexposed
PIP14_CCTATTTAGCTCTTAGGTAAACAGATAA,PIP14,Reexposed
PIP14_CCTCATGAACAAAGATGCACGCTATGGG,PIP14,Reexposed
PIP14_CCTCATGAATCAACATCTTCAAACTGTG,PIP14,Reexposed
PIP14_CCTCATGACCGTATGATATGGTTCTGCT,PIP14,Reexposed
PIP14_CCTCATGAGATATGGCTAAGGTCAAGAG,PIP14,Reexposed
PIP14_CCTCATGAGTGATCACATGTAAATAGCA,PIP14,Reexposed
PIP14_CCTCATGAGTTAGTCAGTTGTTAGCAAT,PIP14,Reexposed
PIP14_CCTCATGATAGCGAAAAGTGACCAGTTT,PIP14,Reexposed
PIP14_CCTCATGATGGGTTTGAAAGGTGGTGCT,PIP14,Reexposed
PIP14_CCTTTACAAGACGTACTTCCGAAGATAT,PIP14,Reexposed
PIP14_CCTTTACACAGTTGTACTCAACCTGAAG,PIP14,Reexposed
PIP14_CCTTTGTCGCGTTTGTTCACCGTGGGAT,PIP14,Reexposed
PIP14_CCTTTGTCGTGATCTTAACGCCAGACAG,PIP14,Reexposed
PIP14_CCTTTGTCTGAAAGTGTATCAGTAATGG,PIP14,Reexposed
PIP14_CCTTTGTCTTCGAACACATTCGTGTACA,PIP14,Reexposed
PIP14_CTAACGCCAAACCGTGGGTTGGCTATAA,PIP14,Reexposed
PIP14_CTAACGCCCTTGACAAACTCGAAAGACA,PIP14,Reexposed
PIP14_CTAACGCCCTTGACAAACTCGGGATTAC,PIP14,Reexposed
PIP14_CTAACGCCGTTTGGGCTGTAAACAAATG,PIP14,Reexposed
PIP14_CTAACGCCTCGATTATGCACAAACTGTG,PIP14,Reexposed
PIP14_CTAGACTAAAAGGCCCTAATTTGCATTC,PIP14,Reexposed
PIP14_CTAGACTACCGTATCACATTACCTGAAG,PIP14,Reexposed
PIP14_CTAGACTACGCAAACAGTTGGATGGTTA,PIP14,Reexposed
PIP14_CTAGACTAGAAGAAGATACCCCTTTGTC,PIP14,Reexposed
PIP14_CTAGACTATTGGTAAAAGACGCCTGGTA,PIP14,Reexposed
PIP14_CTCCTCCAAAGGTGACAACCGGGATTAC,PIP14,Reexposed
PIP14_CTCCTCCACCAAATTACAGAAATAAGGA,PIP14,Reexposed
PIP14_CTCCTCCACTTGACCACATTATCCTAGT,PIP14,Reexposed
PIP14_CTCCTCCAGAAATCCAATACTACTGAAT,PIP14,Reexposed
PIP14_CTCCTCCATAAGGCTTCCAGGATGTGGC,PIP14,Reexposed
PIP14_CTCCTCCATTGGCACTAAAGACTAATTG,PIP14,Reexposed
PIP14_CTGGGTATAAAGGCCACATTTGGGAATT,PIP14,Reexposed
PIP14_CTGGGTATGTAATCAGAAACGACACAAA,PIP14,Reexposed
PIP14_CTGGGTATGTGATCATGTTGTGCACCAG,PIP14,Reexposed
PIP14_CTGTGACCAACTGAGAAGAACAAGGGTT,PIP14,Reexposed
PIP14_CTGTGACCACTTCCAAGCTCTTTGCCAG,PIP14,Reexposed
PIP14_CTGTGACCCTATGGACAGCACTGGGTAT,PIP14,Reexposed
PIP14_CTGTGACCCTGGTAGTACAAGGTTAGGG,PIP14,Reexposed
PIP14_CTGTGACCCTTGTTGAACAGACAGGCCA,PIP14,Reexposed
PIP14_CTGTTAAAAGGAAATGTATCGATGGTTA,PIP14,Reexposed
PIP14_CTGTTAAAGATATGTGAGAAGACACAAA,PIP14,Reexposed
PIP14_CTGTTAAATCTACCAACTGAGGAGGTTT,PIP14,Reexposed
PIP14_CTGTTAAATGTATCGCTGTAGTCTGGAA,PIP14,Reexposed
PIP14_CTGTTGTGAAACACATGTTGACACCAAG,PIP14,Reexposed
PIP14_CTGTTGTGAATACCTGCTTTTTCTAGGA,PIP14,Reexposed
PIP14_CTGTTGTGATGTTGTGAAAGGTGGTGCT,PIP14,Reexposed
PIP14_CTGTTGTGCGCAAACCTAATGCCTGGTA,PIP14,Reexposed
PIP14_CTGTTGTGGTTAGTAGTGGATTGCATTC,PIP14,Reexposed
PIP14_CTGTTGTGGTTCACGTTTGGATCAGGGA,PIP14,Reexposed
PIP14_CTGTTTCCAAAGTGAGTTACGATGCAGA,PIP14,Reexposed
PIP14_CTGTTTCCAGTGGAAGTGGACACAACCT,PIP14,Reexposed
PIP14_CTGTTTCCGAAAGGCTTGTTCCAGACAG,PIP14,Reexposed
PIP14_CTTAGTGTAGGTAACAGTTGGAAAGACA,PIP14,Reexposed
PIP14_CTTAGTGTCTGAAGACAGCAGCTAAGTT,PIP14,Reexposed
PIP14_CTTAGTGTGAACAGATCTTCCAAGGAAT,PIP14,Reexposed
PIP14_CTTAGTGTGTGATCTCTGTGGGTTACAC,PIP14,Reexposed
PIP14_CTTAGTGTGTTAGTGATACCTCTGATTT,PIP14,Reexposed
PIP14_CTTAGTGTTCAGTCCACGAACGTGGGAT,PIP14,Reexposed
PIP14_CTTAGTGTTGGGTTGTGATCCCAGACAG,PIP14,Reexposed
PIP14_CTTCTACGCCAAATGTTTGGTTTGCCAG,PIP14,Reexposed
PIP14_CTTCTACGGCACTAATCTTCGGGATTAC,PIP14,Reexposed
PIP14_CTTCTACGGCTGTATAGAACTTCTAGGA,PIP14,Reexposed
PIP14_CTTTATCCAAGGTGTCAGTCGTGGTGCT,PIP14,Reexposed
PIP14_CTTTATCCAGGAAATAGCGAGTGGTGCT,PIP14,Reexposed
PIP14_CTTTATCCAGTGGACACATTTTTGCCAG,PIP14,Reexposed
PIP14_CTTTATCCGTGATCCTGAAGCAAGGAAT,PIP14,Reexposed
PIP14_CTTTATCCGTTCACCCTAATATATGCAA,PIP14,Reexposed
PIP14_CTTTATCCGTTGCTTCAGTCTGGTGTCT,PIP14,Reexposed
PIP14_CTTTATCCTAACCCGACAATGATGGTTA,PIP14,Reexposed
PIP14_CTTTATCCTACAGAGTAGAGACTAATTG,PIP14,Reexposed
PIP14_CTTTCACTAAACACGAAGAAAATGTATG,PIP14,Reexposed
PIP14_CTTTCACTAGAAACTCTACCACATGGAC,PIP14,Reexposed
PIP14_CTTTCACTATGTTGTAAGCCCAGTTTAA,PIP14,Reexposed
PIP14_CTTTCACTCACATTAAACTCAACAAATG,PIP14,Reexposed
PIP14_CTTTCACTCACGAATAAGCCACCACAGA,PIP14,Reexposed
PIP14_CTTTCACTGCTAAGTATTGGAAGGATGA,PIP14,Reexposed
PIP14_CTTTCACTTAAGGCCTGGTAAGTTTGTA,PIP14,Reexposed
PIP14_CTTTGGACCAGTTGCAAACATTCTAGGA,PIP14,Reexposed
PIP14_CTTTGGACCCTAATGAAGAAGCCAACAT,PIP14,Reexposed
PIP14_CTTTGGACCTATGGAAAGACAAATAGCA,PIP14,Reexposed
PIP14_CTTTGGACGGTTTCGTGATCACAGGCCA,PIP14,Reexposed
PIP14_CTTTGGACTACAGAAGAAGGACAGATAA,PIP14,Reexposed
PIP14_CTTTGGACTAGTCTCTGGTAGTCAAGAG,PIP14,Reexposed
PIP14_CTTTGGACTCAGTCCACATTTGGGAATT,PIP14,Reexposed
PIP14_CTTTGGACTGAGAACTTCCAAAACTACA,PIP14,Reexposed
PIP14_GAAATACGCACGAACTTGACTGGAAAGC,PIP14,Reexposed
PIP14_GAAATACGTCTACCAGGAAACAAACATT,PIP14,Reexposed
PIP14_GAAATACGTGAGAAAGAAACCCAGACAG,PIP14,Reexposed
PIP14_GAAATACGTGCTAGGCACTAACAGATAA,PIP14,Reexposed
PIP14_GAAATACGTGCTTTTACAGAAAACTACA,PIP14,Reexposed
PIP14_GAAATACGTTAACGAAACTCACTAATTG,PIP14,Reexposed
PIP14_GACACCTGAACTGACTTGACTGAATAGG,PIP14,Reexposed
PIP14_GACACCTGATCTGAAGTGGACAGTTTAA,PIP14,Reexposed
PIP14_GACACCTGCTTGTTCCTAATCGTGGGAT,PIP14,Reexposed
PIP14_GACACCTGGAACAGAGAAGGACACCAAG,PIP14,Reexposed
PIP14_GACACCTGTATTGGGATATGGTCAAGAG,PIP14,Reexposed
PIP14_GACACCTGTCTGTGAAACCGACAGGCCA,PIP14,Reexposed
PIP14_GAGAAACCACAACCAAGGTGCTCAAACA,PIP14,Reexposed
PIP14_GAGAAACCACAACCTATGCCTCAAATGG,PIP14,Reexposed
PIP14_GAGAAACCACATGTAAGCACTGGTGTCT,PIP14,Reexposed
PIP14_GAGAAACCGAAATCGTTTGGGTGGTGCT,PIP14,Reexposed
PIP14_GAGAAACCGGTCTACTTGACCTCACATC,PIP14,Reexposed
PIP14_GAGGAGTGATCTGAAAGAGAGACACAAA,PIP14,Reexposed
PIP14_GAGGAGTGCCGTATTGTAACACCAGTTT,PIP14,Reexposed
PIP14_GAGGAGTGTTTCTCGAAAGGGGAGTAAG,PIP14,Reexposed
PIP14_GAGGGTCACAGTTGTCTACCTGGCTAGT,PIP14,Reexposed
PIP14_GAGGGTCACGCAAAGATACCCTGTTAAA,PIP14,Reexposed
PIP14_GAGGGTCAGGTTTCTGTATCATAACAGG,PIP14,Reexposed
PIP14_GAGGGTCAGTTCACATGCACCAAACATT,PIP14,Reexposed
PIP14_GAGGGTCATCTACCCACGAAGTCAAGAG,PIP14,Reexposed
PIP14_GAGGGTCATCTGTGAGGTAAAACAGAAC,PIP14,Reexposed
PIP14_GAGGGTCATGCTAGTGAACCAGTTTGTA,PIP14,Reexposed
PIP14_GAGTGTACCACGAAAAGAGAGTGGTGCT,PIP14,Reexposed
PIP14_GAGTGTACGAACAGACAACCGTCAAGAG,PIP14,Reexposed
PIP14_GAGTGTACTAAGCCCCTAATATAGATGT,PIP14,Reexposed
PIP14_GAGTGTACTTGGTATTCCAGAAATAGCA,PIP14,Reexposed
PIP14_GATGTGGCAAGGTGAGAAACGGCTATAA,PIP14,Reexposed
PIP14_GATGTGGCGAACAGGCGTTTCAAGGAAT,PIP14,Reexposed
PIP14_GATGTGGCGAAGAAGTAATCATATGCAA,PIP14,Reexposed
PIP14_GATGTGGCGCTAAGTAACCCGGGAGATG,PIP14,Reexposed
PIP14_GATGTGGCGCTGTAAGGTAATTGCATTC,PIP14,Reexposed
PIP14_GATGTGGCTCAGTCGTAGAGGTCTAATC,PIP14,Reexposed
PIP14_GATGTGGCTGGGTTATCAACAGTTTGTA,PIP14,Reexposed
PIP14_GATTACTTAACTGAGTTGCTTGGCTAGT,PIP14,Reexposed
PIP14_GATTACTTCTATGGTGAGAAGGGAGATG,PIP14,Reexposed
PIP14_GATTACTTGCTCTTAAACTCATGCATAT,PIP14,Reexposed
PIP14_GATTGGGAAAAGTGCACATTAACAAATG,PIP14,Reexposed
PIP14_GATTGGGAAACTGATCTGTGAAAGAGGC,PIP14,Reexposed
PIP14_GATTGGGAGCTAAGAGGTAAAAAGAGGC,PIP14,Reexposed
PIP14_GATTGGGATATTGGGTAGAGCCATATGA,PIP14,Reexposed
PIP14_GATTGGGATCGATTATGTTGCAAGGAAT,PIP14,Reexposed
PIP14_GCCTGGTAATCTGAGAAATCAATAAGGA,PIP14,Reexposed
PIP14_GCCTGGTACAATACGCACTAAATAAGGA,PIP14,Reexposed
PIP14_GCCTGGTACAGTTGAATACCTCCTATAT,PIP14,Reexposed
PIP14_GCCTGGTACTATGGGTTCACCCATATGA,PIP14,Reexposed
PIP14_GCCTGGTACTTTAGAGGTAAATATGGGT,PIP14,Reexposed
PIP14_GCCTGGTAGAAATCAGACGTATCAGGGA,PIP14,Reexposed
PIP14_GCCTGGTAGAAGAAACCTTTGTTCTGCT,PIP14,Reexposed
PIP14_GCCTGGTATTTCTCAAAGACAACAAATG,PIP14,Reexposed
PIP14_GCTTCTCCAAACACTACTCAGGGAGATG,PIP14,Reexposed
PIP14_GCTTCTCCATGCACCTTCGATGGAAAGC,PIP14,Reexposed
PIP14_GCTTCTCCCATCTATGCTAGTCATACCA,PIP14,Reexposed
PIP14_GCTTCTCCGACAATAGTGGAACCTGAAG,PIP14,Reexposed
PIP14_GCTTCTCCGACAATTGGGTTTGGCTAGT,PIP14,Reexposed
PIP14_GCTTCTCCGATATGAAGCACCGTGTACA,PIP14,Reexposed
PIP14_GCTTCTCCGCACTATGAAAGCAAGGGTT,PIP14,Reexposed
PIP14_GCTTCTCCGTGATCAAAGACATATGCAA,PIP14,Reexposed
PIP14_GCTTCTCCTGAGAATATTGGCCTATTTA,PIP14,Reexposed
PIP14_GTAAACAAAGTGGATTAACGCTGGGTAT,PIP14,Reexposed
PIP14_GTAAACAACACAAGAGAAGGCGTGTGTT,PIP14,Reexposed
PIP14_GTAAACAAGTAGAGCCTAATAAGGATGA,PIP14,Reexposed
PIP14_GTAAACAAGTTGCTAAAGGCACAAGTAG,PIP14,Reexposed
PIP14_GTAAACAATATTGGGAAAGGTCCTATAT,PIP14,Reexposed
PIP14_GTAAACAATTCGAATGCTAGCCATATGA,PIP14,Reexposed
PIP14_GTCCACTAAAACCGAAAGACGGTTAGGG,PIP14,Reexposed
PIP14_GTCCACTAAAGAGAAGTTACACACCAAG,PIP14,Reexposed
PIP14_GTCCACTAAAGCACGATATGAAATAGCA,PIP14,Reexposed
PIP14_GTCCACTAAGAAACGACAATGACACAAA,PIP14,Reexposed
PIP14_GTCCACTACACATTTACTCACTCACATC,PIP14,Reexposed
PIP14_GTCCACTAGCTAAGATCTTCAAGGATGA,PIP14,Reexposed
PIP14_GTCCACTAGTTAGTAATAGCACCAGTTT,PIP14,Reexposed
PIP14_GTCCACTATGCTAGCTGGTACAAACATT,PIP14,Reexposed
PIP14_GTCCTTGCATCAACGAAAGGATATGCAA,PIP14,Reexposed
PIP14_GTCCTTGCGTAGAGACAACCGACACAAA,PIP14,Reexposed
PIP14_GTCCTTGCGTTAGTAAACACGATGTGGC,PIP14,Reexposed
PIP14_GTCTAATCAATAGCATGCACGATGCAGA,PIP14,Reexposed
PIP14_GTCTAATCACATGTTCTGTGTACCTAAG,PIP14,Reexposed
PIP14_GTCTAATCGACAATGTTCACTGGTGTCT,PIP14,Reexposed
PIP14_GTCTAATCGTTAGTTACTCATGGCTAGT,PIP14,Reexposed
PIP14_GTCTAATCTGAACCTAAGGCGATGGTTA,PIP14,Reexposed
PIP14_GTCTTCCTAAACACACAGCAGCCAACAT,PIP14,Reexposed
PIP14_GTCTTCCTCACGAAATCAACTTAGCAAT,PIP14,Reexposed
PIP14_GTCTTCCTCCGTATTGGGTTTGGAAAGC,PIP14,Reexposed
PIP14_GTCTTCCTGATATGAATACCCACAAGTA,PIP14,Reexposed
PIP14_GTCTTCCTGATTTCTTAACGACAAAGAT,PIP14,Reexposed
PIP14_GTCTTCCTGCGTTTGCTAAGCTGGGTAT,PIP14,Reexposed
PIP14_GTCTTCCTGGTTTCTCTACCAAGGATGA,PIP14,Reexposed
PIP14_GTCTTCCTTGTATCAAAGACGGAGGTTT,PIP14,Reexposed
PIP14_GTCTTCCTTTCGAAATGCACCAAGGAAT,PIP14,Reexposed
PIP14_GTGAACTCGATATGTCTACCCTCAAACA,PIP14,Reexposed
PIP14_GTGAACTCGATATGTGAAAGATAGATGT,PIP14,Reexposed
PIP14_GTGAACTCGATGAAAGGAAAACAGATAA,PIP14,Reexposed
PIP14_GTGAACTCGCTGTAGAAATCACAAGTAG,PIP14,Reexposed
PIP14_GTGAACTCTCAAAGAATAGCGAAAGACA,PIP14,Reexposed
PIP14_GTGAACTCTGAGAATAGCGAGCCTGGTA,PIP14,Reexposed
PIP14_GTGAACTCTTGGCATGCTTTTAATGTGG,PIP14,Reexposed
PIP14_GTGAGGCAAGAAACTACAGAGCTATGGG,PIP14,Reexposed
PIP14_GTGAGGCAATCTGACTTCCATGGAAAGC,PIP14,Reexposed
PIP14_GTGAGGCAGACAATTAGAACCAAGGTAC,PIP14,Reexposed
PIP14_GTGAGGCAGCTCTTAGACGTGTCTGGAA,PIP14,Reexposed
PIP14_GTGAGGCAGGTTTCCACGAATAATGTGG,PIP14,Reexposed
PIP14_GTGGTGCTAAGGTGCTATGGGGCAAGGT,PIP14,Reexposed
PIP14_GTGGTGCTCTTGTTTTGGCAATATGGGT,PIP14,Reexposed
PIP14_GTGGTGCTGTAGAGACCATAGTGGTGCT,PIP14,Reexposed
PIP14_GTGGTGCTTAACCCCTGGTATGCACCAG,PIP14,Reexposed
PIP14_GTGTCACCAAGAGATATTGGGGAGTAAG,PIP14,Reexposed
PIP14_GTGTCACCACCTTTACAAAGAATGTATG,PIP14,Reexposed
PIP14_GTGTCACCCACGAAATCTGAGGAGGTTT,PIP14,Reexposed
PIP14_GTGTCACCGCTGTAGAAAGGTGAATAGG,PIP14,Reexposed
PIP14_GTGTCACCGTTAGTCTGGTAACCACAGA,PIP14,Reexposed
PIP14_GTGTCACCTAGCGAACAGCAGGGAGATG,PIP14,Reexposed
PIP14_GTGTCACCTCAGTCAATAGCACATGGAC,PIP14,Reexposed
PIP14_GTTCTGCTAGACGTTTCCAGCTGTTAAA,PIP14,Reexposed
PIP14_GTTCTGCTCACGAAGATATGCAGTTTAA,PIP14,Reexposed
PIP14_GTTCTGCTCAGTTGGAAGAATGGAAAGC,PIP14,Reexposed
PIP14_GTTCTGCTCTGAAGAAACTCCAAGGTAC,PIP14,Reexposed
PIP14_GTTCTGCTGACAATAAACCGACAAAGAT,PIP14,Reexposed
PIP14_GTTCTGCTGACAATACAACCTTGCATTC,PIP14,Reexposed
PIP14_GTTCTGCTTGTATCCACAAGCACAAGTA,PIP14,Reexposed
PIP14_GTTGTCCGAAAGTGTGCTAGACTAGAGC,PIP14,Reexposed
PIP14_GTTGTCCGAACTGATTCCAGGAGTGTAC,PIP14,Reexposed
PIP14_GTTGTCCGAGACGTGAAAGGCCTTTACA,PIP14,Reexposed
PIP14_GTTGTCCGCTGAAGTCAGTCTATGTGAA,PIP14,Reexposed
PIP14_GTTGTCCGGAAAGGGAACAGAGTTTGTA,PIP14,Reexposed
PIP14_GTTGTCCGGACAATATCTGAATATGCAA,PIP14,Reexposed
PIP14_GTTGTCCGTACAGAAATAGCTCATACCA,PIP14,Reexposed
PIP14_TAACTTCTAAAGGCAGAAGGCAAGGGTT,PIP14,Reexposed
PIP14_TAACTTCTAAGAGAATGTTGTCATACCA,PIP14,Reexposed
PIP14_TAACTTCTACAAAGAAGGTGAACAGAAC,PIP14,Reexposed
PIP14_TAACTTCTCACGAAAGACGTGACACAAA,PIP14,Reexposed
PIP14_TAACTTCTGCTCTTTGAAAGTGGCTAGT,PIP14,Reexposed
PIP14_TACTGAATGATGAAAAGCACGAGTGTAC,PIP14,Reexposed
PIP14_TACTGAATTGAGAAGAACAGCCAGACAG,PIP14,Reexposed
PIP14_TAGCCACAAGGTAATTGGCAGTTCTGCT,PIP14,Reexposed
PIP14_TAGCCACACGCAAAGTAGAGAATAAGGA,PIP14,Reexposed
PIP14_TAGTCTCTCACAAGTGGGTTGAAGATAT,PIP14,Reexposed
PIP14_TAGTCTCTCTAAAGATGCACTTCTAGGA,PIP14,Reexposed
PIP14_TAGTCTCTCTTGACGATACCCAAGGTAC,PIP14,Reexposed
PIP14_TAGTCTCTGACAATTCTGTGTCCTATAT,PIP14,Reexposed
PIP14_TAGTCTCTGCACTAAGTGGAACCACAGA,PIP14,Reexposed
PIP14_TAGTCTCTGTAGAGGTTCACTCCTATAT,PIP14,Reexposed
PIP14_TAGTCTCTTATGCCAGGTAACCAGACAG,PIP14,Reexposed
PIP14_TAGTCTCTTCTACCTGCTTTGATGGTTA,PIP14,Reexposed
PIP14_TATCCACGACAGCATAGCGATGGTGTCT,PIP14,Reexposed
PIP14_TATCCACGACATGTAAACACTACTGAAT,PIP14,Reexposed
PIP14_TATCCACGCTATGGGACAATACCTGAAG,PIP14,Reexposed
PIP14_TATCCACGGAACAGTTGGCAGAGTGTAC,PIP14,Reexposed
PIP14_TATCCACGTCAAAGGAAGAAAGTTTGTA,PIP14,Reexposed
PIP14_TATCCACGTTAACGTACTCACAAGGGTT,PIP14,Reexposed
PIP14_TATCCACGTTCGAATCAAAGACCAGTTT,PIP14,Reexposed
PIP14_TATCCACGTTGGTATAACCCGGGATTAC,PIP14,Reexposed
PIP14_TATCCACGTTGGTATAACCCGTGGTGCT,PIP14,Reexposed
PIP14_TATCTGTCAAAGGCCAGTTGGATGCAGA,PIP14,Reexposed
PIP14_TATCTGTCACAACCAAGCACACAGGCCA,PIP14,Reexposed
PIP14_TATCTGTCGTACAAACAAAGTAATGTGG,PIP14,Reexposed
PIP14_TATCTGTCTTAACGTATTGGGGTTAGGG,PIP14,Reexposed
PIP14_TATGTGAAAGACGTTTAACGCCTTTACA,PIP14,Reexposed
PIP14_TATGTGAACTTCGATCTGTGGCTATGGG,PIP14,Reexposed
PIP14_TATGTGAAGCTCTTCAAACAACAGATAA,PIP14,Reexposed
PIP14_TCCGACACAAACCGAAAGACTCTGATTT,PIP14,Reexposed
PIP14_TCCGACACAACTGATCAAAGGGCAAGGT,PIP14,Reexposed
PIP14_TCCGACACATCTGATGCTTTACCAGTTT,PIP14,Reexposed
PIP14_TCCGACACCTTGACGTACAAACAGGCCA,PIP14,Reexposed
PIP14_TCCGACACGAACAGAACTGACAAGGAAT,PIP14,Reexposed
PIP14_TCCGACACGTAGAGAAAGACGTGGTGCT,PIP14,Reexposed
PIP14_TCCTATATGTTCACCACATTGGCTATAA,PIP14,Reexposed
PIP14_TCTAAACTAGGAAATCAAAGAGTTTGTA,PIP14,Reexposed
PIP14_TCTAAACTCTGGTAGTTTGGTACTGAAT,PIP14,Reexposed
PIP14_TCTAAACTCTTCGAACATGTTGCACCAG,PIP14,Reexposed
PIP14_TCTAAACTGCTCTTGTTTGGGGCAAGGT,PIP14,Reexposed
PIP14_TCTAAACTTTCGAAGAAGAATCAAATGG,PIP14,Reexposed
PIP14_TCTATTCCAAAGACGTAATCTGGTGTCT,PIP14,Reexposed
PIP14_TCTATTCCAGGAAAGTTCACCAAGGGTT,PIP14,Reexposed
PIP14_TCTATTCCATCTGAAACTGACAAGGGTT,PIP14,Reexposed
PIP14_TCTATTCCATCTGAGAAAGGGGGTCATT,PIP14,Reexposed
PIP14_TCTATTCCCCAAATAAGAGAACAGATAA,PIP14,Reexposed
PIP14_TCTATTCCCCGTATGTAGAGGGTTACAC,PIP14,Reexposed
PIP14_TCTATTCCGTTAGTAAAGGCGGCTATAA,PIP14,Reexposed
PIP14_TCTATTCCTAGCGAGCTAAGGGGATTAC,PIP14,Reexposed
PIP14_TCTATTCCTCAGTCTCTGTGCACAACCT,PIP14,Reexposed
PIP14_TCTTTGACAAACCGACATGTCACAAGTA,PIP14,Reexposed
PIP14_TCTTTGACCAGTTGGATATGGAAAGACA,PIP14,Reexposed
PIP14_TCTTTGACTGAAAGAATACCGTCAAGAG,PIP14,Reexposed
PIP14_TGCTTCATACTTCCAAAGTGTCCAGAAG,PIP14,Reexposed
PIP14_TGCTTCATTCTACCTACTCACAAGGTAC,PIP14,Reexposed
PIP14_TTAGCTGCAAACACGAAGAAAGTAGTTA,PIP14,Reexposed
PIP14_TTAGCTGCCACAAGACATGTTGGGAATT,PIP14,Reexposed
PIP14_TTAGCTGCCTATGGAGTTACCAAGGGTT,PIP14,Reexposed
PIP14_TTAGCTGCGAAAGGAGAAACACTAATTG,PIP14,Reexposed
PIP14_TTAGCTGCGATATGATGTTGCGTGGGAT,PIP14,Reexposed
PIP14_TTAGCTGCGTTCACGTTCACCTGTTAAA,PIP14,Reexposed
PIP14_TTAGCTGCTTTCTCCCTAATGGAGGTTT,PIP14,Reexposed
PIP14_TTCACTGGAAGAGAAAGCACGTTCTGCT,PIP14,Reexposed
PIP14_TTCACTGGACAAAGCCAAATGAAAGACA,PIP14,Reexposed
PIP14_TTCACTGGATGCACCTTCCAAGTAGTTA,PIP14,Reexposed
PIP14_TTCACTGGCTGGTAATCTGATCAAATGG,PIP14,Reexposed
PIP14_TTCACTGGGTTCACGATATGAAATAGCA,PIP14,Reexposed
PIP14_TTCACTGGTAGTCTCTAAAGGGTTAGGG,PIP14,Reexposed
PIP14_TTCACTGGTATTGGATCTGAGTCTGGAA,PIP14,Reexposed
PIP14_TTCACTGGTTGGCAGAACAGTGCACCAG,PIP14,Reexposed
PIP14_TTGCTCTAACAACCACATGTTGGTGTCT,PIP14,Reexposed
PIP14_TTGCTCTAGACAATGTTAGTAATGTATG,PIP14,Reexposed
PIP14_TTGCTCTAGATTTCTCTGTGCGTGGGAT,PIP14,Reexposed
PIP14_TTGCTCTAGTAATCGTTGCTGAAGATAT,PIP14,Reexposed
PIP14_TTGCTCTAGTAATCTTGGCACACAACCT,PIP14,Reexposed
PIP14_TTGCTCTATGCTAGAATACCCGTGTACA,PIP14,Reexposed
PIP14_TTGGGTCCCACATTCTTGACAATATGAC,PIP14,Reexposed
PIP14_TTGGGTCCGAACAGTATGCCTGGAAAGC,PIP14,Reexposed
PIP14_TTGGGTCCGTTTGGTACTCAGGGATTAC,PIP14,Reexposed
PIP14_TTGGGTCCTTTCTCCTGAAGCCTTTACA,PIP14,Reexposed
PIP14_TTTGTACAAAAGGCTCAAAGGGCTATAA,PIP14,Reexposed
PIP14_TTTGTACAACAACCGCGTTTGACACAAA,PIP14,Reexposed
PIP14_TTTGTACACAATACTTGGTACAAGGTAC,PIP14,Reexposed
PIP14_TTTGTACAGAAATCAGAAGGGAAGATAT,PIP14,Reexposed
PIP14_TTTGTACAGAAATCGTGATCCTCAAACA,PIP14,Reexposed
PIP14_TTTGTACAGCTAAGGCACTAGGGTCATT,PIP14,Reexposed
PIP14_TTTGTACAGTTGCTAAGGTGATAACAGG,PIP14,Reexposed
PIP14_TTTGTACATAACCCTATTGGAACTGCCT,PIP14,Reexposed
PIP14_TTTGTACATCAAAGGCTGTACCAGACAG,PIP14,Reexposed
PIP14_TTTGTACATTAACGGAAGAATCAAATGG,PIP14,Reexposed
PIP14_TTTGTACATTGGTATAAGCCGGTTAGGG,PIP14,Reexposed
PIP7_AAACAAACACGGTTCACATTCCTTTGTC,PIP7,SingleNE
PIP7_AAACAAACAGAAACATCTTCTCCTATAT,PIP7,SingleNE
PIP7_AAACAAACCAATACAACTGACTGTTAAA,PIP7,SingleNE
PIP7_AAACAAACCACAAGAAGCTCCGTGGGAT,PIP7,SingleNE
PIP7_AAACAAACCATCTAAAGCACCTCAAACA,PIP7,SingleNE
PIP7_AAACAAACGAAAGGTGTAACGGCAAGGT,PIP7,SingleNE
PIP7_AAACAAACGCTAAGAAGAGATGGAAAGC,PIP7,SingleNE
PIP7_AAACAAACGTTGCTCCAAATTGGCTAGT,PIP7,SingleNE
PIP7_AAACAAACTGAAAGATCTGAAACAGAAC,PIP7,SingleNE
PIP7_AAACAAACTTAACGGACAATGGGAGATG,PIP7,SingleNE
PIP7_AAACAAACTTCGAAAAAGTGGGTTACAC,PIP7,SingleNE
PIP7_AAACAAACTTGGCAAGACGTAGTAATGG,PIP7,SingleNE
PIP7_AAACCGCCAAGGTGTGTATCACCAGTTT,PIP7,SingleNE
PIP7_AAACCGCCATGTTGTCTGTGTAATGTGG,PIP7,SingleNE
PIP7_AAACCGCCCACAAGGTACAAGGGTCATT,PIP7,SingleNE
PIP7_AAACCGCCGAAATCTATGCCCAAGGAAT,PIP7,SingleNE
PIP7_AAACCGCCGGTCTATTGGCAGAAAGACA,PIP7,SingleNE
PIP7_AAACCGCCGTTTGGTCTGTGACCAGTTT,PIP7,SingleNE
PIP7_AAACCGCCTGGGTTCACGAATCCAGAAG,PIP7,SingleNE
PIP7_AAACCGCCTGGGTTCTTGTTAATGTATG,PIP7,SingleNE
PIP7_AAACTACAAAAGGCAAGCTCGGTTAGGG,PIP7,SingleNE
PIP7_AAACTACACAATACGATATGGATGGTTA,PIP7,SingleNE
PIP7_AAACTACACACAAGGTGATCATATGGGT,PIP7,SingleNE
PIP7_AAACTACACAGTTGCTATGGTCAAATGG,PIP7,SingleNE
PIP7_AAACTACACTAAAGACCTTTTCAAATGG,PIP7,SingleNE
PIP7_AAACTACACTATGGACCATATCCAGAAG,PIP7,SingleNE
PIP7_AAACTACACTTGACGTGATCCTGTTAAA,PIP7,SingleNE
PIP7_AAACTACAGAACAGGAAAGGGTCTAATC,PIP7,SingleNE
PIP7_AAACTACAGTTTGGATCAACGGAGTAAG,PIP7,SingleNE
PIP7_AAAGAGGCCAATACGAAGAAACAGATAA,PIP7,SingleNE
PIP7_AAAGAGGCCACGAAACAGCACCTATTTA,PIP7,SingleNE
PIP7_AAAGAGGCGCTCTTTAACCCAGTAATGG,PIP7,SingleNE
PIP7_AAAGAGGCGTAATCACAGCAGGTTACAC,PIP7,SingleNE
PIP7_AAAGAGGCTCTACCGCTAAGAATGTATG,PIP7,SingleNE
PIP7_AAATTCCGAAAGGCTTCCAGCCAGACAG,PIP7,SingleNE
PIP7_AAATTCCGAGTGGATGTATCGGCAAGGT,PIP7,SingleNE
PIP7_AAATTCCGATCTGAACATGTACAGATAA,PIP7,SingleNE
PIP7_AAATTCCGATGCACTCAGTCACCTGAAG,PIP7,SingleNE
PIP7_AAATTCCGCTTTAGAAACACCAAACATT,PIP7,SingleNE
PIP7_AAATTCCGCTTTAGGTTCACGATGCAGA,PIP7,SingleNE
PIP7_AAATTCCGGCTAAGTACAGACCATATGA,PIP7,SingleNE
PIP7_AAATTCCGGGTTTCAGAAGGGAAAGACA,PIP7,SingleNE
PIP7_AAATTCCGGTAGAGTAGAACCCTTTGTC,PIP7,SingleNE
PIP7_AAATTCCGGTTAGTTATGCCTAATGTGG,PIP7,SingleNE
PIP7_AAATTCCGTAACCCTACAGACGTGGGAT,PIP7,SingleNE
PIP7_AAATTCCGTATGCCTGCTTTGGCAAGGT,PIP7,SingleNE
PIP7_AAATTCCGTCAAAGCTTGTTCCTATTTA,PIP7,SingleNE
PIP7_AAATTCCGTCTGTGCAGTTGGTCTGGAA,PIP7,SingleNE
PIP7_AACTGCCTAAAGACTAAGCCACCACAGA,PIP7,SingleNE
PIP7_AACTGCCTAAAGGCTATTGGCTCACATC,PIP7,SingleNE
PIP7_AACTGCCTAGTTACGTTTGGCACAACCT,PIP7,SingleNE
PIP7_AACTGCCTCTGGTAAAGGTGCTCACATC,PIP7,SingleNE
PIP7_AACTGCCTGATGAAACAACCACTAATTG,PIP7,SingleNE
PIP7_AACTGCCTTAACCCGAAACCTCATACCA,PIP7,SingleNE
PIP7_AAGAGTATAAAGACCAATACGGGAGATG,PIP7,SingleNE
PIP7_AAGAGTATAAGAGAACAGCAGGTTACAC,PIP7,SingleNE
PIP7_AAGAGTATACATGTCTAAAGTAATGTGG,PIP7,SingleNE
PIP7_AAGAGTATAGGAAACTTCGACCATATGA,PIP7,SingleNE
PIP7_AAGAGTATATGTTGGAAGAAATCCTAGT,PIP7,SingleNE
PIP7_AAGAGTATCTATGGTGAACCCGTGGGAT,PIP7,SingleNE
PIP7_AAGAGTATGTACAAGAAGAACACAAGTA,PIP7,SingleNE
PIP7_AAGAGTATGTGATCGTTTGGTCATACCA,PIP7,SingleNE
PIP7_AAGAGTATTAACCCCCTAATGTCTAATC,PIP7,SingleNE
PIP7_AAGAGTATTAGCGATATGCCCTGGGTAT,PIP7,SingleNE
PIP7_AAGAGTATTATGCCAAACACGTCTAATC,PIP7,SingleNE
PIP7_AAGAGTATTGCTAGAACTGAGGGAGATG,PIP7,SingleNE
PIP7_AAGAGTATTGCTAGATCAACACACCAAG,PIP7,SingleNE
PIP7_AAGCCTTCAAGGTGGACAATAACTGCCT,PIP7,SingleNE
PIP7_AAGCCTTCACCTTTACAGCATCAAATGG,PIP7,SingleNE
PIP7_AAGCCTTCACGGTTAGAAACAATGTATG,PIP7,SingleNE
PIP7_AAGCCTTCCACAAGAAACTCTTGCATTC,PIP7,SingleNE
PIP7_AAGCCTTCCACAAGACAAAGCAAACATT,PIP7,SingleNE
PIP7_AAGCCTTCCACATTAGAAGGTGAATAGG,PIP7,SingleNE
PIP7_AAGCCTTCGAAGAAAAAGGCGAAAGACA,PIP7,SingleNE
PIP7_AAGCCTTCGCTCTTACCATAGGAGTAAG,PIP7,SingleNE
PIP7_AAGCCTTCGGTTTCTGGGTTATATGGGT,PIP7,SingleNE
PIP7_AAGCCTTCGTTTGGAAACTCGGGATTAC,PIP7,SingleNE
PIP7_AAGCCTTCTAACCCCCTAATACCACAGA,PIP7,SingleNE
PIP7_AAGCTCCTACAACCTGAAAGTCTGATTT,PIP7,SingleNE
PIP7_AAGCTCCTACCTTTAAACTCCCTATTTA,PIP7,SingleNE
PIP7_AAGCTCCTAGAAACGTAGAGAAGGATGA,PIP7,SingleNE
PIP7_AAGCTCCTAGAAGGTACTCAAATGTATG,PIP7,SingleNE
PIP7_AAGCTCCTGCTCTTAAGGTGCCAGACAG,PIP7,SingleNE
PIP7_AAGCTCCTTACAGATTCCAGGCTATGGG,PIP7,SingleNE
PIP7_AAGCTCCTTTGGTATACTCATCTGATTT,PIP7,SingleNE
PIP7_AAGGGACCAACTGAGGTTTCACACCAAG,PIP7,SingleNE
PIP7_AAGGGACCCCGTATATCAACGGCTATAA,PIP7,SingleNE
PIP7_AAGGGACCCCGTATGATATGATAACAGG,PIP7,SingleNE
PIP7_AAGGGACCCCGTATTCAGTCGGAGTAAG,PIP7,SingleNE
PIP7_AAGGGACCCTATGGTAAGGCGGAGTAAG,PIP7,SingleNE
PIP7_AAGGGACCCTGGTATAAGCCATCCTAGT,PIP7,SingleNE
PIP7_AAGGGACCGAACAGTTGGTAAACTGCCT,PIP7,SingleNE
PIP7_AAGGGACCGAGATAGCACTAGGGAGATG,PIP7,SingleNE
PIP7_AAGGGACCGTAATCCTAAAGTCCTATAT,PIP7,SingleNE
PIP7_AAGGGACCTATGCCCCTAATAACAGAAC,PIP7,SingleNE
PIP7_AAGGGACCTCTGTGAAACACCACAAGTA,PIP7,SingleNE
PIP7_AAGTCCAAAAACCGGAAAGGGTCAGGTT,PIP7,SingleNE
PIP7_AAGTCCAAAAAGTGTAAGGCGGGTCATT,PIP7,SingleNE
PIP7_AAGTCCAAACAACCAATACCTACCTAAG,PIP7,SingleNE
PIP7_AAGTCCAAACAACCGAAAGGTTGCATTC,PIP7,SingleNE
PIP7_AAGTCCAAACAGCACCAAATACACCAAG,PIP7,SingleNE
PIP7_AAGTCCAAACTTCCAAGCTCTGGAAAGC,PIP7,SingleNE
PIP7_AAGTCCAAACTTCCACAACCACATGGAC,PIP7,SingleNE
PIP7_AAGTCCAAAGTTACTGCTAGAAACTACA,PIP7,SingleNE
PIP7_AAGTCCAACAATACAATACCCTGGGTAT,PIP7,SingleNE
PIP7_AAGTCCAACACGAACAAACAGTCAGGTT,PIP7,SingleNE
PIP7_AAGTCCAAGAAGAATTGGTACGTGTGTT,PIP7,SingleNE
PIP7_AAGTCCAAGGTTTCCTATGGCCAGACAG,PIP7,SingleNE
PIP7_AAGTCCAAGTACAAAAGCACGGCTATAA,PIP7,SingleNE
PIP7_AAGTCCAATCTACCTCAAAGCTCAAACA,PIP7,SingleNE
PIP7_AAGTCCAATGAACCTCCATAGTCAAGAG,PIP7,SingleNE
PIP7_AAGTCCAATGCTAGGAAATCCCTTTACA,PIP7,SingleNE
PIP7_AAGTTGTCAAAGACGCGTTTTGAATAGG,PIP7,SingleNE
PIP7_AAGTTGTCAAGAGACTAAAGTGGGAATT,PIP7,SingleNE
PIP7_AAGTTGTCATGTTGTGCTTTCGTGTGTT,PIP7,SingleNE
PIP7_AAGTTGTCCTTGACGAAACCGGCTATAA,PIP7,SingleNE
PIP7_AAGTTGTCGATATGAAACTCGTCTAATC,PIP7,SingleNE
PIP7_AAGTTGTCTTCGAACTTCCAGCTATGGG,PIP7,SingleNE
PIP7_AATACATCAAGAGATAAGGCTAATGTGG,PIP7,SingleNE
PIP7_AATACATCAATAGCGTTTGGGTCAAGAG,PIP7,SingleNE
PIP7_AATACATCACAAAGAGAAGGGGAGGTTT,PIP7,SingleNE
PIP7_AATACATCATGCACAAAGGCATCCTAGT,PIP7,SingleNE
PIP7_AATACATCCAATACCACGAACAAGGGTT,PIP7,SingleNE
PIP7_AATACATCCAGTTGAGACGTACCAGTTT,PIP7,SingleNE
PIP7_AATACATCCAGTTGTGAGAATACTGAAT,PIP7,SingleNE
PIP7_AATACATCCCGTATGCACTAGGAGGTTT,PIP7,SingleNE
PIP7_AATACATCGAACAGGTTGCTGATGTGGC,PIP7,SingleNE
PIP7_AATACATCGAAGAACCTAATACTAGAGC,PIP7,SingleNE
PIP7_AATACATCGAGATAGTTGCTTGGTGTCT,PIP7,SingleNE
PIP7_AATACATCGATTTCGAAACCTCAAATGG,PIP7,SingleNE
PIP7_AATACATCGTACAAAGGTAACACAACCT,PIP7,SingleNE
PIP7_AATACATCGTTAGTCAAACAATAACAGG,PIP7,SingleNE
PIP7_AATACATCTATGCCTGTAACATCCTAGT,PIP7,SingleNE
PIP7_AATATGACAAACACTGCTTTGAGTGTAC,PIP7,SingleNE
PIP7_AATATGACAAAGACCACGAAACCAGTTT,PIP7,SingleNE
PIP7_AATATGACAACTGAAGACGTCACAAGTA,PIP7,SingleNE
PIP7_AATATGACAAGGTGGAAATCATAGATGT,PIP7,SingleNE
PIP7_AATATGACAATAGCTGCTTTAAGGATGA,PIP7,SingleNE
PIP7_AATATGACACAAAGTTGGCATGAATAGG,PIP7,SingleNE
PIP7_AATATGACAGGAAACAGTTGGGTTAGGG,PIP7,SingleNE
PIP7_AATATGACCCGTATGTTGCTGTGGTGCT,PIP7,SingleNE
PIP7_AATATGACCTGAAGGCTGTACAAGGGTT,PIP7,SingleNE
PIP7_AATATGACGAGATAGGTTTCACCAGTTT,PIP7,SingleNE
PIP7_AATATGACGAGATATGAACCCCTTTACA,PIP7,SingleNE
PIP7_AATATGACGGTCTACCTAATACATGGAC,PIP7,SingleNE
PIP7_AATATGACGTGATCAGAAACAAATAGCA,PIP7,SingleNE
PIP7_AATATGACGTTTGGTCTGTGTGCACCAG,PIP7,SingleNE
PIP7_AATATGACTAAGCCACAAAGTGGTGTCT,PIP7,SingleNE
PIP7_AATATGACTCAGTCTCTACCGATGCAGA,PIP7,SingleNE
PIP7_ACCAGTTTAAAGTGAAGCTCCTGTTAAA,PIP7,SingleNE
PIP7_ACCAGTTTAATAGCCAAACATGAATAGG,PIP7,SingleNE
PIP7_ACCAGTTTACAAAGGTACAACCTATTTA,PIP7,SingleNE
PIP7_ACCAGTTTAGAAACGATATGGAAAGACA,PIP7,SingleNE
PIP7_ACCAGTTTAGACGTGACAATCAGTTTAA,PIP7,SingleNE
PIP7_ACCAGTTTAGGAAAGCTAAGGCCAACAT,PIP7,SingleNE
PIP7_ACCAGTTTCCGTATTCAAAGCGTGTACA,PIP7,SingleNE
PIP7_ACCAGTTTCTAAAGAAGCACCTCACATC,PIP7,SingleNE
PIP7_ACCAGTTTGAACAGTAGCGAATAGATGT,PIP7,SingleNE
PIP7_ACCAGTTTGCTGTACACATTGATGGTTA,PIP7,SingleNE
PIP7_ACCAGTTTGTTGCTATCAACCGTGGGAT,PIP7,SingleNE
PIP7_ACCAGTTTTAGTCTACATGTTGAATAGG,PIP7,SingleNE
PIP7_ACCAGTTTTCAGTCTCTACCGATGTGGC,PIP7,SingleNE
PIP7_ACCAGTTTTCGATTCCAAATTCTGATTT,PIP7,SingleNE
PIP7_ACCAGTTTTCTACCAAACCGTGCACCAG,PIP7,SingleNE
PIP7_ACCAGTTTTTGGCATAAGGCACAGGCCA,PIP7,SingleNE
PIP7_ACCAGTTTTTGGTACACGAACACAAGTA,PIP7,SingleNE
PIP7_ACCAGTTTTTTCTCTTGGCATGGAAAGC,PIP7,SingleNE
PIP7_ACTCATACAATACCAGAAACGATGTGGC,PIP7,SingleNE
PIP7_ACTCATACCAGTTGTCAGTCATCAGGGA,PIP7,SingleNE
PIP7_ACTCATACCGCAAATAAGCCAGTAATGG,PIP7,SingleNE
PIP7_ACTCATACGAAATCTCCATACACAACCT,PIP7,SingleNE
PIP7_ACTCATACGACAATTTCCAGACCACAGA,PIP7,SingleNE
PIP7_ACTCATACGCACTAAGAAGGCAAACATT,PIP7,SingleNE
PIP7_ACTCATACTGAGAATGTAACATGCATAT,PIP7,SingleNE
PIP7_ACTCATACTGCTTTTTGGTAGGCTATAA,PIP7,SingleNE
PIP7_AGAAACCAACAACCTGTAACACCTGAAG,PIP7,SingleNE
PIP7_AGAAACCAAGAAGGGACAATTGGGAATT,PIP7,SingleNE
PIP7_AGAAACCAATGTTGGAAGAAAACAGAAC,PIP7,SingleNE
PIP7_AGAAACCACTGAAGCTTGTTTTCTAGGA,PIP7,SingleNE
PIP7_AGAAACCAGAGATAGGTTTCATCCTAGT,PIP7,SingleNE
PIP7_AGAAACCAGGTTTCAAACTCTCTGATTT,PIP7,SingleNE
PIP7_AGAAACCAGTAATCAAAGTGCAGTTTAA,PIP7,SingleNE
PIP7_AGAAACCAGTGATCTAAGGCCTCAAACA,PIP7,SingleNE
PIP7_AGAAACCAGTTAGTACCTTTGATGGTTA,PIP7,SingleNE
PIP7_AGAAACCATGCTTTACTTCCAAACTGTG,PIP7,SingleNE
PIP7_AGACCTCAACAACCACAGCATACCTAAG,PIP7,SingleNE
PIP7_AGACCTCAAGGAAATTGGTACAGTTTAA,PIP7,SingleNE
PIP7_AGACCTCAAGTTACAGACGTCGTGTGTT,PIP7,SingleNE
PIP7_AGACCTCAGTGATCGGTTTCGGGAGATG,PIP7,SingleNE
PIP7_AGACCTCATATGCCGCACTAGGGAGATG,PIP7,SingleNE
PIP7_AGACCTCATTAACGGAACAGGTCTAATC,PIP7,SingleNE
PIP7_AGACCTCATTGGCAGTTAGTTACCTAAG,PIP7,SingleNE
PIP7_AGACGAGGAATAGCCAAACACGTGTACA,PIP7,SingleNE
PIP7_AGACGAGGAGAAGGGGTTTCAGTTTGTA,PIP7,SingleNE
PIP7_AGACGAGGCAATACTATGCCCTGTTAAA,PIP7,SingleNE
PIP7_AGACGAGGCACGAAGTAGAGCTGGGTAT,PIP7,SingleNE
PIP7_AGACGAGGGAAATCATCTGAGTCAAGAG,PIP7,SingleNE
PIP7_AGACGAGGGAGATAAGTTACACAGATAA,PIP7,SingleNE
PIP7_AGACGAGGGATATGGTAATCTATGTGAA,PIP7,SingleNE
PIP7_AGACGAGGGATTTCCTTTAGCAAGGAAT,PIP7,SingleNE
PIP7_AGACGAGGGCACTAAAAGACACACCAAG,PIP7,SingleNE
PIP7_AGACGAGGGCACTAATCTGATCATACCA,PIP7,SingleNE
PIP7_AGACGAGGGCTAAGCTGGTACTGGGTAT,PIP7,SingleNE
PIP7_AGACGAGGTAGTCTGATATGGGTTAGGG,PIP7,SingleNE
PIP7_AGACGAGGTGGGTTGTACAAGGTTACAC,PIP7,SingleNE
PIP7_AGAGGTGCATCTGATCCATAGATGTGGC,PIP7,SingleNE
PIP7_AGAGGTGCCTTTAGAAGAGATGAATAGG,PIP7,SingleNE
PIP7_AGAGGTGCGATGAAAAGAGAACATGGAC,PIP7,SingleNE
PIP7_AGAGGTGCGTTAGTAGACGTCACAACCT,PIP7,SingleNE
PIP7_AGAGGTGCTGAACCGTGATCATATGCAA,PIP7,SingleNE
PIP7_AGAGGTGCTTGGCACTTGACTTCTAGGA,PIP7,SingleNE
PIP7_AGCTCCACAAGAGAGTTCACGCCAACAT,PIP7,SingleNE
PIP7_AGCTCCACAATAGCTACTCACTCAAACA,PIP7,SingleNE
PIP7_AGCTCCACACAACCACAACCTTGCATTC,PIP7,SingleNE
PIP7_AGCTCCACACATGTAGAAGGACTAATTG,PIP7,SingleNE
PIP7_AGCTCCACACGGTTTTGGCATGAATAGG,PIP7,SingleNE
PIP7_AGCTCCACAGAAGGGAAAGGGTCAAGAG,PIP7,SingleNE
PIP7_AGCTCCACAGTGGATAACCCCTCAAACA,PIP7,SingleNE
PIP7_AGCTCCACCGCAAAATGTTGATATGGGT,PIP7,SingleNE
PIP7_AGCTCCACCTTTAGCTTCGAGCTAAGTT,PIP7,SingleNE
PIP7_AGCTCCACGCACTAAAGCTCGCTATGGG,PIP7,SingleNE
PIP7_AGCTCCACGCACTATGAAAGCACAACCT,PIP7,SingleNE
PIP7_AGCTCCACGCTGTAGATACCCCTTTGTC,PIP7,SingleNE
PIP7_AGCTCCACGTTAGTCTGGTATTCTAGGA,PIP7,SingleNE
PIP7_AGCTCCACTAGCGACCTAATGCTAAGTT,PIP7,SingleNE
PIP7_AGCTCCACTCTGTGAGTGGAAACTGCCT,PIP7,SingleNE
PIP7_AGCTCCACTGAGAACTTGTTAAGGATGA,PIP7,SingleNE
PIP7_AGCTCCACTGAGAATGCTAGATATGGGT,PIP7,SingleNE
PIP7_AGCTCCACTGCTAGACAGCACGTGTGTT,PIP7,SingleNE
PIP7_AGCTCCACTTTCTCACAGCACAAGGTAC,PIP7,SingleNE
PIP7_AGGACACAAAAGGCATCAACCCTATTTA,PIP7,SingleNE
PIP7_AGGACACAACAAAGCTTCCAGAAAGACA,PIP7,SingleNE
PIP7_AGGACACAACATGTGTTCACCAAGGAAT,PIP7,SingleNE
PIP7_AGGACACACTTGACGTTTGGGTTCTGCT,PIP7,SingleNE
PIP7_AGGACACAGGTCTAGTTGCTCAAGGAAT,PIP7,SingleNE
PIP7_AGGACACAGTACAAAGACGTAATGTATG,PIP7,SingleNE
PIP7_AGGACACAGTGATCGCTGTACAAGGGTT,PIP7,SingleNE
PIP7_AGGACACATATTGGAAGAGACTGGGTAT,PIP7,SingleNE
PIP7_AGGACACATATTGGCTTGTTATAACAGG,PIP7,SingleNE
PIP7_AGGACACATTGGTACTTCCAGACACAAA,PIP7,SingleNE
PIP7_AGTAGTTAAAACCGCTGAAGACCTGAAG,PIP7,SingleNE
PIP7_AGTAGTTAAAGAGAGGTTTCTCAAATGG,PIP7,SingleNE
PIP7_AGTAGTTAAGGAAAATCTTCGCCTGGTA,PIP7,SingleNE
PIP7_AGTAGTTACAATACCTGAAGCAAGGAAT,PIP7,SingleNE
PIP7_AGTAGTTACACAAGGTAGAGTACCTAAG,PIP7,SingleNE
PIP7_AGTAGTTAGAAGAAATCAACGAAAGACA,PIP7,SingleNE
PIP7_AGTAGTTAGACAATCTTGACTGGCTAGT,PIP7,SingleNE
PIP7_AGTAGTTAGATATGTATGCCCAAGGGTT,PIP7,SingleNE
PIP7_AGTAGTTAGCACTAGAAAGGAAACTACA,PIP7,SingleNE
PIP7_AGTAGTTATGAACCTACTCAAAAGAGGC,PIP7,SingleNE
PIP7_AGTAGTTATGAGAATACTCAAAAGAGGC,PIP7,SingleNE
PIP7_AGTAGTTATTGGCATGTAACATCCTAGT,PIP7,SingleNE
PIP7_AGTAGTTATTTCTCTCTGTGGACACAAA,PIP7,SingleNE
PIP7_AGTCACAAAAGCACATGTTGTCATACCA,PIP7,SingleNE
PIP7_AGTCACAAAGGTAACTTGTTCCTTTGTC,PIP7,SingleNE
PIP7_AGTCACAACCAAATGAAGAAGTTCTGCT,PIP7,SingleNE
PIP7_AGTCACAACGCAAAAAGAGACTCAAACA,PIP7,SingleNE
PIP7_AGTCACAACTTGACGGTTTCGTCAAGAG,PIP7,SingleNE
PIP7_AGTCACAATAGCGAACCTTTGGAGGTTT,PIP7,SingleNE
PIP7_AGTCACAATTAACGGAAAGGATAGATGT,PIP7,SingleNE
PIP7_AGTGCTTCAAACCGACAAAGGGGATTAC,PIP7,SingleNE
PIP7_AGTGCTTCAGAAACAAACACGGAGGTTT,PIP7,SingleNE
PIP7_AGTGCTTCAGACGTACCTTTAAATAGCA,PIP7,SingleNE
PIP7_AGTGCTTCCTGGTAAGGTAAGATGGTTA,PIP7,SingleNE
PIP7_AGTGCTTCGATTTCGATACCGGGAGATG,PIP7,SingleNE
PIP7_AGTGCTTCTAGTCTGTTCACTGGCTAGT,PIP7,SingleNE
PIP7_AGTGCTTCTCAAAGAACTGAGGCAAGGT,PIP7,SingleNE
PIP7_AGTGCTTCTCAAAGCTTTAGTGAATAGG,PIP7,SingleNE
PIP7_AGTGCTTCTTAACGTAAGGCGTCAGGTT,PIP7,SingleNE
PIP7_AGTTGAACAACTGAAGGAAATATGTGAA,PIP7,SingleNE
PIP7_AGTTGAACACTTCCCACAAGGCTAAGTT,PIP7,SingleNE
PIP7_AGTTGAACAGTGGAAGACGTATAGATGT,PIP7,SingleNE
PIP7_AGTTGAACCACAAGGACAATACTAGAGC,PIP7,SingleNE
PIP7_AGTTGAACCACATTCTATGGTATGTGAA,PIP7,SingleNE
PIP7_AGTTGAACCTGAAGACAACCTGAATAGG,PIP7,SingleNE
PIP7_AGTTGAACCTTGTTTACTCAAAATAGCA,PIP7,SingleNE
PIP7_AGTTGAACGAAAGGCCTAATTTAGCAAT,PIP7,SingleNE
PIP7_AGTTGAACGATTTCGTTCACGGGATTAC,PIP7,SingleNE
PIP7_AGTTGAACGGTTTCTTGGCATGCACCAG,PIP7,SingleNE
PIP7_AGTTGAACGTTCACAAAGGCAATATGAC,PIP7,SingleNE
PIP7_AGTTGAACTAACCCACAACCGTGGTGCT,PIP7,SingleNE
PIP7_AGTTGAACTAGTCTGTTCACACAGATAA,PIP7,SingleNE
PIP7_AGTTGAACTATTGGAAAGTGCGTGTACA,PIP7,SingleNE
PIP7_AGTTGAACTCGATTGAAGAAACAAGTAG,PIP7,SingleNE
PIP7_AGTTGAACTGAAAGATGTTGACAAGTAG,PIP7,SingleNE
PIP7_AGTTGAACTGAACCTCTACCATATGGGT,PIP7,SingleNE
PIP7_AGTTGAACTGGGTTTATTGGGAAAGACA,PIP7,SingleNE
PIP7_AGTTGAACTTGGCAGAAGAACCTTTACA,PIP7,SingleNE
PIP7_AGTTTGTAAAAGTGACAAAGTCCAGAAG,PIP7,SingleNE
PIP7_AGTTTGTAAATACCTATGCCCAAGGTAC,PIP7,SingleNE
PIP7_AGTTTGTAAATAGCCCTAATCGTGTACA,PIP7,SingleNE
PIP7_AGTTTGTAAGACGTAAGGTGGCTAAGTT,PIP7,SingleNE
PIP7_AGTTTGTAATCTGACACGAAACAGATAA,PIP7,SingleNE
PIP7_AGTTTGTACTATGGATCAACGTTCTGCT,PIP7,SingleNE
PIP7_AGTTTGTACTATGGGTAATCCGTGTGTT,PIP7,SingleNE
PIP7_AGTTTGTAGAAAGGTAGCGAGATGGTTA,PIP7,SingleNE
PIP7_AGTTTGTAGAAATCTGCTAGACCTGAAG,PIP7,SingleNE
PIP7_AGTTTGTAGACAATCTAAAGTGAATAGG,PIP7,SingleNE
PIP7_AGTTTGTAGTGATCGAAGAAACCACAGA,PIP7,SingleNE
PIP7_AGTTTGTAGTTAGTTGTAACATATGGGT,PIP7,SingleNE
PIP7_AGTTTGTAGTTGCTCTTTAGAACTGCCT,PIP7,SingleNE
PIP7_AGTTTGTATCGATTACAACCTGGGAATT,PIP7,SingleNE
PIP7_AGTTTGTATGCTAGTCAAAGGGCAAGGT,PIP7,SingleNE
PIP7_AGTTTGTATTGGTATCCATATGAATAGG,PIP7,SingleNE
PIP7_ATAAGCTAAAGAGACTGAAGCCATATGA,PIP7,SingleNE
PIP7_ATAAGCTAAAGGTGGTACAAACATGGAC,PIP7,SingleNE
PIP7_ATAAGCTAAGTTACATGTTGTGAATAGG,PIP7,SingleNE
PIP7_ATAAGCTACCAAATTGTATCTGCACCAG,PIP7,SingleNE
PIP7_ATAAGCTACTGGTATATTGGAGTAATGG,PIP7,SingleNE
PIP7_ATAAGCTAGAGATAGAAAGGATAACAGG,PIP7,SingleNE
PIP7_ATAAGCTAGCTCTTATGCACCCTTTACA,PIP7,SingleNE
PIP7_ATAAGCTAGTAGAGTCAGTCTCCAGAAG,PIP7,SingleNE
PIP7_ATAAGCTATATTGGAACTGAGCCTGGTA,PIP7,SingleNE
PIP7_ATAAGCTATGAAAGGAAAGGGCCTGGTA,PIP7,SingleNE
PIP7_ATAAGCTATGAACCAGGTAATGGTGTCT,PIP7,SingleNE
PIP7_ATACTCTCAAACACCAATACCCATATGA,PIP7,SingleNE
PIP7_ATACTCTCACAAAGTTGGCAGGAGGTTT,PIP7,SingleNE
PIP7_ATACTCTCATGCACCCTAATATAACAGG,PIP7,SingleNE
PIP7_ATACTCTCCATCTACTGGTAAAACTGTG,PIP7,SingleNE
PIP7_ATACTCTCCTAAAGCTTCCATATGTGAA,PIP7,SingleNE
PIP7_ATACTCTCCTTTAGCTATGGTGGAAAGC,PIP7,SingleNE
PIP7_ATACTCTCGAAATCGTTTGGTGGAAAGC,PIP7,SingleNE
PIP7_ATACTCTCGATGAAGACAATAAACTACA,PIP7,SingleNE
PIP7_ATACTCTCGATTTCAAGCTCGGGATTAC,PIP7,SingleNE
PIP7_ATACTCTCTGAAAGTACTCACACAACCT,PIP7,SingleNE
PIP7_ATACTCTCTGAACCAGTTACAAGGATGA,PIP7,SingleNE
PIP7_ATACTCTCTGCTAGATCTGAGGAGGTTT,PIP7,SingleNE
PIP7_ATACTCTCTGGGTTGTGATCTTCTAGGA,PIP7,SingleNE
PIP7_ATTACCTTAGTGGATCAGTCGCCTGGTA,PIP7,SingleNE
PIP7_ATTACCTTCTGAAGTGCTAGGCCTGGTA,PIP7,SingleNE
PIP7_ATTACCTTGAAATCGTTTGGAACAAATG,PIP7,SingleNE
PIP7_ATTACCTTGCACTACACAAGTGGAAAGC,PIP7,SingleNE
PIP7_ATTACCTTGTTTGGAGGTAAGTGGTGCT,PIP7,SingleNE
PIP7_ATTACCTTTCTGTGATCAACCGTGTACA,PIP7,SingleNE
PIP7_ATTTCCATAAAGACGAAGAACTCACATC,PIP7,SingleNE
PIP7_ATTTCCATACAACCGGTTTCTCATACCA,PIP7,SingleNE
PIP7_ATTTCCATACAGCAAAAGTGCCTTTACA,PIP7,SingleNE
PIP7_ATTTCCATACCTTTAGGAAAGGCAAGGT,PIP7,SingleNE
PIP7_ATTTCCATAGTGGATAAGGCCACAAGTA,PIP7,SingleNE
PIP7_ATTTCCATATCTGAACCATACCTTTGTC,PIP7,SingleNE
PIP7_ATTTCCATCAATACAAGGTGTCTGATTT,PIP7,SingleNE
PIP7_ATTTCCATCAATACCTGGTAATAACAGG,PIP7,SingleNE
PIP7_ATTTCCATCGCAAAAAGCACAATAAGGA,PIP7,SingleNE
PIP7_ATTTCCATGCTGTAACAGCAATAGATGT,PIP7,SingleNE
PIP7_ATTTCCATTGGGTTGATATGGTGGTGCT,PIP7,SingleNE
PIP7_CAAACATTAAACCGGTAGAGAATGTATG,PIP7,SingleNE
PIP7_CAAACATTCACATTGAAGAATAATGTGG,PIP7,SingleNE
PIP7_CAAACATTCTTGACATCTTCACATGGAC,PIP7,SingleNE
PIP7_CAAACATTCTTTAGACAGCAGTGGTGCT,PIP7,SingleNE
PIP7_CAAACATTGATATGTCTACCCCTATTTA,PIP7,SingleNE
PIP7_CAAACATTGGTTTCTAACCCCAAGGTAC,PIP7,SingleNE
PIP7_CAAACATTGTTGCTAGTTACATAACAGG,PIP7,SingleNE
PIP7_CAAACATTTAACCCTAAGGCGTCAAGAG,PIP7,SingleNE
PIP7_CAAACATTTAAGCCAAGCACAAAGAGGC,PIP7,SingleNE
PIP7_CAAACATTTCTGTGGTGATCGAAAGACA,PIP7,SingleNE
PIP7_CAAGGGTTAAACACCAAACAGATGTGGC,PIP7,SingleNE
PIP7_CAAGGGTTAAGAGATTGGCACAAGGGTT,PIP7,SingleNE
PIP7_CAAGGGTTAATACCGAAGAACGTGTGTT,PIP7,SingleNE
PIP7_CAAGGGTTACCTTTGTGATCATATGCAA,PIP7,SingleNE
PIP7_CAAGGGTTAGGAAAAGAAACCCTTTACA,PIP7,SingleNE
PIP7_CAAGGGTTCACAAGTATGCCTTTGCCAG,PIP7,SingleNE
PIP7_CAAGGGTTCACAAGTGAGAAACCAGTTT,PIP7,SingleNE
PIP7_CAAGGGTTCTATGGAGACGTTGCACCAG,PIP7,SingleNE
PIP7_CAAGGGTTCTGGTACACAAGGGGAGATG,PIP7,SingleNE
PIP7_CAAGGGTTGGTCTACACGAAAATAAGGA,PIP7,SingleNE
PIP7_CAAGGGTTGTACAAAGACGTGGGAGATG,PIP7,SingleNE
PIP7_CAAGGGTTGTTAGTACAGCATGGTGTCT,PIP7,SingleNE
PIP7_CAAGGGTTTAAGGCAGGTAACAAGGTAC,PIP7,SingleNE
PIP7_CAAGGGTTTACAGAAGACGTGACACAAA,PIP7,SingleNE
PIP7_CAAGGGTTTAGCGAGCTAAGGCCAACAT,PIP7,SingleNE
PIP7_CAAGGGTTTAGTCTTAAGGCGTTCTGCT,PIP7,SingleNE
PIP7_CAAGGGTTTGAACCAGGAAATACCTAAG,PIP7,SingleNE
PIP7_CAAGGGTTTTGGCATGCTAGGGTTAGGG,PIP7,SingleNE
PIP7_CAATTCTCAAACACCTTTAGCAAACATT,PIP7,SingleNE
PIP7_CAATTCTCAACTGATCTACCAAATAGCA,PIP7,SingleNE
PIP7_CAATTCTCATCAACGAACAGTGGCTAGT,PIP7,SingleNE
PIP7_CAATTCTCCACATTGACAATATATGCAA,PIP7,SingleNE
PIP7_CAATTCTCCCTAATTGAACCGAAAGACA,PIP7,SingleNE
PIP7_CAATTCTCCGCAAATAACCCAAACTGTG,PIP7,SingleNE
PIP7_CAATTCTCCTAAAGAAAGGCAATAAGGA,PIP7,SingleNE
PIP7_CAATTCTCCTTTAGGTGATCAAGGATGA,PIP7,SingleNE
PIP7_CAATTCTCGGTTTCAGGAAAGTCTAATC,PIP7,SingleNE
PIP7_CAATTCTCTAAGCCGTTTGGTCAAATGG,PIP7,SingleNE
PIP7_CAATTCTCTGAAAGATCTGACCTTTGTC,PIP7,SingleNE
PIP7_CAATTCTCTGAACCGTAATCCGTGGGAT,PIP7,SingleNE
PIP7_CACTAACCAAAGGCTCAAAGTCATACCA,PIP7,SingleNE
PIP7_CACTAACCAATACCGACAATTCCAGAAG,PIP7,SingleNE
PIP7_CACTAACCACAAAGGCGTTTACTAGAGC,PIP7,SingleNE
PIP7_CACTAACCACTTCCAAAGTGATATGGGT,PIP7,SingleNE
PIP7_CACTAACCAGTTACAAACACGGAGTAAG,PIP7,SingleNE
PIP7_CACTAACCATGCACTGGGTTTCATACCA,PIP7,SingleNE
PIP7_CACTAACCCAGTTGGTTGCTGGTTAGGG,PIP7,SingleNE
PIP7_CACTAACCCTTGTTGCACTAGTGGTGCT,PIP7,SingleNE
PIP7_CACTAACCGAAAGGTACAGAATAGATGT,PIP7,SingleNE
PIP7_CACTAACCGCTCTTACAAAGAGTAATGG,PIP7,SingleNE
PIP7_CACTAACCTGAACCAAGCTCGATGTGGC,PIP7,SingleNE
PIP7_CACTAACCTTAACGAAGCACCTGTTAAA,PIP7,SingleNE
PIP7_CACTAACCTTCGAAGTTGCTGTGGTGCT,PIP7,SingleNE
PIP7_CAGGTTGCAAACCGAAGGTGCGTGTACA,PIP7,SingleNE
PIP7_CAGGTTGCAGGTAACCAAATCACAAGTA,PIP7,SingleNE
PIP7_CAGGTTGCCGCAAAAATACCGTGGTGCT,PIP7,SingleNE
PIP7_CAGGTTGCCTGGTAAGGAAAAAATAGCA,PIP7,SingleNE
PIP7_CAGGTTGCGATTTCGATACCGCTAAGTT,PIP7,SingleNE
PIP7_CAGGTTGCGCACTAAACTGAACATGGAC,PIP7,SingleNE
PIP7_CAGGTTGCGGTTTCAAAGGCGGCAAGGT,PIP7,SingleNE
PIP7_CAGGTTGCGGTTTCGCTGTAACCAGTTT,PIP7,SingleNE
PIP7_CAGGTTGCTAACCCGTAGAGTGGCTAGT,PIP7,SingleNE
PIP7_CAGGTTGCTACAGAATCTGACGTGTACA,PIP7,SingleNE
PIP7_CAGGTTGCTCTGTGCCTAATTAATGTGG,PIP7,SingleNE
PIP7_CAGGTTGCTTAACGAATACCGGGAGATG,PIP7,SingleNE
PIP7_CAGGTTGCTTGGTAACAAAGAAGGATGA,PIP7,SingleNE
PIP7_CCACCTCTAAACACACCATATTGCATTC,PIP7,SingleNE
PIP7_CCACCTCTACAGCATTGGTAGTCAGGTT,PIP7,SingleNE
PIP7_CCACCTCTAGACGTTGCTTTATAGATGT,PIP7,SingleNE
PIP7_CCACCTCTCATCTAATCTGAAAAGAGGC,PIP7,SingleNE
PIP7_CCACCTCTCATCTAATGCACGTTCTGCT,PIP7,SingleNE
PIP7_CCACCTCTCCAAATCAGTTGACTAGAGC,PIP7,SingleNE
PIP7_CCACCTCTCTTCGATTGGTACCAGACAG,PIP7,SingleNE
PIP7_CCACCTCTGAAGAAAAAGTGAGTAATGG,PIP7,SingleNE
PIP7_CCACCTCTGCTCTTAGTGGACCTTTGTC,PIP7,SingleNE
PIP7_CCACCTCTGCTCTTATCTGAAAATAGCA,PIP7,SingleNE
PIP7_CCACCTCTTAGCGACTTCCATGGTGTCT,PIP7,SingleNE
PIP7_CCACCTCTTGCTAGAATAGCGATGGTTA,PIP7,SingleNE
PIP7_CCATCCACAAACCGTTAACGTCAAATGG,PIP7,SingleNE
PIP7_CCATCCACACAAAGAAGCTCGTTCTGCT,PIP7,SingleNE
PIP7_CCATCCACACAGCAGTAGAGGGCTATAA,PIP7,SingleNE
PIP7_CCATCCACACATGTCACGAACAAACATT,PIP7,SingleNE
PIP7_CCATCCACATGCACTGAGAAAGTTTGTA,PIP7,SingleNE
PIP7_CCATCCACCCTAATCTTTAGTCTGATTT,PIP7,SingleNE
PIP7_CCATCCACGCTAAGACCTTTGATGTGGC,PIP7,SingleNE
PIP7_CCATCCACGCTGTAGCTGTAAACAGAAC,PIP7,SingleNE
PIP7_CCATCCACGTTAGTGTAGAGGCCTGGTA,PIP7,SingleNE
PIP7_CCATCCACTAAGGCACAAAGATCAGGGA,PIP7,SingleNE
PIP7_CCATCCACTATTGGTGAACCGGGATTAC,PIP7,SingleNE
PIP7_CCATCCACTGAACCAAAGACCCAGACAG,PIP7,SingleNE
PIP7_CCATCCACTGAACCGAACAGTGGGAATT,PIP7,SingleNE
PIP7_CCATCCACTTGGTATGTATCCTGTTAAA,PIP7,SingleNE
PIP7_CCTACGCTAAAGACTGAAAGATCCTAGT,PIP7,SingleNE
PIP7_CCTACGCTAACTGAAACTGAGAAGATAT,PIP7,SingleNE
PIP7_CCTACGCTACAACCGCACTATGCACCAG,PIP7,SingleNE
PIP7_CCTACGCTAGAAACATGTTGGACACAAA,PIP7,SingleNE
PIP7_CCTACGCTAGACGTACATGTACAAGTAG,PIP7,SingleNE
PIP7_CCTACGCTAGTTACTTGGTAAAGGATGA,PIP7,SingleNE
PIP7_CCTACGCTCACATTCCTAATGCTAAGTT,PIP7,SingleNE
PIP7_CCTACGCTCTTCGAGAAATCTCTGATTT,PIP7,SingleNE
PIP7_CCTACGCTCTTGACAAACTCCAAGGTAC,PIP7,SingleNE
PIP7_CCTACGCTCTTTAGTAAGCCTGAATAGG,PIP7,SingleNE
PIP7_CCTACGCTTAAGGCACAGCACAAACATT,PIP7,SingleNE
PIP7_CCTACGCTTCAAAGTCTGTGAAACTACA,PIP7,SingleNE
PIP7_CCTATTTACCGTATACAAAGATCAGGGA,PIP7,SingleNE
PIP7_CCTATTTACCGTATTATGCCCACAACCT,PIP7,SingleNE
PIP7_CCTATTTAGATTTCTAAGGCACTAGAGC,PIP7,SingleNE
PIP7_CCTATTTAGATTTCTGTATCAACAAATG,PIP7,SingleNE
PIP7_CCTATTTATAGCGAAATAGCTCAAATGG,PIP7,SingleNE
PIP7_CCTATTTATGAGAAGTAATCGTTCTGCT,PIP7,SingleNE
PIP7_CCTCATGAACAGCAGCGTTTGACACAAA,PIP7,SingleNE
PIP7_CCTCATGAACTTCCGTAATCAGTTTGTA,PIP7,SingleNE
PIP7_CCTCATGACAGTTGGATACCATAACAGG,PIP7,SingleNE
PIP7_CCTCATGACGCAAACTGGTAGAGTGTAC,PIP7,SingleNE
PIP7_CCTCATGAGAAATCATGCACGATGGTTA,PIP7,SingleNE
PIP7_CCTCATGAGACAATAGAAGGCTCAAACA,PIP7,SingleNE
PIP7_CCTCATGAGTTCACATCTTCTCCAGAAG,PIP7,SingleNE
PIP7_CCTCATGAGTTCACCAAACAGAAGATAT,PIP7,SingleNE
PIP7_CCTCATGAGTTGCTAAGCACTTCTAGGA,PIP7,SingleNE
PIP7_CCTCATGAGTTTGGAATACCCACAAGTA,PIP7,SingleNE
PIP7_CCTTTACAACGGTTTTGGTAACCAGTTT,PIP7,SingleNE
PIP7_CCTTTACACACGAATACTCACTGTTAAA,PIP7,SingleNE
PIP7_CCTTTACACATCTAACAACCTATGTGAA,PIP7,SingleNE
PIP7_CCTTTACACCGTATCTTTAGAACAGAAC,PIP7,SingleNE
PIP7_CCTTTACAGATTTCTGAGAACCTTTGTC,PIP7,SingleNE
PIP7_CCTTTACAGTGATCTAGAACAATATGAC,PIP7,SingleNE
PIP7_CCTTTACATACAGATGAGAAAGTAGTTA,PIP7,SingleNE
PIP7_CCTTTGTCAAACCGACAACCTGGAAAGC,PIP7,SingleNE
PIP7_CCTTTGTCAATAGCCAGTTGCAAGGTAC,PIP7,SingleNE
PIP7_CCTTTGTCAGAAACTATTGGCTCAAACA,PIP7,SingleNE
PIP7_CCTTTGTCAGTGGAGTTCACGTCAGGTT,PIP7,SingleNE
PIP7_CCTTTGTCCCGTATCTTCGAATAACAGG,PIP7,SingleNE
PIP7_CCTTTGTCCTGGTAACAACCGTTCTGCT,PIP7,SingleNE
PIP7_CCTTTGTCGCACTAAAGGTGAACAAATG,PIP7,SingleNE
PIP7_CCTTTGTCGTACAAAAAGACAAACTGTG,PIP7,SingleNE
PIP7_CCTTTGTCTAGCGACTGAAGCCATATGA,PIP7,SingleNE
PIP7_CCTTTGTCTGCTAGCTTCCAACACCAAG,PIP7,SingleNE
PIP7_CTAACGCCAACTGAGTAGAGAGTTTGTA,PIP7,SingleNE
PIP7_CTAACGCCAAGCACACCATAAACAGAAC,PIP7,SingleNE
PIP7_CTAACGCCACAAAGAGTGGAGGGAGATG,PIP7,SingleNE
PIP7_CTAACGCCATCTGAACTTCCTGGTGTCT,PIP7,SingleNE
PIP7_CTAACGCCCACAAGTATGCCACTAGAGC,PIP7,SingleNE
PIP7_CTAACGCCCACGAATCCATAGCCTGGTA,PIP7,SingleNE
PIP7_CTAACGCCCAGTTGTAACCCCTCAAACA,PIP7,SingleNE
PIP7_CTAACGCCTAACCCTGCTAGACTAGAGC,PIP7,SingleNE
PIP7_CTAACGCCTACAGAAATACCCTCACATC,PIP7,SingleNE
PIP7_CTAACGCCTCTACCTCTACCATAGATGT,PIP7,SingleNE
PIP7_CTAGACTAAACTGAGGTTTCTAATGTGG,PIP7,SingleNE
PIP7_CTAGACTAAAGAGAATCAACAAACTACA,PIP7,SingleNE
PIP7_CTAGACTAAATACCACAAAGGGCTATAA,PIP7,SingleNE
PIP7_CTAGACTAAGACGTAAACACTCTGATTT,PIP7,SingleNE
PIP7_CTAGACTACACAAGTGGGTTAACAGAAC,PIP7,SingleNE
PIP7_CTAGACTACTATGGTACAGACCAGACAG,PIP7,SingleNE
PIP7_CTAGACTAGAACAGAAACACACCACAGA,PIP7,SingleNE
PIP7_CTAGACTAGAACAGCAGTTGAAATAGCA,PIP7,SingleNE
PIP7_CTAGACTAGGTCTAAAACACTTCTAGGA,PIP7,SingleNE
PIP7_CTAGACTAGTGATCCCTAATCAGTTTAA,PIP7,SingleNE
PIP7_CTCCTCCAAAGAGATCAAAGTTTGCCAG,PIP7,SingleNE
PIP7_CTCCTCCAAAGCACACAGCACCTATTTA,PIP7,SingleNE
PIP7_CTCCTCCAACAACCCTTGTTTCATACCA,PIP7,SingleNE
PIP7_CTCCTCCAATGCACAATAGCATATGGGT,PIP7,SingleNE
PIP7_CTCCTCCAATGCACGTAGAGCTGTTAAA,PIP7,SingleNE
PIP7_CTCCTCCACACAAGAGTGGATTGCATTC,PIP7,SingleNE
PIP7_CTCCTCCACACAAGGTTTGGAGTAGTTA,PIP7,SingleNE
PIP7_CTCCTCCAGATGAAAAACACCAAGGGTT,PIP7,SingleNE
PIP7_CTCCTCCAGCACTATAGCGACCTATTTA,PIP7,SingleNE
PIP7_CTCCTCCAGCGTTTTTAACGGGGTCATT,PIP7,SingleNE
PIP7_CTCCTCCAGCTAAGAGGTAAGGTTAGGG,PIP7,SingleNE
PIP7_CTCCTCCAGCTCTTTGAACCAAACTGTG,PIP7,SingleNE
PIP7_CTCCTCCAGTAATCGAACAGATCCTAGT,PIP7,SingleNE
PIP7_CTCCTCCAGTTAGTATCTTCGGCTATAA,PIP7,SingleNE
PIP7_CTCCTCCATAGTCTCTATGGCAAGGAAT,PIP7,SingleNE
PIP7_CTCCTCCATCTACCAGACGTGGGAGATG,PIP7,SingleNE
PIP7_CTGGGTATAGGTAATATGCCCACAACCT,PIP7,SingleNE
PIP7_CTGGGTATATGCACTACTCAGATGGTTA,PIP7,SingleNE
PIP7_CTGGGTATGAAAGGAATACCCCAGACAG,PIP7,SingleNE
PIP7_CTGGGTATGCGTTTCACGAAACCACAGA,PIP7,SingleNE
PIP7_CTGGGTATGGTCTAACAACCACCAGTTT,PIP7,SingleNE
PIP7_CTGGGTATGGTTTCGACAATAAATAGCA,PIP7,SingleNE
PIP7_CTGGGTATGTACAAGTAATCTCAAATGG,PIP7,SingleNE
PIP7_CTGGGTATTGCTTTGTTAGTTTGCATTC,PIP7,SingleNE
PIP7_CTGGGTATTGTATCGTAATCCAAGGGTT,PIP7,SingleNE
PIP7_CTGTGACCAAAGTGAAGCTCTCCAGAAG,PIP7,SingleNE
PIP7_CTGTGACCACATGTCTTCGAATCAGGGA,PIP7,SingleNE
PIP7_CTGTGACCACTTCCTAACCCAGTAATGG,PIP7,SingleNE
PIP7_CTGTGACCCCGTATAGTGGATGGAAAGC,PIP7,SingleNE
PIP7_CTGTGACCCCGTATCTAAAGGTTCTGCT,PIP7,SingleNE
PIP7_CTGTGACCCTTTAGTTGGCAAAACTACA,PIP7,SingleNE
PIP7_CTGTGACCGAACAGGAAGAAGACACAAA,PIP7,SingleNE
PIP7_CTGTGACCGAGATAGAAACCAAGGATGA,PIP7,SingleNE
PIP7_CTGTGACCGATATGGTGATCAGTTTGTA,PIP7,SingleNE
PIP7_CTGTGACCGGTCTAAGAAGGTACCTAAG,PIP7,SingleNE
PIP7_CTGTGACCGTAATCAAGCTCAACAAATG,PIP7,SingleNE
PIP7_CTGTGACCGTACAATAAGGCTGGCTAGT,PIP7,SingleNE
PIP7_CTGTGACCTATGCCATGCACAAACTACA,PIP7,SingleNE
PIP7_CTGTGACCTGCTTTGAAGAATGGAAAGC,PIP7,SingleNE
PIP7_CTGTGACCTGGGTTTAAGGCTTCTAGGA,PIP7,SingleNE
PIP7_CTGTGACCTGTATCACAAAGGGTTAGGG,PIP7,SingleNE
PIP7_CTGTGACCTGTATCTCAGTCCTCACATC,PIP7,SingleNE
PIP7_CTGTTAAAAAACCGCTGAAGCTGGGTAT,PIP7,SingleNE
PIP7_CTGTTAAAACAACCCTGAAGAGTTTGTA,PIP7,SingleNE
PIP7_CTGTTAAAAGAAGGGTACAAATAACAGG,PIP7,SingleNE
PIP7_CTGTTAAAAGTGGATCTACCTCAAATGG,PIP7,SingleNE
PIP7_CTGTTAAAAGTTACGAAATCCCTATTTA,PIP7,SingleNE
PIP7_CTGTTAAACACGAACTATGGCAAACATT,PIP7,SingleNE
PIP7_CTGTTAAATAAGGCGAAACCAAACTACA,PIP7,SingleNE
PIP7_CTGTTAAATATGCCTGTATCGAAAGACA,PIP7,SingleNE
PIP7_CTGTTAAATTCGAATAGCGAGTCAAGAG,PIP7,SingleNE
PIP7_CTGTTAAATTGGTAGCGTTTACCACAGA,PIP7,SingleNE
PIP7_CTGTTAAATTTCTCGTTCACGGCTATAA,PIP7,SingleNE
PIP7_CTGTTGTGTCTGTGTCTACCCTCACATC,PIP7,SingleNE
PIP7_CTGTTTCCAAACACAATACCAAACTACA,PIP7,SingleNE
PIP7_CTGTTTCCAACTGACTTGTTACAGATAA,PIP7,SingleNE
PIP7_CTGTTTCCACAAAGCTGGTAATAACAGG,PIP7,SingleNE
PIP7_CTGTTTCCACCTTTCTGAAGAGTAGTTA,PIP7,SingleNE
PIP7_CTGTTTCCACCTTTTAACCCAATATGAC,PIP7,SingleNE
PIP7_CTGTTTCCCACGAATTGGCACAAGGTAC,PIP7,SingleNE
PIP7_CTGTTTCCCCGTATGACAATGGGTCATT,PIP7,SingleNE
PIP7_CTGTTTCCCCGTATTGTATCGGCTATAA,PIP7,SingleNE
PIP7_CTGTTTCCGCTAAGAAAGACATCCTAGT,PIP7,SingleNE
PIP7_CTGTTTCCGTAGAGAAAGGCACTAGAGC,PIP7,SingleNE
PIP7_CTGTTTCCGTTGCTGTTCACCTGGGTAT,PIP7,SingleNE
PIP7_CTGTTTCCGTTTGGTGAACCATAGATGT,PIP7,SingleNE
PIP7_CTGTTTCCTAGCGAAAGAGATCCAGAAG,PIP7,SingleNE
PIP7_CTGTTTCCTCAGTCCACAAGCAAGGGTT,PIP7,SingleNE
PIP7_CTTAGTGTAAGCACCACGAAATAACAGG,PIP7,SingleNE
PIP7_CTTAGTGTAAGGTGCTGGTAGATGGTTA,PIP7,SingleNE
PIP7_CTTAGTGTAATACCCAGTTGTGAATAGG,PIP7,SingleNE
PIP7_CTTAGTGTAATAGCGTTTGGTCCAGAAG,PIP7,SingleNE
PIP7_CTTAGTGTAGTTACGCTAAGGTTCTGCT,PIP7,SingleNE
PIP7_CTTAGTGTCACATTTGTATCAGTTTGTA,PIP7,SingleNE
PIP7_CTTAGTGTCTAAAGGTACAAGCCTGGTA,PIP7,SingleNE
PIP7_CTTAGTGTGAAATCCTATGGAGTTTGTA,PIP7,SingleNE
PIP7_CTTAGTGTGTACAAAAAGACACCACAGA,PIP7,SingleNE
PIP7_CTTAGTGTTAAGGCCCAAATAATGTATG,PIP7,SingleNE
PIP7_CTTCTACGCTAAAGTTGGCAGGGTCATT,PIP7,SingleNE
PIP7_CTTCTACGCTTCGAATCTTCATAACAGG,PIP7,SingleNE
PIP7_CTTCTACGGAAGAATGTAACAACAAATG,PIP7,SingleNE
PIP7_CTTCTACGGAGATATGCTAGTCTGATTT,PIP7,SingleNE
PIP7_CTTCTACGGATATGTGAAAGACATGGAC,PIP7,SingleNE
PIP7_CTTCTACGGTTGCTTTGGTACAAACATT,PIP7,SingleNE
PIP7_CTTCTACGTCTGTGGTACAATATGTGAA,PIP7,SingleNE
PIP7_CTTCTACGTGGGTTGAAACCCAGTTTAA,PIP7,SingleNE
PIP7_CTTTATCCACATGTAGAAACTGCACCAG,PIP7,SingleNE
PIP7_CTTTATCCAGTTACAAAGTGCAAGGTAC,PIP7,SingleNE
PIP7_CTTTATCCATCTGATTAACGGATGCAGA,PIP7,SingleNE
PIP7_CTTTATCCGAAGAATTAACGATAGATGT,PIP7,SingleNE
PIP7_CTTTATCCGCACTAGTGATCTGGTGTCT,PIP7,SingleNE
PIP7_CTTTATCCGCTAAGGTAGAGACCACAGA,PIP7,SingleNE
PIP7_CTTTATCCGTAATCACCTTTTTGCATTC,PIP7,SingleNE
PIP7_CTTTATCCTCTACCTCCATATCCAGAAG,PIP7,SingleNE
PIP7_CTTTCACTAAACCGACAAAGTACTGAAT,PIP7,SingleNE
PIP7_CTTTCACTAAACCGGCTGTAGGAGTAAG,PIP7,SingleNE
PIP7_CTTTCACTACAACCACAAAGAAACTACA,PIP7,SingleNE
PIP7_CTTTCACTGAAAGGTAAGCCTCATACCA,PIP7,SingleNE
PIP7_CTTTCACTTACAGAAAAGGCGCTAAGTT,PIP7,SingleNE
PIP7_CTTTCACTTTCGAATGAGAACAAGGTAC,PIP7,SingleNE
PIP7_CTTTGGACAAAGGCGGTTTCATCAGGGA,PIP7,SingleNE
PIP7_CTTTGGACAGTTACAGACGTAAACTACA,PIP7,SingleNE
PIP7_CTTTGGACATCTGAAGACGTAACTGCCT,PIP7,SingleNE
PIP7_CTTTGGACATGCACCTGAAGTGGGAATT,PIP7,SingleNE
PIP7_CTTTGGACCATCTATGTATCCCAGACAG,PIP7,SingleNE
PIP7_CTTTGGACGTAATCCTTCCAGTCTGGAA,PIP7,SingleNE
PIP7_CTTTGGACTTCGAAAAAGGCACTAGAGC,PIP7,SingleNE
PIP7_CTTTGGACTTGGTAAGTTACACCACAGA,PIP7,SingleNE
PIP7_GAAATACGAGAAACTGAGAAAACTGCCT,PIP7,SingleNE
PIP7_GAAATACGATGTTGAGGTAAACCTGAAG,PIP7,SingleNE
PIP7_GAAATACGCCTAATGCTGTAAGTAATGG,PIP7,SingleNE
PIP7_GAAATACGCTTTAGTGCTTTTGGCTAGT,PIP7,SingleNE
PIP7_GAAATACGTATGCCTGCTAGACAAGTAG,PIP7,SingleNE
PIP7_GAAATACGTCTACCGAACAGACAAAGAT,PIP7,SingleNE
PIP7_GAAATACGTGAACCAAACCGCAGTTTAA,PIP7,SingleNE
PIP7_GAAATACGTGAGAACTTCGAGTTCTGCT,PIP7,SingleNE
PIP7_GAAATACGTGGGTTGTAGAGCAAGGTAC,PIP7,SingleNE
PIP7_GAAATACGTTCGAAGAAACCTCAAATGG,PIP7,SingleNE
PIP7_GACACCTGAAACCGTGAAAGCTCACATC,PIP7,SingleNE
PIP7_GACACCTGAAAGACCTTGTTCCATATGA,PIP7,SingleNE
PIP7_GACACCTGATCTGATACAGAGGGAGATG,PIP7,SingleNE
PIP7_GACACCTGCATCTAGATACCAACAAATG,PIP7,SingleNE
PIP7_GACACCTGCTGAAGTAACCCTGGCTAGT,PIP7,SingleNE
PIP7_GACACCTGGAACAGGTGATCCACAACCT,PIP7,SingleNE
PIP7_GACACCTGGAGATAACATGTGGCAAGGT,PIP7,SingleNE
PIP7_GACACCTGGATGAATGAGAAATCAGGGA,PIP7,SingleNE
PIP7_GACACCTGGCGTTTAGACGTCCTTTGTC,PIP7,SingleNE
PIP7_GACACCTGGTTAGTTAAGCCCTCAAACA,PIP7,SingleNE
PIP7_GACACCTGGTTGCTACCTTTGCTAAGTT,PIP7,SingleNE
PIP7_GACACCTGGTTTGGAGGTAACCTATTTA,PIP7,SingleNE
PIP7_GACACCTGTAGTCTATCAACGTGGTGCT,PIP7,SingleNE
PIP7_GACACCTGTGAAAGGAAATCACATGGAC,PIP7,SingleNE
PIP7_GACACCTGTGGGTTTGCTAGCGTGGGAT,PIP7,SingleNE
PIP7_GACACCTGTTAACGTAAGCCTGGTGTCT,PIP7,SingleNE
PIP7_GAGAAACCAAAGTGGTAGAGCCATATGA,PIP7,SingleNE
PIP7_GAGAAACCAACTGAAAGAGAAATAAGGA,PIP7,SingleNE
PIP7_GAGAAACCAATAGCACAACCGTGGTGCT,PIP7,SingleNE
PIP7_GAGAAACCACAAAGCTTCGAGGCAAGGT,PIP7,SingleNE
PIP7_GAGAAACCCACGAACCTAATACAGATAA,PIP7,SingleNE
PIP7_GAGAAACCCTAAAGCAAACAGATGGTTA,PIP7,SingleNE
PIP7_GAGAAACCGAAATCACATGTGAGTGTAC,PIP7,SingleNE
PIP7_GAGAAACCGAAATCTACTCAACCTGAAG,PIP7,SingleNE
PIP7_GAGAAACCGAGATACAAACAAACTGCCT,PIP7,SingleNE
PIP7_GAGAAACCGCGTTTCAGTTGGATGGTTA,PIP7,SingleNE
PIP7_GAGAAACCGTAATCCCAAATAAACTACA,PIP7,SingleNE
PIP7_GAGAAACCTAAGGCGACAATGGCAAGGT,PIP7,SingleNE
PIP7_GAGAAACCTATGCCAAACTCCTCACATC,PIP7,SingleNE
PIP7_GAGAAACCTCAGTCTAGCGATACCTAAG,PIP7,SingleNE
PIP7_GAGAAACCTTCGAAAGAAACGGAGGTTT,PIP7,SingleNE
PIP7_GAGGAGTGAGTGGATACAGATTAGCAAT,PIP7,SingleNE
PIP7_GAGGAGTGTAACCCGATATGATATGGGT,PIP7,SingleNE
PIP7_GAGGAGTGTAAGGCACAAAGGGGTCATT,PIP7,SingleNE
PIP7_GAGGAGTGTGAAAGAACTGAGCCAACAT,PIP7,SingleNE
PIP7_GAGGAGTGTGAACCTACAGATCATACCA,PIP7,SingleNE
PIP7_GAGGAGTGTTAACGCACAAGTCTGATTT,PIP7,SingleNE
PIP7_GAGGAGTGTTCGAAACAACCTGGCTAGT,PIP7,SingleNE
PIP7_GAGGGTCAAAACACCTTGTTCTCACATC,PIP7,SingleNE
PIP7_GAGGGTCAAATAGCAGAAACGCTATGGG,PIP7,SingleNE
PIP7_GAGGGTCAAATAGCTGCTTTGCTATGGG,PIP7,SingleNE
PIP7_GAGGGTCAACATGTAGACGTAAACTGTG,PIP7,SingleNE
PIP7_GAGGGTCAATCTGAAATAGCCTGGGTAT,PIP7,SingleNE
PIP7_GAGGGTCACATCTAAAGCACTACTGAAT,PIP7,SingleNE
PIP7_GAGGGTCACCAAATACAGCAGATGCAGA,PIP7,SingleNE
PIP7_GAGGGTCACCGTATAATACCTTAGCAAT,PIP7,SingleNE
PIP7_GAGGGTCACTAAAGCTGAAGACAAGTAG,PIP7,SingleNE
PIP7_GAGGGTCACTGGTAAGAAGGGGCAAGGT,PIP7,SingleNE
PIP7_GAGGGTCAGTTTGGAAGCTCAATATGAC,PIP7,SingleNE
PIP7_GAGGGTCATAGCGATGGGTTGGTTACAC,PIP7,SingleNE
PIP7_GAGGGTCATCAAAGGAAGAAGGGAGATG,PIP7,SingleNE
PIP7_GAGGGTCATCGATTATCTGACACAAGTA,PIP7,SingleNE
PIP7_GAGGGTCATGTATCCTTGTTCCAGACAG,PIP7,SingleNE
PIP7_GAGGGTCATTCGAAATGTTGACAGATAA,PIP7,SingleNE
PIP7_GAGTGTACAAAGTGAGTGGAAAACTACA,PIP7,SingleNE
PIP7_GAGTGTACCTTCGACTGGTAGATGCAGA,PIP7,SingleNE
PIP7_GAGTGTACGTAATCTAGAACAAGGATGA,PIP7,SingleNE
PIP7_GAGTGTACTCGATTTCAGTCGAAAGACA,PIP7,SingleNE
PIP7_GAGTGTACTCTGTGACATGTGAAGATAT,PIP7,SingleNE
PIP7_GAGTGTACTGGGTTGTAATCTCATACCA,PIP7,SingleNE
PIP7_GATGTGGCAAAGGCATCTTCTGGTGTCT,PIP7,SingleNE
PIP7_GATGTGGCACAACCTTGGTAAAACTGTG,PIP7,SingleNE
PIP7_GATGTGGCAGGAAATAAGCCGGCTATAA,PIP7,SingleNE
PIP7_GATGTGGCCTGGTAGTTGCTGACACAAA,PIP7,SingleNE
PIP7_GATGTGGCGAACAGAAAGACAAAGAGGC,PIP7,SingleNE
PIP7_GATGTGGCGAACAGGACAATACATGGAC,PIP7,SingleNE
PIP7_GATGTGGCGAGATACAAACAAACAGAAC,PIP7,SingleNE
PIP7_GATGTGGCGCTAAGGAAGAAGCTATGGG,PIP7,SingleNE
PIP7_GATGTGGCGGTCTACACGAAGATGCAGA,PIP7,SingleNE
PIP7_GATGTGGCTACAGATGAACCACCAGTTT,PIP7,SingleNE
PIP7_GATGTGGCTATTGGTGAACCCCTATTTA,PIP7,SingleNE
PIP7_GATTACTTAGTTACGATACCACAAGTAG,PIP7,SingleNE
PIP7_GATTACTTCACAAGAAAGACAGTAATGG,PIP7,SingleNE
PIP7_GATTACTTGAAATCCTTGTTGTCAGGTT,PIP7,SingleNE
PIP7_GATTACTTGCACTATGTATCAAATAGCA,PIP7,SingleNE
PIP7_GATTACTTGTAGAGAAACTCGTCTAATC,PIP7,SingleNE
PIP7_GATTACTTTATTGGCCTAATAGTAGTTA,PIP7,SingleNE
PIP7_GATTACTTTCTGTGGTACAATTGCATTC,PIP7,SingleNE
PIP7_GATTACTTTGCTAGCCTAATTCCTATAT,PIP7,SingleNE
PIP7_GATTACTTTTAACGTGTATCGAGTGTAC,PIP7,SingleNE
PIP7_GATTACTTTTTCTCCTTCCACAAACATT,PIP7,SingleNE
PIP7_GATTGGGAAAAGTGGCTGTAGATGCAGA,PIP7,SingleNE
PIP7_GATTGGGAACAACCCTGAAGGTCTAATC,PIP7,SingleNE
PIP7_GATTGGGAAGTTACTCAAAGAGTTTGTA,PIP7,SingleNE
PIP7_GATTGGGAATCTGAATCAACTCCTATAT,PIP7,SingleNE
PIP7_GATTGGGAATGCACGAAAGGATATGGGT,PIP7,SingleNE
PIP7_GATTGGGAGAAATCTCCATACTCAAACA,PIP7,SingleNE
PIP7_GATTGGGAGAACAGCTTTAGTTTGCCAG,PIP7,SingleNE
PIP7_GATTGGGAGAACAGTAACCCGGTTAGGG,PIP7,SingleNE
PIP7_GATTGGGAGTAGAGAAACTCACCTGAAG,PIP7,SingleNE
PIP7_GATTGGGAGTAGAGATGCACTAATGTGG,PIP7,SingleNE
PIP7_GATTGGGATATTGGAGTTACTCCAGAAG,PIP7,SingleNE
PIP7_GATTGGGATGAAAGTGAGAATGGAAAGC,PIP7,SingleNE
PIP7_GCCTGGTAACAAAGTCAGTCTTAGCAAT,PIP7,SingleNE
PIP7_GCCTGGTAACATGTCTGAAGACATGGAC,PIP7,SingleNE
PIP7_GCCTGGTAAGGAAACACGAAGGCTATAA,PIP7,SingleNE
PIP7_GCCTGGTACACATTGAAATCCCAGACAG,PIP7,SingleNE
PIP7_GCCTGGTACCGTATATCTGAGAGTGTAC,PIP7,SingleNE
PIP7_GCCTGGTACCGTATTACAGAACTAATTG,PIP7,SingleNE
PIP7_GCCTGGTAGTGATCCTGAAGATCAGGGA,PIP7,SingleNE
PIP7_GCCTGGTATCGATTCAAACAACAGATAA,PIP7,SingleNE
PIP7_GCCTGGTATGAACCAAGCTCGATGCAGA,PIP7,SingleNE
PIP7_GCCTGGTATGCTAGAACTGATACTGAAT,PIP7,SingleNE
PIP7_GCCTGGTATGGGTTAAGGTGTGGAAAGC,PIP7,SingleNE
PIP7_GCTTCTCCAAACACACCATAAATATGAC,PIP7,SingleNE
PIP7_GCTTCTCCAAAGGCATGTTGTGCACCAG,PIP7,SingleNE
PIP7_GCTTCTCCAATACCCTTTAGTCCTATAT,PIP7,SingleNE
PIP7_GCTTCTCCACTTCCAAAGACGGAGGTTT,PIP7,SingleNE
PIP7_GCTTCTCCAGAAACGGTTTCGTTCTGCT,PIP7,SingleNE
PIP7_GCTTCTCCATCAACCACAAGCAAGGGTT,PIP7,SingleNE
PIP7_GCTTCTCCATCTGATCTGTGTTCTAGGA,PIP7,SingleNE
PIP7_GCTTCTCCCACATTCTGAAGTTAGCAAT,PIP7,SingleNE
PIP7_GCTTCTCCCATCTAGTGATCCCTTTACA,PIP7,SingleNE
PIP7_GCTTCTCCCTATGGTACTCAGGCAAGGT,PIP7,SingleNE
PIP7_GCTTCTCCCTGAAGCAAACAAATAAGGA,PIP7,SingleNE
PIP7_GCTTCTCCGAAAGGTGCTAGCAAACATT,PIP7,SingleNE
PIP7_GCTTCTCCGATTTCCTATGGGGGATTAC,PIP7,SingleNE
PIP7_GCTTCTCCGCGTTTAAGCTCGGAGGTTT,PIP7,SingleNE
PIP7_GCTTCTCCGGTCTAAAAGGCGGAGTAAG,PIP7,SingleNE
PIP7_GCTTCTCCTGCTTTGAACAGGAAGATAT,PIP7,SingleNE
PIP7_GTAAACAAAAACACTGGGTTTCAAATGG,PIP7,SingleNE
PIP7_GTAAACAAACCTTTGTTGCTGAAAGACA,PIP7,SingleNE
PIP7_GTAAACAAAGACGTATGCACTGGCTAGT,PIP7,SingleNE
PIP7_GTAAACAAATCAACGATATGCAGTTTAA,PIP7,SingleNE
PIP7_GTAAACAACTTCGATAGCGAGGTTAGGG,PIP7,SingleNE
PIP7_GTAAACAACTTTAGGTTTGGCAAACATT,PIP7,SingleNE
PIP7_GTAAACAAGATTTCATGCACTAATGTGG,PIP7,SingleNE
PIP7_GTAAACAAGTTGCTTGAAAGAATGTATG,PIP7,SingleNE
PIP7_GTAAACAATCTACCCAATACCGTGGGAT,PIP7,SingleNE
PIP7_GTAAACAATCTGTGTGGGTTCGTGTGTT,PIP7,SingleNE
PIP7_GTAAACAATGCTTTCACGAAGTTCTGCT,PIP7,SingleNE
PIP7_GTCCACTAAATAGCAAGGTGCTCAAACA,PIP7,SingleNE
PIP7_GTCCACTAAGAAACATGTTGGTCAGGTT,PIP7,SingleNE
PIP7_GTCCACTAAGTGGAGTTCACTTAGCAAT,PIP7,SingleNE
PIP7_GTCCACTACCGTATTACAGAAGTAATGG,PIP7,SingleNE
PIP7_GTCCACTACTTGACAAAGTGCAAGGTAC,PIP7,SingleNE
PIP7_GTCCACTAGAAAGGTAAGCCCAAGGTAC,PIP7,SingleNE
PIP7_GTCCACTAGAAGAACACATTGCCTGGTA,PIP7,SingleNE
PIP7_GTCCACTAGATATGCCAAATTTAGCAAT,PIP7,SingleNE
PIP7_GTCCACTAGATTTCAAGGTGTTTGCCAG,PIP7,SingleNE
PIP7_GTCCACTAGATTTCCAAACAAGTAATGG,PIP7,SingleNE
PIP7_GTCCACTAGCTAAGCCTAATGTCTGGAA,PIP7,SingleNE
PIP7_GTCCACTAGCTAAGCTTGACTTGCATTC,PIP7,SingleNE
PIP7_GTCCACTAGTTTGGGTAATCAAACTACA,PIP7,SingleNE
PIP7_GTCCACTATAACCCAAACTCGACACAAA,PIP7,SingleNE
PIP7_GTCCACTATTGGTAAATACCGATGGTTA,PIP7,SingleNE
PIP7_GTCCTTGCAAACACTAAGCCGAAGATAT,PIP7,SingleNE
PIP7_GTCCTTGCAATAGCGGTTTCAAATAGCA,PIP7,SingleNE
PIP7_GTCCTTGCACAGCACAGTTGAAACTGTG,PIP7,SingleNE
PIP7_GTCCTTGCAGTGGATCTACCGTGGTGCT,PIP7,SingleNE
PIP7_GTCCTTGCATCTGAAAAGTGTGGTGTCT,PIP7,SingleNE
PIP7_GTCCTTGCATGCACACATGTAAACTACA,PIP7,SingleNE
PIP7_GTCCTTGCCAATACACCATAAATATGAC,PIP7,SingleNE
PIP7_GTCCTTGCCACAAGACAAAGATATGGGT,PIP7,SingleNE
PIP7_GTCCTTGCCGCAAAACAGCATAATGTGG,PIP7,SingleNE
PIP7_GTCCTTGCCTGGTAGATACCCACAACCT,PIP7,SingleNE
PIP7_GTCCTTGCGTTTGGTCTGTGCAGTTTAA,PIP7,SingleNE
PIP7_GTCCTTGCGTTTGGTGGGTTAATGTATG,PIP7,SingleNE
PIP7_GTCCTTGCTAAGGCGTTGCTCTGTTAAA,PIP7,SingleNE
PIP7_GTCCTTGCTCTACCACTTCCGGTTAGGG,PIP7,SingleNE
PIP7_GTCTAATCAAAGACTCAAAGACACCAAG,PIP7,SingleNE
PIP7_GTCTAATCCACGAACACGAAGTGGTGCT,PIP7,SingleNE
PIP7_GTCTAATCCTATGGGAAGAATCAAATGG,PIP7,SingleNE
PIP7_GTCTAATCGCGTTTGACAATATCAGGGA,PIP7,SingleNE
PIP7_GTCTAATCGGTTTCGAAACCTCCTATAT,PIP7,SingleNE
PIP7_GTCTAATCGTACAAGATATGGACACAAA,PIP7,SingleNE
PIP7_GTCTAATCGTTTGGTAAGGCAAACTACA,PIP7,SingleNE
PIP7_GTCTAATCTAGTCTCACAAGATATGGGT,PIP7,SingleNE
PIP7_GTCTAATCTCTGTGGAAGAACGTGTACA,PIP7,SingleNE
PIP7_GTCTAATCTGAAAGTTGGCAAAACTACA,PIP7,SingleNE
PIP7_GTCTTCCTAACTGAAGGTAAGATGTGGC,PIP7,SingleNE
PIP7_GTCTTCCTATCAACAAACCGTCTGATTT,PIP7,SingleNE
PIP7_GTCTTCCTATGTTGAAAGGCCCAGACAG,PIP7,SingleNE
PIP7_GTCTTCCTCACGAAAAACACGGCTATAA,PIP7,SingleNE
PIP7_GTCTTCCTGCTAAGTGAACCGATGTGGC,PIP7,SingleNE
PIP7_GTCTTCCTGCTCTTTGCTAGCAGTTTAA,PIP7,SingleNE
PIP7_GTCTTCCTGTAATCGTGATCAACAAATG,PIP7,SingleNE
PIP7_GTCTTCCTGTAATCGTGATCCGTGGGAT,PIP7,SingleNE
PIP7_GTCTTCCTGTACAAGTGATCCCTTTGTC,PIP7,SingleNE
PIP7_GTCTTCCTGTTGCTAGAAACGGGTCATT,PIP7,SingleNE
PIP7_GTCTTCCTTGAACCCTTCGAAGTAATGG,PIP7,SingleNE
PIP7_GTCTTCCTTGAGAAATGCACTGAATAGG,PIP7,SingleNE
PIP7_GTCTTCCTTGAGAAGAAGAAAACAGAAC,PIP7,SingleNE
PIP7_GTCTTCCTTGGGTTACCATAAATGTATG,PIP7,SingleNE
PIP7_GTCTTCCTTTGGCATGCTAGTGGTGTCT,PIP7,SingleNE
PIP7_GTCTTCCTTTGGTAAGACGTGATGGTTA,PIP7,SingleNE
PIP7_GTGAACTCACTTCCGTAGAGACTAATTG,PIP7,SingleNE
PIP7_GTGAACTCCTAAAGTATTGGACCTGAAG,PIP7,SingleNE
PIP7_GTGAACTCCTTGACTCAGTCTGGGAATT,PIP7,SingleNE
PIP7_GTGAACTCGCTGTAGTTAGTAAAGAGGC,PIP7,SingleNE
PIP7_GTGAACTCGTAATCATGTTGAATATGAC,PIP7,SingleNE
PIP7_GTGAACTCTCTGTGCAAACAGTGGTGCT,PIP7,SingleNE
PIP7_GTGAACTCTGAGAAGATATGTACCTAAG,PIP7,SingleNE
PIP7_GTGAGGCAACATGTGCGTTTAAAGAGGC,PIP7,SingleNE
PIP7_GTGAGGCACAATACGACAATTCCAGAAG,PIP7,SingleNE
PIP7_GTGAGGCACCAAATCTAAAGACAAGTAG,PIP7,SingleNE
PIP7_GTGAGGCACTGGTAGAAACCGGGAGATG,PIP7,SingleNE
PIP7_GTGAGGCAGATTTCGTGATCTCCAGAAG,PIP7,SingleNE
PIP7_GTGAGGCAGGTCTAAAACCGAACTGCCT,PIP7,SingleNE
PIP7_GTGAGGCATAAGCCTCTACCCGTGTGTT,PIP7,SingleNE
PIP7_GTGAGGCATAGTCTTGAGAAAAACTACA,PIP7,SingleNE
PIP7_GTGAGGCATGTATCCCTAATGTCTAATC,PIP7,SingleNE
PIP7_GTGAGGCATTTCTCTGAAAGCCTTTGTC,PIP7,SingleNE
PIP7_GTGGTGCTACAGCATAACCCCTGGGTAT,PIP7,SingleNE
PIP7_GTGGTGCTACATGTACCTTTGGGAGATG,PIP7,SingleNE
PIP7_GTGGTGCTACGGTTGTTCACTGGCTAGT,PIP7,SingleNE
PIP7_GTGGTGCTAGAAACCAAACAGAGTGTAC,PIP7,SingleNE
PIP7_GTGGTGCTCTATGGAAGAGAACCAGTTT,PIP7,SingleNE
PIP7_GTGGTGCTCTTGACGAAAGGCAAACATT,PIP7,SingleNE
PIP7_GTGGTGCTCTTTAGTGAGAAGGGAGATG,PIP7,SingleNE
PIP7_GTGGTGCTGATGAAAGTTACACATGGAC,PIP7,SingleNE
PIP7_GTGGTGCTGATTTCGCTGTAACATGGAC,PIP7,SingleNE
PIP7_GTGGTGCTGTAGAGGCTAAGGAGTGTAC,PIP7,SingleNE
PIP7_GTGGTGCTGTTGCTGTTAGTTGCACCAG,PIP7,SingleNE
PIP7_GTGGTGCTTAACCCGTGATCGGTTACAC,PIP7,SingleNE
PIP7_GTGGTGCTTTGGCAGAAACCAAACTGTG,PIP7,SingleNE
PIP7_GTGTCACCAAACCGTGAACCGTGGTGCT,PIP7,SingleNE
PIP7_GTGTCACCAACTGAACAAAGTGGCTAGT,PIP7,SingleNE
PIP7_GTGTCACCAAGAGAAAGCTCCAAGGTAC,PIP7,SingleNE
PIP7_GTGTCACCAAGCACAAGCTCCGTGTACA,PIP7,SingleNE
PIP7_GTGTCACCACATGTAGTGGAGACACAAA,PIP7,SingleNE
PIP7_GTGTCACCAGGAAAGATACCCGTGGGAT,PIP7,SingleNE
PIP7_GTGTCACCATCTGATGAGAACCTATTTA,PIP7,SingleNE
PIP7_GTGTCACCGATGAAGATATGTTGCATTC,PIP7,SingleNE
PIP7_GTGTCACCGGTTTCAAAGGCACAAGTAG,PIP7,SingleNE
PIP7_GTGTCACCTATGCCTTAACGATCAGGGA,PIP7,SingleNE
PIP7_GTTCTGCTAAAGACGCACTAACTAATTG,PIP7,SingleNE
PIP7_GTTCTGCTAATAGCTTGGCAACTAGAGC,PIP7,SingleNE
PIP7_GTTCTGCTACAACCTGGGTTGAAGATAT,PIP7,SingleNE
PIP7_GTTCTGCTAGTTACAGACGTCCTATTTA,PIP7,SingleNE
PIP7_GTTCTGCTCACAAGATGTTGGTGGTGCT,PIP7,SingleNE
PIP7_GTTCTGCTCTATGGCACATTCCTTTACA,PIP7,SingleNE
PIP7_GTTCTGCTCTTTAGCTGAAGCACAACCT,PIP7,SingleNE
PIP7_GTTCTGCTGATTTCCTGAAGGGTTACAC,PIP7,SingleNE
PIP7_GTTCTGCTGCTAAGCTTGACGTCAGGTT,PIP7,SingleNE
PIP7_GTTCTGCTGTTGCTGCACTATGCACCAG,PIP7,SingleNE
PIP7_GTTCTGCTGTTTGGAAGAGAACCAGTTT,PIP7,SingleNE
PIP7_GTTCTGCTGTTTGGACCTTTATGCATAT,PIP7,SingleNE
PIP7_GTTCTGCTTAACCCCTATGGTACTGAAT,PIP7,SingleNE
PIP7_GTTCTGCTTCAAAGACAGCACGTGTACA,PIP7,SingleNE
PIP7_GTTCTGCTTTCGAAACAACCGCCAACAT,PIP7,SingleNE
PIP7_GTTCTGCTTTGGTACTGGTAGTCAGGTT,PIP7,SingleNE
PIP7_GTTCTGCTTTTCTCGTTAGTGGCAAGGT,PIP7,SingleNE
PIP7_GTTGTCCGAAGGTGAGACGTTGGGAATT,PIP7,SingleNE
PIP7_GTTGTCCGATCAACGTAATCCCTTTACA,PIP7,SingleNE
PIP7_GTTGTCCGCACAAGTGCTTTTAATGTGG,PIP7,SingleNE
PIP7_GTTGTCCGCCTAATTCTACCCAAGGGTT,PIP7,SingleNE
PIP7_GTTGTCCGGAAAGGGGTTTCTCATACCA,PIP7,SingleNE
PIP7_GTTGTCCGGTTTGGGATATGCGTGTACA,PIP7,SingleNE
PIP7_GTTGTCCGTTGGCATGCTAGGATGTGGC,PIP7,SingleNE
PIP7_TAACTTCTACAAAGACAGCACCTTTACA,PIP7,SingleNE
PIP7_TAACTTCTACTTCCTGAACCCGTGTGTT,PIP7,SingleNE
PIP7_TAACTTCTATCTGAAGACGTAACAAATG,PIP7,SingleNE
PIP7_TAACTTCTGACAATGAAATCGATGTGGC,PIP7,SingleNE
PIP7_TAACTTCTGTTGCTCACATTAAGGATGA,PIP7,SingleNE
PIP7_TAACTTCTTCAAAGCTTGACTTCTAGGA,PIP7,SingleNE
PIP7_TAACTTCTTTCGAAAGGTAAAACAAATG,PIP7,SingleNE
PIP7_TAACTTCTTTGGCAGCGTTTAAACTGTG,PIP7,SingleNE
PIP7_TACTGAATAAACCGTAAGGCAAAGAGGC,PIP7,SingleNE
PIP7_TACTGAATACAAAGTTCCAGGGTTAGGG,PIP7,SingleNE
PIP7_TACTGAATACCTTTAAAGGCTAATGTGG,PIP7,SingleNE
PIP7_TACTGAATACGGTTCTTGACAGTTTGTA,PIP7,SingleNE
PIP7_TACTGAATCACAAGCTTGACTCAAATGG,PIP7,SingleNE
PIP7_TACTGAATCTATGGACCTTTCAAGGAAT,PIP7,SingleNE
PIP7_TACTGAATGAAATCGATATGAACAAATG,PIP7,SingleNE
PIP7_TACTGAATGGTTTCAACTGAGGTTAGGG,PIP7,SingleNE
PIP7_TACTGAATGTAATCACAACCGGCAAGGT,PIP7,SingleNE
PIP7_TACTGAATGTTGCTATCTTCACACCAAG,PIP7,SingleNE
PIP7_TACTGAATTACAGACAAACATGAATAGG,PIP7,SingleNE
PIP7_TACTGAATTCTACCGTTAGTGGGTCATT,PIP7,SingleNE
PIP7_TACTGAATTGAGAACTGAAGGATGTGGC,PIP7,SingleNE
PIP7_TACTGAATTGAGAATTAACGTACTGAAT,PIP7,SingleNE
PIP7_TACTGAATTGCTTTAGTTACGAAGATAT,PIP7,SingleNE
PIP7_TAGCCACAAAAGACGAACAGAAATAGCA,PIP7,SingleNE
PIP7_TAGCCACAAATAGCGTTGCTTGGAAAGC,PIP7,SingleNE
PIP7_TAGCCACAACTTCCCAAACAAGTAATGG,PIP7,SingleNE
PIP7_TAGCCACAAGAAACGTTTGGTCCAGAAG,PIP7,SingleNE
PIP7_TAGCCACACTGAAGCCAAATGCCTGGTA,PIP7,SingleNE
PIP7_TAGCCACATAAGCCGACAATGGTTACAC,PIP7,SingleNE
PIP7_TAGCCACATATTGGTAGAACCTGTTAAA,PIP7,SingleNE
PIP7_TAGTCTCTAAACCGGGTTTCATGCATAT,PIP7,SingleNE
PIP7_TAGTCTCTAAGGTGTCCATACCATATGA,PIP7,SingleNE
PIP7_TAGTCTCTACCTTTTAAGCCTGGTGTCT,PIP7,SingleNE
PIP7_TAGTCTCTAGTTACTTGGCAATCCTAGT,PIP7,SingleNE
PIP7_TAGTCTCTATCTGACAAACACGTGGGAT,PIP7,SingleNE
PIP7_TAGTCTCTCACATTTCAAAGCCTATTTA,PIP7,SingleNE
PIP7_TAGTCTCTCAGTTGCAATACGGGATTAC,PIP7,SingleNE
PIP7_TAGTCTCTCATCTACTGGTACTCAAACA,PIP7,SingleNE
PIP7_TAGTCTCTCCGTATAACTGAGAAAGACA,PIP7,SingleNE
PIP7_TAGTCTCTCTTCGATCAGTCGTCAGGTT,PIP7,SingleNE
PIP7_TAGTCTCTCTTGTTAGTTACGATGGTTA,PIP7,SingleNE
PIP7_TAGTCTCTGATATGGCTGTATCTGATTT,PIP7,SingleNE
PIP7_TAGTCTCTGATGAATAGAACACAGATAA,PIP7,SingleNE
PIP7_TAGTCTCTTAAGGCATCAACTGCACCAG,PIP7,SingleNE
PIP7_TAGTCTCTTCAGTCCTTGACGAAAGACA,PIP7,SingleNE
PIP7_TAGTCTCTTTCGAAACATGTAATGTATG,PIP7,SingleNE
PIP7_TAGTCTCTTTGGCAGTTAGTACCACAGA,PIP7,SingleNE
PIP7_TATCCACGAAAGTGGTACAACAAACATT,PIP7,SingleNE
PIP7_TATCCACGAAGCACATGCACGATGCAGA,PIP7,SingleNE
PIP7_TATCCACGACGGTTGTAGAGTGGGAATT,PIP7,SingleNE
PIP7_TATCCACGACTTCCCTAAAGGGAGGTTT,PIP7,SingleNE
PIP7_TATCCACGCTATGGAAGAGATCATACCA,PIP7,SingleNE
PIP7_TATCCACGGCTCTTCTTCCACGTGTACA,PIP7,SingleNE
PIP7_TATCCACGGTTAGTACAACCTATGTGAA,PIP7,SingleNE
PIP7_TATCCACGTAGTCTAAGGTGAAACTGTG,PIP7,SingleNE
PIP7_TATCCACGTGAGAAGTACAATGGCTAGT,PIP7,SingleNE
PIP7_TATCCACGTGTATCTACTCACCAGACAG,PIP7,SingleNE
PIP7_TATCCACGTTAACGTCTGTGGGGATTAC,PIP7,SingleNE
PIP7_TATCCACGTTCGAATCTACCTATGTGAA,PIP7,SingleNE
PIP7_TATCTGTCAAAGGCAGAAACTAATGTGG,PIP7,SingleNE
PIP7_TATCTGTCAGAAGGTAACCCTCAAATGG,PIP7,SingleNE
PIP7_TATCTGTCCTATGGCTAAAGATCAGGGA,PIP7,SingleNE
PIP7_TATCTGTCGAAAGGGTTCACTTGCATTC,PIP7,SingleNE
PIP7_TATCTGTCGTACAAGACAATGGAGTAAG,PIP7,SingleNE
PIP7_TATCTGTCTATTGGTCAAAGCAAGGGTT,PIP7,SingleNE
PIP7_TATCTGTCTGCTAGTGCTTTTCATACCA,PIP7,SingleNE
PIP7_TATCTGTCTTCGAAAGTGGATTGCATTC,PIP7,SingleNE
PIP7_TATCTGTCTTGGTATGCTAGTGGTGTCT,PIP7,SingleNE
PIP7_TATGTGAAAAACACTAACCCAAACTGTG,PIP7,SingleNE
PIP7_TATGTGAAAACTGAAATACCATATGGGT,PIP7,SingleNE
PIP7_TATGTGAAAAGCACCACGAATTCTAGGA,PIP7,SingleNE
PIP7_TATGTGAAACAACCCACATTGTGGTGCT,PIP7,SingleNE
PIP7_TATGTGAAACAGCACACATTAGTTTGTA,PIP7,SingleNE
PIP7_TATGTGAACACGAATACTCAGTCTGGAA,PIP7,SingleNE
PIP7_TATGTGAACATCTAAAACCGATCCTAGT,PIP7,SingleNE
PIP7_TATGTGAAGAAAGGCTGAAGATCCTAGT,PIP7,SingleNE
PIP7_TATGTGAAGAACAGACCTTTTCAAATGG,PIP7,SingleNE
PIP7_TATGTGAAGAGATAGTACAACTGGGTAT,PIP7,SingleNE
PIP7_TATGTGAAGATGAAACCTTTTATGTGAA,PIP7,SingleNE
PIP7_TATGTGAATAAGCCACTTCCTTAGCAAT,PIP7,SingleNE
PIP7_TATGTGAATATTGGAGAAACAAACTGTG,PIP7,SingleNE
PIP7_TATGTGAATTCGAATGAACCAGTTTGTA,PIP7,SingleNE
PIP7_TCCGACACAAACACACCATAACAGATAA,PIP7,SingleNE
PIP7_TCCGACACAAACCGAAGCTCGAAAGACA,PIP7,SingleNE
PIP7_TCCGACACAAACCGGCTAAGGCCAACAT,PIP7,SingleNE
PIP7_TCCGACACAAAGACCTTGTTCCAGACAG,PIP7,SingleNE
PIP7_TCCGACACAATACCCTGAAGTATGTGAA,PIP7,SingleNE
PIP7_TCCGACACACGGTTAGTGGATTGCATTC,PIP7,SingleNE
PIP7_TCCGACACAGAAACGAAAGGGGTTAGGG,PIP7,SingleNE
PIP7_TCCGACACAGTTACCTGGTACGTGTACA,PIP7,SingleNE
PIP7_TCCGACACAGTTACTCAAAGCAAGGTAC,PIP7,SingleNE
PIP7_TCCGACACCCTAATGCTGTAATCCTAGT,PIP7,SingleNE
PIP7_TCCGACACCTTGTTAACTGAAACAAATG,PIP7,SingleNE
PIP7_TCCGACACGAAAGGCTTGTTTCCTATAT,PIP7,SingleNE
PIP7_TCCGACACGCTCTTACAACCTGGAAAGC,PIP7,SingleNE
PIP7_TCCGACACGCTCTTACCTTTGAAAGACA,PIP7,SingleNE
PIP7_TCCGACACGCTCTTGTACAAAATAAGGA,PIP7,SingleNE
PIP7_TCCGACACGCTCTTTGCTAGGATGGTTA,PIP7,SingleNE
PIP7_TCCGACACGCTGTAGTTTGGGTCTGGAA,PIP7,SingleNE
PIP7_TCCGACACGTTTGGTCAAAGACCTGAAG,PIP7,SingleNE
PIP7_TCCTATATAATAGCAGGTAATGGGAATT,PIP7,SingleNE
PIP7_TCCTATATTAACCCCCAAATAACTGCCT,PIP7,SingleNE
PIP7_TCCTATATTAGTCTGTTCACAATGTATG,PIP7,SingleNE
PIP7_TCCTATATTATGCCGTTTGGTACTGAAT,PIP7,SingleNE
PIP7_TCTAAACTAAACCGACCATAAAACTACA,PIP7,SingleNE
PIP7_TCTAAACTAATACCGAACAGGTCTGGAA,PIP7,SingleNE
PIP7_TCTAAACTACAAAGGTACAACTGGGTAT,PIP7,SingleNE
PIP7_TCTAAACTAGAAGGAGGAAAGGAGGTTT,PIP7,SingleNE
PIP7_TCTAAACTATGCACAGACGTGGCAAGGT,PIP7,SingleNE
PIP7_TCTAAACTGTACAAGTGATCTAATGTGG,PIP7,SingleNE
PIP7_TCTAAACTTCTACCTACTCATCAAATGG,PIP7,SingleNE
PIP7_TCTAAACTTGAGAAAAACTCTGAATAGG,PIP7,SingleNE
PIP7_TCTAAACTTTAACGATGTTGTGGAAAGC,PIP7,SingleNE
PIP7_TCTAAACTTTAACGCCTAATTGGAAAGC,PIP7,SingleNE
PIP7_TCTATTCCAAACCGAAGCACCTCAAACA,PIP7,SingleNE
PIP7_TCTATTCCAAGAGAGAACAGAAAGAGGC,PIP7,SingleNE
PIP7_TCTATTCCAGAAGGTGCTAGCCATATGA,PIP7,SingleNE
PIP7_TCTATTCCCCAAATTCTGTGTATGTGAA,PIP7,SingleNE
PIP7_TCTATTCCCTGGTATTAACGGGTTAGGG,PIP7,SingleNE
PIP7_TCTATTCCGAAAGGTTGGTACTCAAACA,PIP7,SingleNE
PIP7_TCTATTCCGATATGTTCCAGAAAGAGGC,PIP7,SingleNE
PIP7_TCTATTCCGATGAATAACCCTACCTAAG,PIP7,SingleNE
PIP7_TCTATTCCGCACTAGATATGTACTGAAT,PIP7,SingleNE
PIP7_TCTATTCCGGTCTAGACAATCTGGGTAT,PIP7,SingleNE
PIP7_TCTATTCCGTAATCAGGTAATTAGCAAT,PIP7,SingleNE
PIP7_TCTATTCCGTACAAAGAAGGTGGCTAGT,PIP7,SingleNE
PIP7_TCTATTCCTGAAAGATGCACACCACAGA,PIP7,SingleNE
PIP7_TCTATTCCTGAAAGTGAGAAGACACAAA,PIP7,SingleNE
PIP7_TCTATTCCTGGGTTAAGCTCACCAGTTT,PIP7,SingleNE
PIP7_TCTTTGACAAAGTGCAAACAGTGGTGCT,PIP7,SingleNE
PIP7_TCTTTGACAACTGATAGAACGATGCAGA,PIP7,SingleNE
PIP7_TCTTTGACAGGTAAATGTTGATAGATGT,PIP7,SingleNE
PIP7_TCTTTGACAGGTAATGTAACGGGAGATG,PIP7,SingleNE
PIP7_TCTTTGACGATATGTCTGTGCCTTTGTC,PIP7,SingleNE
PIP7_TCTTTGACGTAATCACAAAGAGTAATGG,PIP7,SingleNE
PIP7_TCTTTGACGTAGAGTACTCATGGTGTCT,PIP7,SingleNE
PIP7_TCTTTGACGTTCACGAAAGGACAAGTAG,PIP7,SingleNE
PIP7_TGCTTCATAAGCACGCACTACTGTTAAA,PIP7,SingleNE
PIP7_TGCTTCATACGGTTGTTAGTGAAAGACA,PIP7,SingleNE
PIP7_TGCTTCATATGCACTAGAACATAGATGT,PIP7,SingleNE
PIP7_TGCTTCATGATATGAAGCACATATGGGT,PIP7,SingleNE
PIP7_TGCTTCATGATATGAGGTAAAAAGAGGC,PIP7,SingleNE
PIP7_TGCTTCATGTTCACCTATGGGGGATTAC,PIP7,SingleNE
PIP7_TGCTTCATTCAGTCAAACTCGGAGGTTT,PIP7,SingleNE
PIP7_TGCTTCATTGAAAGTAAGCCATGCATAT,PIP7,SingleNE
PIP7_TTAGCTGCACAACCAGGAAACTCAAACA,PIP7,SingleNE
PIP7_TTAGCTGCCACATTTGTATCGGGTCATT,PIP7,SingleNE
PIP7_TTAGCTGCCCGTATATGCACTACCTAAG,PIP7,SingleNE
PIP7_TTAGCTGCCTAAAGCCAAATGAAAGACA,PIP7,SingleNE
PIP7_TTAGCTGCCTATGGAGTTACGTGGTGCT,PIP7,SingleNE
PIP7_TTAGCTGCGTACAAGAAACCAACTGCCT,PIP7,SingleNE
PIP7_TTAGCTGCGTGATCAAGAGAAAACTACA,PIP7,SingleNE
PIP7_TTAGCTGCGTTGCTTACAGAGGTTAGGG,PIP7,SingleNE
PIP7_TTAGCTGCTATTGGGTTAGTGGCTATAA,PIP7,SingleNE
PIP7_TTAGCTGCTCTACCGAAATCACAAAGAT,PIP7,SingleNE
PIP7_TTAGCTGCTGTATCTATTGGATGCATAT,PIP7,SingleNE
PIP7_TTCACTGGAAAGACAGTTACTCAAATGG,PIP7,SingleNE
PIP7_TTCACTGGAGTTACTAAGCCGGAGTAAG,PIP7,SingleNE
PIP7_TTCACTGGAGTTACTTGGTAACCACAGA,PIP7,SingleNE
PIP7_TTCACTGGCAGTTGCACGAACTGTTAAA,PIP7,SingleNE
PIP7_TTCACTGGCTTTAGTGCTAGTGGGAATT,PIP7,SingleNE
PIP7_TTCACTGGGAACAGCAATACTCTGATTT,PIP7,SingleNE
PIP7_TTCACTGGTAGCGAACAAAGTGAATAGG,PIP7,SingleNE
PIP7_TTCACTGGTGCTTTAGGAAAGATGTGGC,PIP7,SingleNE
PIP7_TTCACTGGTTGGCAGAACAGAAATAGCA,PIP7,SingleNE
PIP7_TTGCTCTAAAGGTGTATTGGGAAAGACA,PIP7,SingleNE
PIP7_TTGCTCTAACAACCCTGGTAGCTATGGG,PIP7,SingleNE
PIP7_TTGCTCTAACTTCCTCTACCATCAGGGA,PIP7,SingleNE
PIP7_TTGCTCTAAGGAAATAGCGAGGCTATAA,PIP7,SingleNE
PIP7_TTGCTCTAATCTGATTGGCAAAATAGCA,PIP7,SingleNE
PIP7_TTGCTCTACACAAGATGCACGAGTGTAC,PIP7,SingleNE
PIP7_TTGCTCTACCTAATTGAACCACAGATAA,PIP7,SingleNE
PIP7_TTGCTCTACTATGGGCACTAGCTATGGG,PIP7,SingleNE
PIP7_TTGCTCTAGAAAGGGAAATCACCTGAAG,PIP7,SingleNE
PIP7_TTGCTCTAGAAATCTTAACGCGTGTACA,PIP7,SingleNE
PIP7_TTGCTCTAGTAATCTACTCAGGGAGATG,PIP7,SingleNE
PIP7_TTGCTCTAGTTGCTCTTGACGATGTGGC,PIP7,SingleNE
PIP7_TTGCTCTATAACCCACTTCCAAAGAGGC,PIP7,SingleNE
PIP7_TTGCTCTATAGCGATCAGTCGATGGTTA,PIP7,SingleNE
PIP7_TTGCTCTATATTGGGAACAGGAAAGACA,PIP7,SingleNE
PIP7_TTGCTCTATCGATTGATACCAATATGAC,PIP7,SingleNE
PIP7_TTGGGTCCAAGCACGTACAAATAGATGT,PIP7,SingleNE
PIP7_TTGGGTCCCAGTTGTAGCGAGTCTAATC,PIP7,SingleNE
PIP7_TTGGGTCCCCAAATGAAGAAGATGCAGA,PIP7,SingleNE
PIP7_TTGGGTCCCTAAAGACAACCAGTAATGG,PIP7,SingleNE
PIP7_TTGGGTCCCTAAAGGTTGCTCGTGGGAT,PIP7,SingleNE
PIP7_TTGGGTCCGAAAGGCTAAAGTACTGAAT,PIP7,SingleNE
PIP7_TTGGGTCCTCAAAGAAACCGCAAGGTAC,PIP7,SingleNE
PIP7_TTGGGTCCTGCTTTTCAAAGGGAGGTTT,PIP7,SingleNE
PIP7_TTGGGTCCTGGGTTAGAAGGCTCACATC,PIP7,SingleNE
PIP7_TTGGGTCCTGGGTTGAACAGGAGTGTAC,PIP7,SingleNE
PIP7_TTTGTACAAAACCGACATGTCACAACCT,PIP7,SingleNE
PIP7_TTTGTACAAAAGGCAGTTACGATGCAGA,PIP7,SingleNE
PIP7_TTTGTACAACAACCAAACTCTCCAGAAG,PIP7,SingleNE
PIP7_TTTGTACAAGTGGAAACTGAGTCTAATC,PIP7,SingleNE
PIP7_TTTGTACACACAAGCTTGTTTTTGCCAG,PIP7,SingleNE
PIP7_TTTGTACACACAAGGTTAGTACCAGTTT,PIP7,SingleNE
PIP7_TTTGTACACCTAATGTTCACGGTTACAC,PIP7,SingleNE
PIP7_TTTGTACAGAAAGGCTGGTAACTAGAGC,PIP7,SingleNE
PIP7_TTTGTACAGATGAACCTAATCGTGTGTT,PIP7,SingleNE
PIP7_TTTGTACAGATGAATAGAACTATGTGAA,PIP7,SingleNE
PIP7_TTTGTACAGATGAATGAGAAGTCAGGTT,PIP7,SingleNE
PIP7_TTTGTACAGTTTGGCTTCGACTCACATC,PIP7,SingleNE
PIP7_TTTGTACATAGTCTTCAGTCGATGCAGA,PIP7,SingleNE
PIP7_TTTGTACATTAACGACAACCTGGTGTCT,PIP7,SingleNE
PIP7_TTTGTACATTTCTCATGCACGGGATTAC,PIP7,SingleNE
PIP7_TTTGTACATTTCTCCACAAGAACAAATG,PIP7,SingleNE
PIP9_AAACAAACAAAGGCATCAACATCCTAGT,PIP9,SingleNE
PIP9_AAACAAACAGACGTACCATATTCTAGGA,PIP9,SingleNE
PIP9_AAACAAACGCTAAGATGTTGACAGATAA,PIP9,SingleNE
PIP9_AAACCGCCGAACAGGCTGTAACACCAAG,PIP9,SingleNE
PIP9_AAACCGCCTAACCCTAAGCCCTGGGTAT,PIP9,SingleNE
PIP9_AAACCGCCTACAGAAGGAAAACACCAAG,PIP9,SingleNE
PIP9_AAACCGCCTAGTCTCTTTAGGTCTGGAA,PIP9,SingleNE
PIP9_AAACCGCCTATTGGAAAGGCCTCACATC,PIP9,SingleNE
PIP9_AAACTACACAATACTCTACCGCTATGGG,PIP9,SingleNE
PIP9_AAACTACACTATGGGGTTTCTTAGCAAT,PIP9,SingleNE
PIP9_AAACTACATAAGGCTTCCAGAGTAATGG,PIP9,SingleNE
PIP9_AAACTACATATTGGCCTAATAAATAGCA,PIP9,SingleNE
PIP9_AAACTACATGAACCACAACCTACCTAAG,PIP9,SingleNE
PIP9_AAAGAGGCAAAGGCAATACCACCTGAAG,PIP9,SingleNE
PIP9_AAAGAGGCCACGAAGCTAAGTACTGAAT,PIP9,SingleNE
PIP9_AAAGAGGCCTATGGTCAGTCTCATACCA,PIP9,SingleNE
PIP9_AAAGAGGCGCACTATTAACGGTCTAATC,PIP9,SingleNE
PIP9_AAAGAGGCGTAATCCTTTAGTGGTGTCT,PIP9,SingleNE
PIP9_AAAGAGGCGTGATCTAGCGATCTGATTT,PIP9,SingleNE
PIP9_AAAGAGGCTCTACCTTGGTACCAGACAG,PIP9,SingleNE
PIP9_AAATTCCGAAACACCTGAAGGTCTAATC,PIP9,SingleNE
PIP9_AAATTCCGAAGGTGTCTACCCAGTTTAA,PIP9,SingleNE
PIP9_AAATTCCGAGTGGATCAGTCATATGGGT,PIP9,SingleNE
PIP9_AAATTCCGGATATGTACAGAGTGGTGCT,PIP9,SingleNE
PIP9_AAATTCCGTTGGCATCTACCAATATGAC,PIP9,SingleNE
PIP9_AAATTCCGTTGGTAGAAATCACCACAGA,PIP9,SingleNE
PIP9_AACTGCCTACAAAGGTAGAGCTGTTAAA,PIP9,SingleNE
PIP9_AACTGCCTCCGTATACCTTTCAGTTTAA,PIP9,SingleNE
PIP9_AACTGCCTGTAGAGAACTGAAATATGAC,PIP9,SingleNE
PIP9_AACTGCCTTATGCCGTAGAGTGGGAATT,PIP9,SingleNE
PIP9_AACTGCCTTCGATTCTTCGACCTTTGTC,PIP9,SingleNE
PIP9_AACTGCCTTGTATCTTGGCACAAGGTAC,PIP9,SingleNE
PIP9_AAGAGTATAAACCGATCAACTCTGATTT,PIP9,SingleNE
PIP9_AAGAGTATAACTGAATCTGACTGGGTAT,PIP9,SingleNE
PIP9_AAGAGTATACAACCGATACCTTCTAGGA,PIP9,SingleNE
PIP9_AAGAGTATAGTTACTGCTAGTAATGTGG,PIP9,SingleNE
PIP9_AAGAGTATCTAAAGTGTATCGACACAAA,PIP9,SingleNE
PIP9_AAGAGTATCTTGACAACTGACAAGGTAC,PIP9,SingleNE
PIP9_AAGAGTATGCTCTTTGTAACATATGGGT,PIP9,SingleNE
PIP9_AAGAGTATTGAAAGAGGTAAACAAGTAG,PIP9,SingleNE
PIP9_AAGAGTATTGAGAACTTCGAGTCAAGAG,PIP9,SingleNE
PIP9_AAGAGTATTGGGTTTAGCGAGACACAAA,PIP9,SingleNE
PIP9_AAGCCTTCAAAGACTACTCAAGTTTGTA,PIP9,SingleNE
PIP9_AAGCCTTCACGGTTTAAGCCGATGGTTA,PIP9,SingleNE
PIP9_AAGCCTTCAGGTAAAAACCGGCCTGGTA,PIP9,SingleNE
PIP9_AAGCCTTCAGTGGAGATATGCCATATGA,PIP9,SingleNE
PIP9_AAGCCTTCCTTGTTCACGAATTCTAGGA,PIP9,SingleNE
PIP9_AAGCCTTCGATTTCAGGAAATATGTGAA,PIP9,SingleNE
PIP9_AAGCCTTCGCTAAGGTGATCTCAAATGG,PIP9,SingleNE
PIP9_AAGCCTTCTATGCCGGTTTCTTCTAGGA,PIP9,SingleNE
PIP9_AAGCTCCTCAGTTGGTTAGTGTCTAATC,PIP9,SingleNE
PIP9_AAGCTCCTCATCTAAAACCGACACCAAG,PIP9,SingleNE
PIP9_AAGCTCCTTGGGTTAGGAAAGGAGGTTT,PIP9,SingleNE
PIP9_AAGCTCCTTTAACGCTTTAGAACAAATG,PIP9,SingleNE
PIP9_AAGGGACCGAAAGGTCAAAGCAAGGAAT,PIP9,SingleNE
PIP9_AAGGGACCGAGATATAGAACTTCTAGGA,PIP9,SingleNE
PIP9_AAGGGACCGATGAAAATACCGGGTCATT,PIP9,SingleNE
PIP9_AAGGGACCGTAATCCTATGGCTCACATC,PIP9,SingleNE
PIP9_AAGGGACCTAGCGATTGGCAGGTTAGGG,PIP9,SingleNE
PIP9_AAGGGACCTCTACCACAAAGCTGGGTAT,PIP9,SingleNE
PIP9_AAGGGACCTCTGTGTCTACCATCCTAGT,PIP9,SingleNE
PIP9_AAGTCCAAAAGGTGTAGCGAACTAATTG,PIP9,SingleNE
PIP9_AAGTCCAAAGAAGGCTGGTAGATGTGGC,PIP9,SingleNE
PIP9_AAGTCCAAAGGAAATCTACCCCATATGA,PIP9,SingleNE
PIP9_AAGTCCAAAGGTAACTTCCAGATGCAGA,PIP9,SingleNE
PIP9_AAGTCCAAATCTGACTTCGATAATGTGG,PIP9,SingleNE
PIP9_AAGTCCAACTATGGAGAAACTGCACCAG,PIP9,SingleNE
PIP9_AAGTCCAACTGGTACTGAAGGCTAAGTT,PIP9,SingleNE
PIP9_AAGTCCAAGCTCTTCAGTTGATGCATAT,PIP9,SingleNE
PIP9_AAGTCCAATCAAAGGCGTTTGTGGTGCT,PIP9,SingleNE
PIP9_AAGTCCAATTTCTCTAGAACACAAGTAG,PIP9,SingleNE
PIP9_AAGTTGTCAAGAGAAAAGACGTTCTGCT,PIP9,SingleNE
PIP9_AAGTTGTCACAACCGATATGTGGGAATT,PIP9,SingleNE
PIP9_AAGTTGTCACGGTTGACAATGATGCAGA,PIP9,SingleNE
PIP9_AAGTTGTCCAATACCTTCCAAACAAATG,PIP9,SingleNE
PIP9_AAGTTGTCCCTAATTGAGAACACAACCT,PIP9,SingleNE
PIP9_AAGTTGTCCTTGACGTAATCGCTAAGTT,PIP9,SingleNE
PIP9_AAGTTGTCTAACCCCAATACCGTGGGAT,PIP9,SingleNE
PIP9_AAGTTGTCTGAGAAGTTCACCACAACCT,PIP9,SingleNE
PIP9_AATACATCAAAGGCACCTTTGATGTGGC,PIP9,SingleNE
PIP9_AATACATCACAAAGGATACCGGCTATAA,PIP9,SingleNE
PIP9_AATACATCACGGTTTATTGGTCCTATAT,PIP9,SingleNE
PIP9_AATACATCCTGGTAAAGAGACCTTTGTC,PIP9,SingleNE
PIP9_AATACATCCTTTAGTGTAACACCACAGA,PIP9,SingleNE
PIP9_AATACATCGGTTTCGGTTTCAATATGAC,PIP9,SingleNE
PIP9_AATACATCTAACCCTGTAACGGTTACAC,PIP9,SingleNE
PIP9_AATACATCTACAGACACGAATAATGTGG,PIP9,SingleNE
PIP9_AATACATCTACAGACTTGTTTCATACCA,PIP9,SingleNE
PIP9_AATACATCTTCGAATAACCCGATGTGGC,PIP9,SingleNE
PIP9_AATATGACACAGCACCTAATCTGTTAAA,PIP9,SingleNE
PIP9_AATATGACCTTTAGAAACCGTACTGAAT,PIP9,SingleNE
PIP9_AATATGACGAAATCCAATACGATGGTTA,PIP9,SingleNE
PIP9_AATATGACGTAATCGCGTTTTGAATAGG,PIP9,SingleNE
PIP9_AATATGACTAGTCTGTAATCAATATGAC,PIP9,SingleNE
PIP9_AATATGACTATTGGTTAACGCAGTTTAA,PIP9,SingleNE
PIP9_AATATGACTGGGTTAAAGACATAGATGT,PIP9,SingleNE
PIP9_AATATGACTGGGTTTTAACGCCTTTACA,PIP9,SingleNE
PIP9_AATATGACTTGGCAAAAGTGTATGTGAA,PIP9,SingleNE
PIP9_ACCAGTTTACAACCAGTTACTCATACCA,PIP9,SingleNE
PIP9_ACCAGTTTCACATTGTTGCTATAACAGG,PIP9,SingleNE
PIP9_ACCAGTTTCTGAAGTCTGTGGTCTGGAA,PIP9,SingleNE
PIP9_ACCAGTTTGACAATCTGGTACAAACATT,PIP9,SingleNE
PIP9_ACCAGTTTGTAGAGAAGGTGCAAGGAAT,PIP9,SingleNE
PIP9_ACCAGTTTTCAAAGGTGATCGTGGTGCT,PIP9,SingleNE
PIP9_ACCAGTTTTGGGTTAAAGTGCAGTTTAA,PIP9,SingleNE
PIP9_ACCAGTTTTTGGTACTTGACCAGTTTAA,PIP9,SingleNE
PIP9_ACCAGTTTTTGGTATCAGTCACTAATTG,PIP9,SingleNE
PIP9_ACTCATACAAACACTGCTAGGGTTAGGG,PIP9,SingleNE
PIP9_ACTCATACAATAGCACCTTTTCATACCA,PIP9,SingleNE
PIP9_ACTCATACAGAAGGGTAGAGTCAAATGG,PIP9,SingleNE
PIP9_ACTCATACGAGATAGATATGAAACTACA,PIP9,SingleNE
PIP9_ACTCATACGTACAACAAACACTGGGTAT,PIP9,SingleNE
PIP9_ACTCATACTGTATCCAATACAATAAGGA,PIP9,SingleNE
PIP9_AGAAACCAATGTTGCTTTAGAAACTGTG,PIP9,SingleNE
PIP9_AGAAACCAGATTTCGTGATCTACCTAAG,PIP9,SingleNE
PIP9_AGAAACCATATGCCTAAGGCTGGGAATT,PIP9,SingleNE
PIP9_AGAAACCATCTACCACAACCGGTTACAC,PIP9,SingleNE
PIP9_AGACCTCACTTGTTTAAGGCACAGGCCA,PIP9,SingleNE
PIP9_AGACCTCAGTGATCGACAATATAACAGG,PIP9,SingleNE
PIP9_AGACCTCAGTTCACTGTAACTCATACCA,PIP9,SingleNE
PIP9_AGACGAGGAAACCGCAAACAGACACAAA,PIP9,SingleNE
PIP9_AGACGAGGAACTGAGAAACCGATGGTTA,PIP9,SingleNE
PIP9_AGACGAGGAACTGATAAGGCAAAGAGGC,PIP9,SingleNE
PIP9_AGACGAGGACAACCGGTTTCGTCAGGTT,PIP9,SingleNE
PIP9_AGACGAGGCCGTATGATACCGATGGTTA,PIP9,SingleNE
PIP9_AGACGAGGCTGGTAGGTTTCGTGGTGCT,PIP9,SingleNE
PIP9_AGACGAGGGGTCTAAGACGTGATGCAGA,PIP9,SingleNE
PIP9_AGACGAGGGTTAGTTGCTTTGATGCAGA,PIP9,SingleNE
PIP9_AGACGAGGTGAACCAAGCACCACAACCT,PIP9,SingleNE
PIP9_AGACGAGGTGCTAGACCTTTGGGTCATT,PIP9,SingleNE
PIP9_AGACGAGGTGCTAGCAAACACAAACATT,PIP9,SingleNE
PIP9_AGACGAGGTGGGTTTTGGTATGCACCAG,PIP9,SingleNE
PIP9_AGACGAGGTTGGTATTAACGATAGATGT,PIP9,SingleNE
PIP9_AGAGGTGCATCTGAGGTTTCAATGTATG,PIP9,SingleNE
PIP9_AGAGGTGCTCTGTGGCTGTATTAGCAAT,PIP9,SingleNE
PIP9_AGAGGTGCTTAACGGGTTTCGGTTAGGG,PIP9,SingleNE
PIP9_AGCTCCACAAAGGCCTGAAGAAGGATGA,PIP9,SingleNE
PIP9_AGCTCCACAACTGAACAAAGCACAACCT,PIP9,SingleNE
PIP9_AGCTCCACCTTTAGCACATTAAAGAGGC,PIP9,SingleNE
PIP9_AGCTCCACGAAGAAACAACCGCTATGGG,PIP9,SingleNE
PIP9_AGCTCCACGAGATATAGAACGGGTCATT,PIP9,SingleNE
PIP9_AGCTCCACGTAATCAGGTAAAACAGAAC,PIP9,SingleNE
PIP9_AGGACACAATGCACAGGTAAAAATAGCA,PIP9,SingleNE
PIP9_AGGACACAATGTTGACAACCGTGGTGCT,PIP9,SingleNE
PIP9_AGGACACAGAAATCAACTGATGCACCAG,PIP9,SingleNE
PIP9_AGGACACAGTGATCCCTAATCACAAGTA,PIP9,SingleNE
PIP9_AGGACACATACAGAGAACAGAGTAATGG,PIP9,SingleNE
PIP9_AGGACACATATGCCGTGATCTCCAGAAG,PIP9,SingleNE
PIP9_AGGACACATATGCCTAAGGCAGTAATGG,PIP9,SingleNE
PIP9_AGGACACATCAGTCTAAGGCTCCTATAT,PIP9,SingleNE
PIP9_AGTAGTTAAAACCGTCCATATTTGCCAG,PIP9,SingleNE
PIP9_AGTAGTTAACAACCGCACTAGCTAAGTT,PIP9,SingleNE
PIP9_AGTAGTTAACAGCATCTGTGTCAAATGG,PIP9,SingleNE
PIP9_AGTAGTTAAGAAGGCCTAATGTTCTGCT,PIP9,SingleNE
PIP9_AGTAGTTAATCTGAGTAATCAAACTACA,PIP9,SingleNE
PIP9_AGTAGTTAATGCACATCAACGATGGTTA,PIP9,SingleNE
PIP9_AGTAGTTACACAAGGTTCACACTAGAGC,PIP9,SingleNE
PIP9_AGTAGTTACACAAGTGCTAGCACAACCT,PIP9,SingleNE
PIP9_AGTAGTTACCAAATAATACCAACAAATG,PIP9,SingleNE
PIP9_AGTAGTTACCTAATAAGCACGGAGTAAG,PIP9,SingleNE
PIP9_AGTAGTTACTTGTTTAGAACTCTGATTT,PIP9,SingleNE
PIP9_AGTAGTTAGAAATCAACTGAAACAAATG,PIP9,SingleNE
PIP9_AGTAGTTAGCTCTTGATACCTCTGATTT,PIP9,SingleNE
PIP9_AGTAGTTAGTTGCTCACAAGGACACAAA,PIP9,SingleNE
PIP9_AGTAGTTAGTTTGGATCAACGGTTAGGG,PIP9,SingleNE
PIP9_AGTAGTTAGTTTGGCTGGTAAAACTACA,PIP9,SingleNE
PIP9_AGTAGTTATAAGCCACAGCAGGTTACAC,PIP9,SingleNE
PIP9_AGTCACAAAAGCACTACAGAGTCTAATC,PIP9,SingleNE
PIP9_AGTCACAACCAAATGTGATCGTTCTGCT,PIP9,SingleNE
PIP9_AGTCACAACTGGTAGGTTTCTTAGCAAT,PIP9,SingleNE
PIP9_AGTCACAATACAGAGCACTAGGTTACAC,PIP9,SingleNE
PIP9_AGTCACAATAGCGACACGAACACAACCT,PIP9,SingleNE
PIP9_AGTCACAATGAGAATGAGAATTCTAGGA,PIP9,SingleNE
PIP9_AGTGCTTCACAGCAAAAGACGTTCTGCT,PIP9,SingleNE
PIP9_AGTGCTTCACCTTTTAGAACAGTAATGG,PIP9,SingleNE
PIP9_AGTGCTTCAGTGGATCAGTCGTCAGGTT,PIP9,SingleNE
PIP9_AGTGCTTCCCGTATAGTGGAACAAAGAT,PIP9,SingleNE
PIP9_AGTGCTTCGACAATAAAGGCGTGGTGCT,PIP9,SingleNE
PIP9_AGTGCTTCTGTATCCTATGGAGTAATGG,PIP9,SingleNE
PIP9_AGTTGAACAAACCGCTTGACGGGATTAC,PIP9,SingleNE
PIP9_AGTTGAACAACTGAGTGATCATAGATGT,PIP9,SingleNE
PIP9_AGTTGAACAGAAACCAGTTGATCCTAGT,PIP9,SingleNE
PIP9_AGTTGAACAGTGGAAAGGTGGCCAACAT,PIP9,SingleNE
PIP9_AGTTGAACCGCAAAAGACGTCTCACATC,PIP9,SingleNE
PIP9_AGTTGAACCGCAAATTCCAGATAGATGT,PIP9,SingleNE
PIP9_AGTTGAACCTTTAGGTTTGGATAGATGT,PIP9,SingleNE
PIP9_AGTTGAACGAGATAAGACGTAACAGAAC,PIP9,SingleNE
PIP9_AGTTGAACGCACTAAACTGAGGGAGATG,PIP9,SingleNE
PIP9_AGTTGAACGTAGAGAAACTCGAAAGACA,PIP9,SingleNE
PIP9_AGTTGAACGTTTGGCAAACATTGCATTC,PIP9,SingleNE
PIP9_AGTTGAACTATGCCAGTTACATAACAGG,PIP9,SingleNE
PIP9_AGTTGAACTATTGGAGTTACTTGCATTC,PIP9,SingleNE
PIP9_AGTTGAACTGAGAAGCTGTAAAACTGTG,PIP9,SingleNE
PIP9_AGTTTGTAAATAGCTACAGAGGCAAGGT,PIP9,SingleNE
PIP9_AGTTTGTAACCTTTATGCACACCACAGA,PIP9,SingleNE
PIP9_AGTTTGTAATCAACGTTCACCTCACATC,PIP9,SingleNE
PIP9_AGTTTGTAGACAATTACTCACTGGGTAT,PIP9,SingleNE
PIP9_AGTTTGTAGATTTCTGTATCATAACAGG,PIP9,SingleNE
PIP9_AGTTTGTAGCACTATGAGAAGTCTAATC,PIP9,SingleNE
PIP9_AGTTTGTATATGCCCTTGTTGGAGGTTT,PIP9,SingleNE
PIP9_ATAAGCTAAACTGATAACCCCCAGACAG,PIP9,SingleNE
PIP9_ATAAGCTAAAGCACTAGAACCTGTTAAA,PIP9,SingleNE
PIP9_ATAAGCTAAAGGTGGAAGAAGAAAGACA,PIP9,SingleNE
PIP9_ATAAGCTAAGACGTGTAATCGTCTAATC,PIP9,SingleNE
PIP9_ATAAGCTACACGAACTTGTTCGTGTACA,PIP9,SingleNE
PIP9_ATAAGCTACTTGACTGTATCGGAGGTTT,PIP9,SingleNE
PIP9_ATAAGCTACTTTAGAATAGCGAAGATAT,PIP9,SingleNE
PIP9_ATAAGCTATATGCCTAACCCTCAAATGG,PIP9,SingleNE
PIP9_ATACTCTCAATAGCTGCTTTGTTCTGCT,PIP9,SingleNE
PIP9_ATACTCTCAGGTAACACATTTGGTGTCT,PIP9,SingleNE
PIP9_ATACTCTCCTTGTTGCGTTTGTCAGGTT,PIP9,SingleNE
PIP9_ATACTCTCGAGATACTAAAGGATGTGGC,PIP9,SingleNE
PIP9_ATACTCTCGCTAAGAACTGACAAGGAAT,PIP9,SingleNE
PIP9_ATACTCTCTAGCGATTAACGGTCAGGTT,PIP9,SingleNE
PIP9_ATACTCTCTATGCCGATACCTGAATAGG,PIP9,SingleNE
PIP9_ATTACCTTAATAGCCCTAATGCCAACAT,PIP9,SingleNE
PIP9_ATTACCTTCACATTCCAAATAACTGCCT,PIP9,SingleNE
PIP9_ATTACCTTCAGTTGAAAGGCCAGTTTAA,PIP9,SingleNE
PIP9_ATTACCTTGATATGGAAATCACCAGTTT,PIP9,SingleNE
PIP9_ATTACCTTTAACCCGATATGCACAACCT,PIP9,SingleNE
PIP9_ATTACCTTTGAGAATTGGCATGAATAGG,PIP9,SingleNE
PIP9_ATTTCCATAAACACGCTAAGTGGTGTCT,PIP9,SingleNE
PIP9_ATTTCCATAAGAGAAAACTCCCAGACAG,PIP9,SingleNE
PIP9_ATTTCCATCACAAGAGACGTGTGGTGCT,PIP9,SingleNE
PIP9_ATTTCCATCTATGGTGTATCCTGGGTAT,PIP9,SingleNE
PIP9_ATTTCCATCTGGTAGAAACCCCAGACAG,PIP9,SingleNE
PIP9_CAAACATTAAAGACGAAGAAGTCTGGAA,PIP9,SingleNE
PIP9_CAAACATTAACTGATCAGTCATATGGGT,PIP9,SingleNE
PIP9_CAAACATTACAAAGTTGGTAAAACTGTG,PIP9,SingleNE
PIP9_CAAACATTGCTGTACACGAAGCCTGGTA,PIP9,SingleNE
PIP9_CAAACATTTACAGACTATGGAAACTGTG,PIP9,SingleNE
PIP9_CAAACATTTCTGTGTAAGGCATAGATGT,PIP9,SingleNE
PIP9_CAAACATTTGAACCGAAGAAAGTAATGG,PIP9,SingleNE
PIP9_CAAGGGTTACAACCTGAACCTCTGATTT,PIP9,SingleNE
PIP9_CAAGGGTTACTTCCCACGAAACAAAGAT,PIP9,SingleNE
PIP9_CAAGGGTTACTTCCTGAAAGTCCTATAT,PIP9,SingleNE
PIP9_CAAGGGTTAGAAACGTTAGTTCCAGAAG,PIP9,SingleNE
PIP9_CAAGGGTTCAATACAGACGTGCCTGGTA,PIP9,SingleNE
PIP9_CAAGGGTTCTTGACTACAGAGTCTAATC,PIP9,SingleNE
PIP9_CAAGGGTTGATTTCAACTGAAAACTGTG,PIP9,SingleNE
PIP9_CAAGGGTTGTGATCAGGTAAGTCTGGAA,PIP9,SingleNE
PIP9_CAAGGGTTGTTCACAGGAAACAAGGAAT,PIP9,SingleNE
PIP9_CAAGGGTTTAACCCAAGAGAAGTTTGTA,PIP9,SingleNE
PIP9_CAAGGGTTTAGTCTTGCTTTAACAGAAC,PIP9,SingleNE
PIP9_CAAGGGTTTGCTTTGTTCACAATGTATG,PIP9,SingleNE
PIP9_CAAGGGTTTTCGAACTATGGGATGGTTA,PIP9,SingleNE
PIP9_CAATTCTCACAAAGAAGCACGGGTCATT,PIP9,SingleNE
PIP9_CAATTCTCCTATGGTGAGAATGGTGTCT,PIP9,SingleNE
PIP9_CAATTCTCGAACAGAGTTACTTTGCCAG,PIP9,SingleNE
PIP9_CAATTCTCGCACTAACCTTTTACCTAAG,PIP9,SingleNE
PIP9_CAATTCTCTCTACCCACAAGAATGTATG,PIP9,SingleNE
PIP9_CAATTCTCTTAACGAGGTAAGTGGTGCT,PIP9,SingleNE
PIP9_CACTAACCGAAGAATAGCGAAAACTGTG,PIP9,SingleNE
PIP9_CACTAACCGACAATTTGGTAATGCATAT,PIP9,SingleNE
PIP9_CACTAACCGCTGTACCTAATGAAAGACA,PIP9,SingleNE
PIP9_CACTAACCGTTCACGCGTTTGAGTGTAC,PIP9,SingleNE
PIP9_CAGGTTGCTTGGTATTGGTACCTATTTA,PIP9,SingleNE
PIP9_CCACCTCTAGTGGATGAACCGTCAAGAG,PIP9,SingleNE
PIP9_CCACCTCTATCTGAACCATATCATACCA,PIP9,SingleNE
PIP9_CCACCTCTCACGAATGAAAGTATGTGAA,PIP9,SingleNE
PIP9_CCACCTCTGAACAGGAAAGGAACAGAAC,PIP9,SingleNE
PIP9_CCACCTCTGACAATCAATACTAATGTGG,PIP9,SingleNE
PIP9_CCACCTCTGATATGACAGCACGTGGGAT,PIP9,SingleNE
PIP9_CCACCTCTGTTCACTCCATAGTCAGGTT,PIP9,SingleNE
PIP9_CCACCTCTTGAACCCACGAAAGTTTGTA,PIP9,SingleNE
PIP9_CCATCCACAACTGAAGGTAAATCAGGGA,PIP9,SingleNE
PIP9_CCATCCACATCAACCACAAGGCTAAGTT,PIP9,SingleNE
PIP9_CCATCCACCACGAACTGGTAACAGATAA,PIP9,SingleNE
PIP9_CCATCCACGAAATCGTTCACTCCAGAAG,PIP9,SingleNE
PIP9_CCATCCACGCTAAGAGTTACTTGCATTC,PIP9,SingleNE
PIP9_CCATCCACTAGTCTACAGCACGTGTACA,PIP9,SingleNE
PIP9_CCATCCACTCTGTGCTAAAGAACAAATG,PIP9,SingleNE
PIP9_CCATCCACTGCTTTTGCTAGGATGGTTA,PIP9,SingleNE
PIP9_CCATCCACTTAACGTAGCGAGACACAAA,PIP9,SingleNE
PIP9_CCATCCACTTGGCAGAAAGGACCTGAAG,PIP9,SingleNE
PIP9_CCTACGCTACAGCACAAACACAAGGGTT,PIP9,SingleNE
PIP9_CCTACGCTACTTCCAATAGCGGCTATAA,PIP9,SingleNE
PIP9_CCTACGCTAGACGTACCATAACAAGTAG,PIP9,SingleNE
PIP9_CCTACGCTAGGTAAAGACGTCGTGTACA,PIP9,SingleNE
PIP9_CCTACGCTCCGTATAGAAACCACAACCT,PIP9,SingleNE
PIP9_CCTACGCTCCTAATAACTGAACAGGCCA,PIP9,SingleNE
PIP9_CCTACGCTCTTGACAGAAACAGTTTGTA,PIP9,SingleNE
PIP9_CCTACGCTTCAGTCGAAAGGATAGATGT,PIP9,SingleNE
PIP9_CCTATTTAAAACCGATCTTCATCAGGGA,PIP9,SingleNE
PIP9_CCTATTTACTAAAGCTGAAGACAAAGAT,PIP9,SingleNE
PIP9_CCTATTTAGATTTCCAATACTGGAAAGC,PIP9,SingleNE
PIP9_CCTATTTAGCTGTACCTAATAAAGAGGC,PIP9,SingleNE
PIP9_CCTATTTAGTAATCCAAACAGTCTGGAA,PIP9,SingleNE
PIP9_CCTATTTATCGATTCACAAGGTCTAATC,PIP9,SingleNE
PIP9_CCTATTTATTGGTAGTAATCTCATACCA,PIP9,SingleNE
PIP9_CCTCATGAACGGTTACATGTGGGAGATG,PIP9,SingleNE
PIP9_CCTCATGACCAAATGATACCGTGGTGCT,PIP9,SingleNE
PIP9_CCTCATGACTATGGGTTTGGCCTATTTA,PIP9,SingleNE
PIP9_CCTCATGAGAACAGGACAATACCTGAAG,PIP9,SingleNE
PIP9_CCTCATGATAGCGAGTTGCTACAGGCCA,PIP9,SingleNE
PIP9_CCTTTACAAACTGAAAACTCTGGGAATT,PIP9,SingleNE
PIP9_CCTTTACAAATACCTTGGCAGAAGATAT,PIP9,SingleNE
PIP9_CCTTTACAACTTCCTGAGAACTGTTAAA,PIP9,SingleNE
PIP9_CCTTTACAGAGATATTGGTAACAGATAA,PIP9,SingleNE
PIP9_CCTTTACATTGGCACTAAAGATAACAGG,PIP9,SingleNE
PIP9_CCTTTGTCACAGCAAAAGACAAGGATGA,PIP9,SingleNE
PIP9_CCTTTGTCACGGTTGATATGATCAGGGA,PIP9,SingleNE
PIP9_CCTTTGTCAGGTAAAGACGTTATGTGAA,PIP9,SingleNE
PIP9_CCTTTGTCAGTTACTTGGCAGACACAAA,PIP9,SingleNE
PIP9_CCTTTGTCCAGTTGCAGTTGGAAAGACA,PIP9,SingleNE
PIP9_CCTTTGTCCCTAATGCTGTAGGTTAGGG,PIP9,SingleNE
PIP9_CCTTTGTCGAAAGGTATGCCGTGGTGCT,PIP9,SingleNE
PIP9_CCTTTGTCGCACTAGTTCACGATGGTTA,PIP9,SingleNE
PIP9_CCTTTGTCTCAGTCCAATACCAAGGTAC,PIP9,SingleNE
PIP9_CTAACGCCAAACACAAAGTGAGTAGTTA,PIP9,SingleNE
PIP9_CTAACGCCACAAAGTACTCATACTGAAT,PIP9,SingleNE
PIP9_CTAACGCCAGGAAATTGGCAACCTGAAG,PIP9,SingleNE
PIP9_CTAACGCCATCAACTATGCCATAGATGT,PIP9,SingleNE
PIP9_CTAACGCCGTTAGTAGAAGGACCAGTTT,PIP9,SingleNE
PIP9_CTAACGCCTATTGGGCTAAGTGGAAAGC,PIP9,SingleNE
PIP9_CTAACGCCTGCTAGAGGAAAAAGGATGA,PIP9,SingleNE
PIP9_CTAGACTAATCTGATAAGGCGAAAGACA,PIP9,SingleNE
PIP9_CTAGACTAGAAGAAAAACACACACCAAG,PIP9,SingleNE
PIP9_CTCCTCCAAAACCGCAGTTGGAAGATAT,PIP9,SingleNE
PIP9_CTCCTCCAACTTCCAGACGTTTAGCAAT,PIP9,SingleNE
PIP9_CTCCTCCAAGTTACAGACGTGCCTGGTA,PIP9,SingleNE
PIP9_CTCCTCCAATGTTGCCAAATCTCACATC,PIP9,SingleNE
PIP9_CTCCTCCACACAAGTGTATCATCCTAGT,PIP9,SingleNE
PIP9_CTCCTCCACTTCGAGAAATCGATGTGGC,PIP9,SingleNE
PIP9_CTCCTCCATAACCCTCCATAGTCTGGAA,PIP9,SingleNE
PIP9_CTCCTCCATACAGAAACTGAGCCAACAT,PIP9,SingleNE
PIP9_CTGGGTATCTAAAGCCAAATTTTGCCAG,PIP9,SingleNE
PIP9_CTGGGTATTTGGTAATCAACGGAGTAAG,PIP9,SingleNE
PIP9_CTGTGACCACTTCCACAAAGGGGTCATT,PIP9,SingleNE
PIP9_CTGTGACCAGAAACTTGGCATCATACCA,PIP9,SingleNE
PIP9_CTGTGACCGAAAGGTGCTAGGTCTAATC,PIP9,SingleNE
PIP9_CTGTGACCGCGTTTAGGAAATCTGATTT,PIP9,SingleNE
PIP9_CTGTGACCGGTCTAACAGCAGACACAAA,PIP9,SingleNE
PIP9_CTGTGACCGGTCTATCTACCTGGGAATT,PIP9,SingleNE
PIP9_CTGTGACCGTTCACAAACACAAACTACA,PIP9,SingleNE
PIP9_CTGTGACCTAACCCGTTCACACATGGAC,PIP9,SingleNE
PIP9_CTGTGACCTACAGAGCACTAGGGTCATT,PIP9,SingleNE
PIP9_CTGTGACCTCTGTGCTATGGGAAAGACA,PIP9,SingleNE
PIP9_CTGTGACCTTAACGGTGATCTTAGCAAT,PIP9,SingleNE
PIP9_CTGTTAAAAATAGCGAAGAAAACAGAAC,PIP9,SingleNE
PIP9_CTGTTAAAACAAAGAAGGTGATATGGGT,PIP9,SingleNE
PIP9_CTGTTAAAGATTTCAAACTCGGGATTAC,PIP9,SingleNE
PIP9_CTGTTAAATCTACCGCTAAGACCAGTTT,PIP9,SingleNE
PIP9_CTGTTGTGAGAAGGTGAGAAGGGATTAC,PIP9,SingleNE
PIP9_CTGTTGTGCTTCGACAATACATATGGGT,PIP9,SingleNE
PIP9_CTGTTGTGTACAGATGTATCATAGATGT,PIP9,SingleNE
PIP9_CTGTTGTGTATGCCGTTGCTTGGGAATT,PIP9,SingleNE
PIP9_CTGTTGTGTTTCTCTGTAACCAAGGTAC,PIP9,SingleNE
PIP9_CTGTTTCCATGCACAAGAGATAATGTGG,PIP9,SingleNE
PIP9_CTGTTTCCCTTCGAAGAAGGATAGATGT,PIP9,SingleNE
PIP9_CTGTTTCCGATATGCTTCCATCCTATAT,PIP9,SingleNE
PIP9_CTGTTTCCTGCTTTTGAGAAGTCAAGAG,PIP9,SingleNE
PIP9_CTGTTTCCTGGGTTGAAGAAGTCAGGTT,PIP9,SingleNE
PIP9_CTTAGTGTAAACCGGTAGAGGGTTAGGG,PIP9,SingleNE
PIP9_CTTAGTGTAAAGGCTAGCGAGATGTGGC,PIP9,SingleNE
PIP9_CTTAGTGTAGTGGAGAAAGGTCCAGAAG,PIP9,SingleNE
PIP9_CTTAGTGTCACGAAGTTTGGGGCAAGGT,PIP9,SingleNE
PIP9_CTTAGTGTCCGTATACCTTTATATGCAA,PIP9,SingleNE
PIP9_CTTAGTGTGAACAGACCTTTAGTAATGG,PIP9,SingleNE
PIP9_CTTAGTGTTAACCCAAAGGCATATGGGT,PIP9,SingleNE
PIP9_CTTAGTGTTGCTAGCTTCCAGGCTATAA,PIP9,SingleNE
PIP9_CTTAGTGTTTAACGTGCTAGCAAGGGTT,PIP9,SingleNE
PIP9_CTTCTACGAAAGACCAGTTGAGTAATGG,PIP9,SingleNE
PIP9_CTTCTACGAATACCGGTTTCCAAGGAAT,PIP9,SingleNE
PIP9_CTTCTACGACTTCCTGTATCGAAGATAT,PIP9,SingleNE
PIP9_CTTCTACGAGACGTAATACCGAAGATAT,PIP9,SingleNE
PIP9_CTTCTACGAGGAAAAAACCGCGTGGGAT,PIP9,SingleNE
PIP9_CTTCTACGCTAAAGACATGTTCATACCA,PIP9,SingleNE
PIP9_CTTCTACGGAAAGGAAGGTGCACAAGTA,PIP9,SingleNE
PIP9_CTTCTACGGTTAGTCTGAAGACTAGAGC,PIP9,SingleNE
PIP9_CTTCTACGGTTCACAAGCACATCCTAGT,PIP9,SingleNE
PIP9_CTTCTACGGTTGCTGAAATCCTCACATC,PIP9,SingleNE
PIP9_CTTCTACGTACAGAGAAGAAGAAAGACA,PIP9,SingleNE
PIP9_CTTCTACGTCTACCGTTAGTGCCTGGTA,PIP9,SingleNE
PIP9_CTTTATCCAATAGCTCTACCGGCTATAA,PIP9,SingleNE
PIP9_CTTTATCCGCTGTACCTAATCGTGGGAT,PIP9,SingleNE
PIP9_CTTTATCCGGTCTACACAAGAGTTTGTA,PIP9,SingleNE
PIP9_CTTTATCCTACAGACTGAAGCGTGTACA,PIP9,SingleNE
PIP9_CTTTATCCTATGCCTAAGGCAATGTATG,PIP9,SingleNE
PIP9_CTTTATCCTCTGTGCTGGTACACAACCT,PIP9,SingleNE
PIP9_CTTTATCCTGCTTTACATGTGGCAAGGT,PIP9,SingleNE
PIP9_CTTTATCCTGGGTTCCTAATGGGTCATT,PIP9,SingleNE
PIP9_CTTTCACTAAACCGCACGAATGAATAGG,PIP9,SingleNE
PIP9_CTTTCACTACAGCACTTTAGTGCACCAG,PIP9,SingleNE
PIP9_CTTTCACTAGGAAATATGCCCAAGGTAC,PIP9,SingleNE
PIP9_CTTTCACTGATTTCAAAGTGACAAGTAG,PIP9,SingleNE
PIP9_CTTTCACTGTTAGTGACAATAAACTGTG,PIP9,SingleNE
PIP9_CTTTCACTTACAGATCTGTGGGTTAGGG,PIP9,SingleNE
PIP9_CTTTGGACCGCAAATATGCCACAGATAA,PIP9,SingleNE
PIP9_CTTTGGACCTGAAGAGGTAAGGGAGATG,PIP9,SingleNE
PIP9_CTTTGGACTCTACCTGAGAATTGCATTC,PIP9,SingleNE
PIP9_GAAATACGAACTGAACCTTTCAAACATT,PIP9,SingleNE
PIP9_GAAATACGAATACCGTAGAGAGTAATGG,PIP9,SingleNE
PIP9_GAAATACGACAGCAGTGATCCGTGGGAT,PIP9,SingleNE
PIP9_GAAATACGCAGTTGTGTATCAATATGAC,PIP9,SingleNE
PIP9_GAAATACGCTGAAGTACTCACAAGGTAC,PIP9,SingleNE
PIP9_GAAATACGGTAGAGTCTACCACAGGCCA,PIP9,SingleNE
PIP9_GAAATACGTAGCGATCAAAGTTTGCCAG,PIP9,SingleNE
PIP9_GAAATACGTCTGTGCTTCCATTCTAGGA,PIP9,SingleNE
PIP9_GACACCTGACAGCATAAGGCGGCTATAA,PIP9,SingleNE
PIP9_GACACCTGATCTGATACTCACACAACCT,PIP9,SingleNE
PIP9_GACACCTGCCGTATCTGGTAACAAGTAG,PIP9,SingleNE
PIP9_GACACCTGCTTTAGAAACCGTGCACCAG,PIP9,SingleNE
PIP9_GACACCTGGAAAGGTTCCAGGGCTATAA,PIP9,SingleNE
PIP9_GACACCTGGAACAGGAAGAACCTTTGTC,PIP9,SingleNE
PIP9_GACACCTGGATGAAGCTGTAACAGGCCA,PIP9,SingleNE
PIP9_GACACCTGGATTTCAGGTAATTTGCCAG,PIP9,SingleNE
PIP9_GACACCTGGCTCTTGAAATCAAGGATGA,PIP9,SingleNE
PIP9_GACACCTGTAAGCCTAAGGCCGTGGGAT,PIP9,SingleNE
PIP9_GACACCTGTCTACCCACGAATACTGAAT,PIP9,SingleNE
PIP9_GAGAAACCAGAAACATCTGATACTGAAT,PIP9,SingleNE
PIP9_GAGAAACCATCTGAGTTGCTATATGGGT,PIP9,SingleNE
PIP9_GAGAAACCCTTCGAAGACGTGGCTATAA,PIP9,SingleNE
PIP9_GAGAAACCCTTGACACCATAGGGATTAC,PIP9,SingleNE
PIP9_GAGAAACCGAGATACTATGGGTCAGGTT,PIP9,SingleNE
PIP9_GAGAAACCGATTTCTATGCCCACAACCT,PIP9,SingleNE
PIP9_GAGAAACCTTGGCACTATGGGTGGTGCT,PIP9,SingleNE
PIP9_GAGAAACCTTGGCATGCTAGTGGCTAGT,PIP9,SingleNE
PIP9_GAGGAGTGAATACCGATACCCTCACATC,PIP9,SingleNE
PIP9_GAGGAGTGACCTTTTACAGATCATACCA,PIP9,SingleNE
PIP9_GAGGAGTGGATATGCACGAACAAACATT,PIP9,SingleNE
PIP9_GAGGGTCAAAGCACAGGAAAACACCAAG,PIP9,SingleNE
PIP9_GAGGGTCAACGGTTGATATGAACAGAAC,PIP9,SingleNE
PIP9_GAGGGTCAAGGAAATAACCCGGTTAGGG,PIP9,SingleNE
PIP9_GAGGGTCAATGTTGTATTGGGATGGTTA,PIP9,SingleNE
PIP9_GAGGGTCACTATGGTAACCCGAGTGTAC,PIP9,SingleNE
PIP9_GAGGGTCACTGGTATCTGTGTGGCTAGT,PIP9,SingleNE
PIP9_GAGGGTCATACAGAAGGTAATGAATAGG,PIP9,SingleNE
PIP9_GAGGGTCATAGCGATAAGGCAACTGCCT,PIP9,SingleNE
PIP9_GAGTGTACGTAGAGATCTTCAATATGAC,PIP9,SingleNE
PIP9_GAGTGTACTGCTTTAGAAACTGGAAAGC,PIP9,SingleNE
PIP9_GAGTGTACTGCTTTGTAGAGTGGTGTCT,PIP9,SingleNE
PIP9_GAGTGTACTTGGTAAGTGGATACCTAAG,PIP9,SingleNE
PIP9_GATGTGGCAATAGCGAAACCGTCAGGTT,PIP9,SingleNE
PIP9_GATGTGGCCAATACGAAACCCAAGGAAT,PIP9,SingleNE
PIP9_GATGTGGCCACAAGTGAACCCCTTTACA,PIP9,SingleNE
PIP9_GATGTGGCGCTCTTAATAGCATCAGGGA,PIP9,SingleNE
PIP9_GATGTGGCGCTGTAAGAAACGATGGTTA,PIP9,SingleNE
PIP9_GATGTGGCTAAGGCCTTGACGTTCTGCT,PIP9,SingleNE
PIP9_GATGTGGCTAGCGAATCTTCCAAACATT,PIP9,SingleNE
PIP9_GATGTGGCTCTACCAAGGTGACCTGAAG,PIP9,SingleNE
PIP9_GATGTGGCTGAAAGCTTCGAAAAGAGGC,PIP9,SingleNE
PIP9_GATGTGGCTGCTAGGTTGCTACCACAGA,PIP9,SingleNE
PIP9_GATTACTTAAGAGATAACCCCTCAAACA,PIP9,SingleNE
PIP9_GATTACTTACAGCACAATACCGTGTGTT,PIP9,SingleNE
PIP9_GATTACTTCACGAACACAAGGAAAGACA,PIP9,SingleNE
PIP9_GATTACTTGAAGAAGAAAGGGCTATGGG,PIP9,SingleNE
PIP9_GATTACTTGCTGTACAAACAATAGATGT,PIP9,SingleNE
PIP9_GATTACTTTATGCCTATTGGTACCTAAG,PIP9,SingleNE
PIP9_GATTACTTTATTGGGATATGTTTGCCAG,PIP9,SingleNE
PIP9_GATTGGGAAAACCGTAACCCACTAGAGC,PIP9,SingleNE
PIP9_GATTGGGAAGACGTTTGGCACTCACATC,PIP9,SingleNE
PIP9_GATTGGGAGTGATCTGGGTTACATGGAC,PIP9,SingleNE
PIP9_GATTGGGATAGCGAACAACCATAGATGT,PIP9,SingleNE
PIP9_GATTGGGATCGATTGAAACCTATGTGAA,PIP9,SingleNE
PIP9_GATTGGGATGGGTTGTAGAGGCCAACAT,PIP9,SingleNE
PIP9_GATTGGGATTCGAAGATACCAATGTATG,PIP9,SingleNE
PIP9_GCCTGGTAAAAGACTAACCCTCATACCA,PIP9,SingleNE
PIP9_GCCTGGTAAAAGTGCTGGTATGGTGTCT,PIP9,SingleNE
PIP9_GCCTGGTAAACTGATCTGTGTCCAGAAG,PIP9,SingleNE
PIP9_GCCTGGTAAGACGTTACTCAATCCTAGT,PIP9,SingleNE
PIP9_GCCTGGTAGTAGAGTGAGAAGGGAGATG,PIP9,SingleNE
PIP9_GCCTGGTATACAGAAACTGACAAGGTAC,PIP9,SingleNE
PIP9_GCCTGGTATATTGGAAGCACGATGCAGA,PIP9,SingleNE
PIP9_GCCTGGTATATTGGAGTGGAGACACAAA,PIP9,SingleNE
PIP9_GCCTGGTATCTACCGAAACCCGTGTACA,PIP9,SingleNE
PIP9_GCCTGGTATTGGTAAAACCGTTGCATTC,PIP9,SingleNE
PIP9_GCTTCTCCCATCTACCTAATAACAGAAC,PIP9,SingleNE
PIP9_GCTTCTCCCCTAATAAAGACCAAGGTAC,PIP9,SingleNE
PIP9_GCTTCTCCCCTAATCTTCCATCATACCA,PIP9,SingleNE
PIP9_GCTTCTCCCTAAAGAACTGAGACACAAA,PIP9,SingleNE
PIP9_GCTTCTCCGAAATCAAACTCTCTGATTT,PIP9,SingleNE
PIP9_GCTTCTCCGTTAGTGAAATCTCATACCA,PIP9,SingleNE
PIP9_GCTTCTCCTCAAAGTGAACCGTTCTGCT,PIP9,SingleNE
PIP9_GCTTCTCCTCAGTCATGCACGATGGTTA,PIP9,SingleNE
PIP9_GCTTCTCCTGAAAGAAACTCATAACAGG,PIP9,SingleNE
PIP9_GTAAACAAAGTGGACTGGTAATATGCAA,PIP9,SingleNE
PIP9_GTCCACTAAAAGACACAGCATGGAAAGC,PIP9,SingleNE
PIP9_GTCCACTAAAGAGATTAACGTCATACCA,PIP9,SingleNE
PIP9_GTCCACTAACATGTTGGGTTACTAGAGC,PIP9,SingleNE
PIP9_GTCCACTAACTTCCCTTGACGTCTAATC,PIP9,SingleNE
PIP9_GTCCACTAAGAAGGTGTAACGGAGGTTT,PIP9,SingleNE
PIP9_GTCCACTACCGTATAAAGACGGCTATAA,PIP9,SingleNE
PIP9_GTCCACTAGAGATACTGGTACCTTTGTC,PIP9,SingleNE
PIP9_GTCCACTAGTTAGTCCTAATTTCTAGGA,PIP9,SingleNE
PIP9_GTCCACTATAGCGAACTTCCTGGTGTCT,PIP9,SingleNE
PIP9_GTCCACTATAGTCTGTGATCATATGCAA,PIP9,SingleNE
PIP9_GTCCACTATCTGTGCACGAAGCTATGGG,PIP9,SingleNE
PIP9_GTCCTTGCAACTGAAGGAAACAAGGGTT,PIP9,SingleNE
PIP9_GTCCTTGCCTTGTTCAATACGTCAGGTT,PIP9,SingleNE
PIP9_GTCCTTGCGTAATCGATATGGGGTCATT,PIP9,SingleNE
PIP9_GTCCTTGCGTTGCTGATATGGTCAGGTT,PIP9,SingleNE
PIP9_GTCTAATCACAACCTTCCAGGTGGTGCT,PIP9,SingleNE
PIP9_GTCTAATCACTTCCTGCTTTTGGGAATT,PIP9,SingleNE
PIP9_GTCTAATCGTTCACTGTATCCTCACATC,PIP9,SingleNE
PIP9_GTCTAATCTGAAAGACCTTTAAAGAGGC,PIP9,SingleNE
PIP9_GTCTTCCTCCAAATTAGCGATGAATAGG,PIP9,SingleNE
PIP9_GTCTTCCTCTAAAGGAAAGGGAAGATAT,PIP9,SingleNE
PIP9_GTCTTCCTGATTTCGCACTACCTATTTA,PIP9,SingleNE
PIP9_GTCTTCCTGCTGTACTTTAGGCCTGGTA,PIP9,SingleNE
PIP9_GTCTTCCTGTACAATTCCAGAATGTATG,PIP9,SingleNE
PIP9_GTCTTCCTTAGTCTGTGATCGTCTAATC,PIP9,SingleNE
PIP9_GTCTTCCTTGGGTTCAGTTGATATGGGT,PIP9,SingleNE
PIP9_GTCTTCCTTGGGTTGTGATCTGAATAGG,PIP9,SingleNE
PIP9_GTGAACTCCACATTTAGCGACTGGGTAT,PIP9,SingleNE
PIP9_GTGAACTCCCGTATGATATGTACTGAAT,PIP9,SingleNE
PIP9_GTGAACTCGCACTAACTTCCGTCTAATC,PIP9,SingleNE
PIP9_GTGAACTCTATTGGAGACGTGAAAGACA,PIP9,SingleNE
PIP9_GTGAGGCAACAGCACTTTAGGATGCAGA,PIP9,SingleNE
PIP9_GTGAGGCAGAGATATATTGGGTCTGGAA,PIP9,SingleNE
PIP9_GTGAGGCATCTGTGATGTTGACTAATTG,PIP9,SingleNE
PIP9_GTGAGGCATGAACCTGTATCGGGATTAC,PIP9,SingleNE
PIP9_GTGAGGCATGGGTTGAAACCGAAGATAT,PIP9,SingleNE
PIP9_GTGAGGCATTAACGAAACCGATAGATGT,PIP9,SingleNE
PIP9_GTGGTGCTAAAGGCGTAATCATATGGGT,PIP9,SingleNE
PIP9_GTGGTGCTACCTTTATCAACCTCAAACA,PIP9,SingleNE
PIP9_GTGGTGCTATCTGATCTACCGCTATGGG,PIP9,SingleNE
PIP9_GTGGTGCTCTATGGATCTGAGAGTGTAC,PIP9,SingleNE
PIP9_GTGGTGCTGAACAGCTTGTTCAAACATT,PIP9,SingleNE
PIP9_GTGGTGCTGTAGAGACAACCTATGTGAA,PIP9,SingleNE
PIP9_GTGGTGCTTAGTCTTAGAACCAGTTTAA,PIP9,SingleNE
PIP9_GTGTCACCACAAAGTTGGCATGGTGTCT,PIP9,SingleNE
PIP9_GTGTCACCGCTGTATCTACCGATGTGGC,PIP9,SingleNE
PIP9_GTGTCACCGTTAGTCCTAATTGGCTAGT,PIP9,SingleNE
PIP9_GTGTCACCTGCTAGTCAAAGCCTATTTA,PIP9,SingleNE
PIP9_GTTCTGCTAACTGAAGGAAAACCAGTTT,PIP9,SingleNE
PIP9_GTTCTGCTAATACCTACTCACCATATGA,PIP9,SingleNE
PIP9_GTTCTGCTAATAGCTGAACCGATGTGGC,PIP9,SingleNE
PIP9_GTTCTGCTACAAAGCTTGTTGTCAAGAG,PIP9,SingleNE
PIP9_GTTCTGCTCTATGGTTAACGGACACAAA,PIP9,SingleNE
PIP9_GTTCTGCTGAAATCGAAGAAGGGTCATT,PIP9,SingleNE
PIP9_GTTCTGCTGATATGGTTTGGCTCAAACA,PIP9,SingleNE
PIP9_GTTCTGCTGTTAGTGTTAGTGGGTCATT,PIP9,SingleNE
PIP9_GTTCTGCTTAGTCTCTTTAGATAACAGG,PIP9,SingleNE
PIP9_GTTGTCCGAAGAGAAGGTAATCATACCA,PIP9,SingleNE
PIP9_GTTGTCCGAAGGTGTATTGGTTTGCCAG,PIP9,SingleNE
PIP9_GTTGTCCGGAGATAAGTTACGTCAGGTT,PIP9,SingleNE
PIP9_GTTGTCCGGATTTCGCGTTTGTCAGGTT,PIP9,SingleNE
PIP9_GTTGTCCGTACAGAATGCACGGGTCATT,PIP9,SingleNE
PIP9_GTTGTCCGTCGATTACTTCCTAATGTGG,PIP9,SingleNE
PIP9_GTTGTCCGTTAACGACAGCATGAATAGG,PIP9,SingleNE
PIP9_TAACTTCTACCTTTTGCTAGAAAGAGGC,PIP9,SingleNE
PIP9_TAACTTCTCCAAATACAACCTCCAGAAG,PIP9,SingleNE
PIP9_TAACTTCTGCTGTACTGAAGGGAGTAAG,PIP9,SingleNE
PIP9_TAACTTCTGTTGCTTGAAAGTACCTAAG,PIP9,SingleNE
PIP9_TACTGAATATGTTGAAGAGACCTTTGTC,PIP9,SingleNE
PIP9_TACTGAATCACAAGGAAAGGTCTGATTT,PIP9,SingleNE
PIP9_TACTGAATCGCAAATGTAACGTCTGGAA,PIP9,SingleNE
PIP9_TACTGAATGAAAGGTGAAAGAAGGATGA,PIP9,SingleNE
PIP9_TACTGAATGAACAGGAAGAACAGTTTAA,PIP9,SingleNE
PIP9_TACTGAATGTACAAAAAGACACAGATAA,PIP9,SingleNE
PIP9_TACTGAATGTTCACGTAATCTATGTGAA,PIP9,SingleNE
PIP9_TACTGAATTAACCCAGAAGGCTCAAACA,PIP9,SingleNE
PIP9_TACTGAATTCAAAGAGGTAACCAGACAG,PIP9,SingleNE
PIP9_TACTGAATTCGATTGAAGAATCATACCA,PIP9,SingleNE
PIP9_TACTGAATTTGGCACCAAATAGTAGTTA,PIP9,SingleNE
PIP9_TAGTCTCTCACATTACTTCCTTCTAGGA,PIP9,SingleNE
PIP9_TAGTCTCTCCGTATGTAGAGGCCAACAT,PIP9,SingleNE
PIP9_TATCCACGCGCAAAAAGAGAATAACAGG,PIP9,SingleNE
PIP9_TATCCACGCGCAAAGTACAACAAGGGTT,PIP9,SingleNE
PIP9_TATCCACGCTAAAGAAAGACCTGTTAAA,PIP9,SingleNE
PIP9_TATCCACGGACAATACCATAAGTAATGG,PIP9,SingleNE
PIP9_TATCCACGGATTTCGATACCCCATATGA,PIP9,SingleNE
PIP9_TATCTGTCACCTTTGATATGAAACTACA,PIP9,SingleNE
PIP9_TATCTGTCGATATGAATACCCAAGGGTT,PIP9,SingleNE
PIP9_TATCTGTCGATATGGCACTACAAGGGTT,PIP9,SingleNE
PIP9_TATCTGTCGTAATCACCTTTCAAGGTAC,PIP9,SingleNE
PIP9_TATCTGTCTGGGTTAGGTAAACTAGAGC,PIP9,SingleNE
PIP9_TATCTGTCTGGGTTATCAACTCCAGAAG,PIP9,SingleNE
PIP9_TATCTGTCTTAACGAGAAGGCGTGTGTT,PIP9,SingleNE
PIP9_TATGTGAAAAACACTAAGGCTCCAGAAG,PIP9,SingleNE
PIP9_TATGTGAAAAGGTGACATGTATCCTAGT,PIP9,SingleNE
PIP9_TATGTGAACTTTAGAATAGCTGGTGTCT,PIP9,SingleNE
PIP9_TATGTGAAGAACAGCTGAAGTTAGCAAT,PIP9,SingleNE
PIP9_TATGTGAAGCGTTTAGAAGGCCTTTACA,PIP9,SingleNE
PIP9_TATGTGAATACAGAGCTAAGGGGTCATT,PIP9,SingleNE
PIP9_TATGTGAATGCTTTAGAAGGGGTTAGGG,PIP9,SingleNE
PIP9_TCCGACACGAAAGGGTTAGTGTGGTGCT,PIP9,SingleNE
PIP9_TCCGACACGCTCTTGGTTTCTATGTGAA,PIP9,SingleNE
PIP9_TCCTATATAACTGAAGACGTAAATAGCA,PIP9,SingleNE
PIP9_TCCTATATACAAAGACCTTTTACTGAAT,PIP9,SingleNE
PIP9_TCCTATATCTGGTAAACTGACAAACATT,PIP9,SingleNE
PIP9_TCCTATATGACAATACAACCGTCAGGTT,PIP9,SingleNE
PIP9_TCCTATATGTGATCGCTAAGTACTGAAT,PIP9,SingleNE
PIP9_TCCTATATGTTTGGTACTCAGGGTCATT,PIP9,SingleNE
PIP9_TCCTATATTTGGTACTGAAGGCCAACAT,PIP9,SingleNE
PIP9_TCTAAACTAAAGGCGTAATCGGAGGTTT,PIP9,SingleNE
PIP9_TCTAAACTAAAGGCTTGGTATGGAAAGC,PIP9,SingleNE
PIP9_TCTAAACTAGAAGGTAAGGCAATATGAC,PIP9,SingleNE
PIP9_TCTAAACTCCTAATGATACCGCCTGGTA,PIP9,SingleNE
PIP9_TCTAAACTCTTGACACCATAAATGTATG,PIP9,SingleNE
PIP9_TCTAAACTGCACTAGAAGAATGGAAAGC,PIP9,SingleNE
PIP9_TCTAAACTGTTTGGCTTTAGCTCAAACA,PIP9,SingleNE
PIP9_TCTAAACTTAGCGACTATGGGATGCAGA,PIP9,SingleNE
PIP9_TCTAAACTTGTATCCTATGGTTCTAGGA,PIP9,SingleNE
PIP9_TCTATTCCAAACACGATATGACAAAGAT,PIP9,SingleNE
PIP9_TCTATTCCATCTGAGTTGCTCTGTTAAA,PIP9,SingleNE
PIP9_TCTATTCCCACGAAAATACCTCTGATTT,PIP9,SingleNE
PIP9_TCTATTCCCCGTATAGTGGATTAGCAAT,PIP9,SingleNE
PIP9_TCTATTCCCCTAATACTTCCGGGATTAC,PIP9,SingleNE
PIP9_TCTATTCCGAAAGGGTACAACTCACATC,PIP9,SingleNE
PIP9_TCTATTCCGGTTTCCTTGTTGACACAAA,PIP9,SingleNE
PIP9_TCTATTCCTATTGGAGTTACACCAGTTT,PIP9,SingleNE
PIP9_TCTATTCCTGAAAGACCTTTTTCTAGGA,PIP9,SingleNE
PIP9_TCTATTCCTGAGAAGTTCACATAGATGT,PIP9,SingleNE
PIP9_TCTTTGACCACGAAAAACCGGTCTAATC,PIP9,SingleNE
PIP9_TCTTTGACCTATGGCTGAAGTGGCTAGT,PIP9,SingleNE
PIP9_TCTTTGACGTAATCACATGTAAGGATGA,PIP9,SingleNE
PIP9_TCTTTGACTAAGGCTTCCAGAGTAGTTA,PIP9,SingleNE
PIP9_TGCTTCATAAAGACTGCTTTGGCAAGGT,PIP9,SingleNE
PIP9_TGCTTCATCAGTTGTGAACCGATGTGGC,PIP9,SingleNE
PIP9_TGCTTCATTCTACCTGTAACATCCTAGT,PIP9,SingleNE
PIP9_TGCTTCATTGAACCAGAAACGTCTGGAA,PIP9,SingleNE
PIP9_TTAGCTGCAAACACAGGAAACAAGGGTT,PIP9,SingleNE
PIP9_TTAGCTGCAGAAGGAGGTAAATATGCAA,PIP9,SingleNE
PIP9_TTAGCTGCCTATGGCCAAATGGAGGTTT,PIP9,SingleNE
PIP9_TTAGCTGCTGGGTTGTTCACCTCACATC,PIP9,SingleNE
PIP9_TTCACTGGAAACCGTGTAACAATGTATG,PIP9,SingleNE
PIP9_TTCACTGGAAAGGCGAAAGGAACAGAAC,PIP9,SingleNE
PIP9_TTCACTGGAAGGTGATGCACCAGTTTAA,PIP9,SingleNE
PIP9_TTCACTGGGAAAGGACAACCGGTTAGGG,PIP9,SingleNE
PIP9_TTCACTGGGTACAAGTAATCATAGATGT,PIP9,SingleNE
PIP9_TTCACTGGTGAACCAGAAACCGTGGGAT,PIP9,SingleNE
PIP9_TTGCTCTAACATGTCTGAAGTCCAGAAG,PIP9,SingleNE
PIP9_TTGCTCTACAATACGAAACCAATATGAC,PIP9,SingleNE
PIP9_TTGCTCTACTATGGAGACGTGAAAGACA,PIP9,SingleNE
PIP9_TTGCTCTAGAAATCCTGGTATGGAAAGC,PIP9,SingleNE
PIP9_TTGCTCTAGGTCTATTAACGGATGGTTA,PIP9,SingleNE
PIP9_TTGCTCTATCGATTCTTTAGGGCAAGGT,PIP9,SingleNE
PIP9_TTGGGTCCATCTGAACAAAGACACCAAG,PIP9,SingleNE
PIP9_TTTGTACAAAAGACTGGGTTCAAGGGTT,PIP9,SingleNE
PIP9_TTTGTACAACAAAGCTGAAGGTCTAATC,PIP9,SingleNE
PIP9_TTTGTACACACAAGAGGTAACAGTTTAA,PIP9,SingleNE
PIP9_TTTGTACACCAAATAGGTAAACCACAGA,PIP9,SingleNE
PIP9_TTTGTACAGAAATCAGGTAAACTAGAGC,PIP9,SingleNE
PIP9_TTTGTACAGAAATCATGTTGGAAGATAT,PIP9,SingleNE
PIP9_TTTGTACAGCACTAATCTGAGGTTACAC,PIP9,SingleNE
PIP9_TTTGTACAGTTCACTTAACGGGAGGTTT,PIP9,SingleNE
PIP9_TTTGTACATAGCGAAATACCTCCTATAT,PIP9,SingleNE
PIP9_TTTGTACATCAGTCAACTGAGGAGTAAG,PIP9,SingleNE
PIP9_TTTGTACATCTGTGGTAATCGGTTAGGG,PIP9,SingleNE
PIP9_TTTGTACATGAGAAAAGAGAGGTTACAC,PIP9,SingleNE
PIP9_TTTGTACATTGGCATCTACCACTAGAGC,PIP9,SingleNE
PIP9_TTTGTACATTGGTAGCACTAGAAGATAT,PIP9,SingleNE
PIP17_AAACAAACAAACCGCTTCCAATATGCAA,PIP17,SingleNE
PIP17_AAACAAACACAACCAGACGTGGCTATAA,PIP17,SingleNE
PIP17_AAACAAACCAATACGTTTGGTCTGATTT,PIP17,SingleNE
PIP17_AAACAAACGATTTCAAAGACGTGGTGCT,PIP17,SingleNE
PIP17_AAACAAACGCTCTTAATAGCTCCAGAAG,PIP17,SingleNE
PIP17_AAACAAACGCTGTAAAGAGAAAAGAGGC,PIP17,SingleNE
PIP17_AAACAAACGGTTTCTCTACCTCTGATTT,PIP17,SingleNE
PIP17_AAACAAACTATTGGACAAAGAATGTATG,PIP17,SingleNE
PIP17_AAACAAACTGAACCATGTTGATCAGGGA,PIP17,SingleNE
PIP17_AAACCGCCAAACACCCTAATAGTAATGG,PIP17,SingleNE
PIP17_AAACCGCCAAAGTGGAAAGGAGTAGTTA,PIP17,SingleNE
PIP17_AAACCGCCAATAGCGAAAGGCAAGGGTT,PIP17,SingleNE
PIP17_AAACCGCCAATAGCTCAGTCATCAGGGA,PIP17,SingleNE
PIP17_AAACCGCCACAGCAGTAGAGGTCTGGAA,PIP17,SingleNE
PIP17_AAACCGCCCAATACTGCTAGCCAGACAG,PIP17,SingleNE
PIP17_AAACCGCCCCGTATTTGGCAAGTTTGTA,PIP17,SingleNE
PIP17_AAACCGCCCCTAATTGCTAGTTTGCCAG,PIP17,SingleNE
PIP17_AAACCGCCCTGGTAATCTTCCTGTTAAA,PIP17,SingleNE
PIP17_AAACCGCCGATATGAGTGGAGTCAAGAG,PIP17,SingleNE
PIP17_AAACCGCCTAACCCAAAGACACACCAAG,PIP17,SingleNE
PIP17_AAACCGCCTAGTCTATGTTGGGAGTAAG,PIP17,SingleNE
PIP17_AAACCGCCTCAAAGGGTTTCTGCACCAG,PIP17,SingleNE
PIP17_AAACCGCCTCAGTCCTTTAGTACCTAAG,PIP17,SingleNE
PIP17_AAACCGCCTTGGCACACAAGTTGCATTC,PIP17,SingleNE
PIP17_AAACTACAAAACCGGCACTAAACTGCCT,PIP17,SingleNE
PIP17_AAACTACAAAGAGACCTAATCGTGTACA,PIP17,SingleNE
PIP17_AAACTACACCAAATGAAAGGAATATGAC,PIP17,SingleNE
PIP17_AAACTACACTTCGATATTGGAAAGAGGC,PIP17,SingleNE
PIP17_AAACTACAGAAAGGATCAACCAAACATT,PIP17,SingleNE
PIP17_AAACTACAGAACAGGTTAGTGAAAGACA,PIP17,SingleNE
PIP17_AAACTACAGCTGTATGAACCAACAGAAC,PIP17,SingleNE
PIP17_AAACTACATGCTAGTGAGAACCATATGA,PIP17,SingleNE
PIP17_AAACTACATGCTAGTGGGTTGGAGGTTT,PIP17,SingleNE
PIP17_AAAGAGGCCAGTTGAGGTAAATATGGGT,PIP17,SingleNE
PIP17_AAAGAGGCGCGTTTAAGCTCACTAATTG,PIP17,SingleNE
PIP17_AAAGAGGCGTACAAAACTGATGCACCAG,PIP17,SingleNE
PIP17_AAAGAGGCGTTCACTGCTTTGGCAAGGT,PIP17,SingleNE
PIP17_AAAGAGGCTACAGAGAAGAAGATGCAGA,PIP17,SingleNE
PIP17_AAAGAGGCTGCTAGTGTATCATAACAGG,PIP17,SingleNE
PIP17_AAAGAGGCTGGGTTGCTGTATCTGATTT,PIP17,SingleNE
PIP17_AAATTCCGAACTGAATCTGACTGTTAAA,PIP17,SingleNE
PIP17_AAATTCCGATGCACGACAATGGTTAGGG,PIP17,SingleNE
PIP17_AAATTCCGCAATACGTACAAAATATGAC,PIP17,SingleNE
PIP17_AAATTCCGCTTGACTTGGTAGAGTGTAC,PIP17,SingleNE
PIP17_AAATTCCGCTTTAGCAAACATGGTGTCT,PIP17,SingleNE
PIP17_AAATTCCGGAGATAAGTGGAACCTGAAG,PIP17,SingleNE
PIP17_AAATTCCGGAGATAGTAGAGATCCTAGT,PIP17,SingleNE
PIP17_AAATTCCGGCTCTTGCACTAGTCTAATC,PIP17,SingleNE
PIP17_AAATTCCGGGTCTAAGACGTTCATACCA,PIP17,SingleNE
PIP17_AAATTCCGGGTTTCAGGAAAAGTTTGTA,PIP17,SingleNE
PIP17_AAATTCCGGTACAATAAGGCAATATGAC,PIP17,SingleNE
PIP17_AAATTCCGTAGCGAGAAGAAAACAAATG,PIP17,SingleNE
PIP17_AAATTCCGTAGTCTCACGAACCAGACAG,PIP17,SingleNE
PIP17_AAATTCCGTGCTAGTCAGTCCGTGTACA,PIP17,SingleNE
PIP17_AAATTCCGTTGGCACACATTCAAGGTAC,PIP17,SingleNE
PIP17_AAATTCCGTTTCTCTGAACCTCATACCA,PIP17,SingleNE
PIP17_AACTGCCTAACTGATGAAAGAAAGAGGC,PIP17,SingleNE
PIP17_AACTGCCTACATGTAAAGGCTAATGTGG,PIP17,SingleNE
PIP17_AACTGCCTAGTTACTGAGAATTTGCCAG,PIP17,SingleNE
PIP17_AACTGCCTCCGTATGATATGCAAGGGTT,PIP17,SingleNE
PIP17_AACTGCCTCTTGTTAAACACAAACTGTG,PIP17,SingleNE
PIP17_AACTGCCTGAAATCCTGGTATATGTGAA,PIP17,SingleNE
PIP17_AACTGCCTGATGAAATCAACGGCTATAA,PIP17,SingleNE
PIP17_AACTGCCTGATGAAATGTTGGGAGGTTT,PIP17,SingleNE
PIP17_AACTGCCTGCTGTATTAACGGGGTCATT,PIP17,SingleNE
PIP17_AACTGCCTGTTAGTAACTGATCCAGAAG,PIP17,SingleNE
PIP17_AACTGCCTTTAACGTCCATAACCTGAAG,PIP17,SingleNE
PIP17_AACTGCCTTTGGCATCAAAGAAGGATGA,PIP17,SingleNE
PIP17_AAGAGTATAAAGACGCACTAATAACAGG,PIP17,SingleNE
PIP17_AAGAGTATACAAAGTGTATCCCTTTGTC,PIP17,SingleNE
PIP17_AAGAGTATATCTGAAAAGGCCCTTTGTC,PIP17,SingleNE
PIP17_AAGAGTATATGCACCCTAATACAAGTAG,PIP17,SingleNE
PIP17_AAGAGTATCCAAATAACTGAACAGATAA,PIP17,SingleNE
PIP17_AAGAGTATCCGTATTCTACCGGTTAGGG,PIP17,SingleNE
PIP17_AAGAGTATCGCAAAGAAGAAGTTCTGCT,PIP17,SingleNE
PIP17_AAGAGTATCTAAAGAAAGTGGATGGTTA,PIP17,SingleNE
PIP17_AAGAGTATGTAATCATCAACATAACAGG,PIP17,SingleNE
PIP17_AAGAGTATTAACCCTAAGCCGACACAAA,PIP17,SingleNE
PIP17_AAGAGTATTAAGGCTGTAACAGTTTGTA,PIP17,SingleNE
PIP17_AAGAGTATTAGCGAAAACCGAACAGAAC,PIP17,SingleNE
PIP17_AAGAGTATTCAGTCGAAGAAAAACTACA,PIP17,SingleNE
PIP17_AAGAGTATTGCTTTTATGCCCACAAGTA,PIP17,SingleNE
PIP17_AAGCCTTCAACTGAGACAATAACTGCCT,PIP17,SingleNE
PIP17_AAGCCTTCAGAAGGATGTTGGGCAAGGT,PIP17,SingleNE
PIP17_AAGCCTTCAGACGTGAAAGGGAGTGTAC,PIP17,SingleNE
PIP17_AAGCCTTCAGGTAAACCATAGTTCTGCT,PIP17,SingleNE
PIP17_AAGCCTTCCCGTATACTTCCTAATGTGG,PIP17,SingleNE
PIP17_AAGCCTTCGTAATCAAGCACTCTGATTT,PIP17,SingleNE
PIP17_AAGCCTTCGTGATCATCTGACCAGACAG,PIP17,SingleNE
PIP17_AAGCCTTCTAAGGCAGGTAAAAGGATGA,PIP17,SingleNE
PIP17_AAGCCTTCTCGATTCAAACAGAGTGTAC,PIP17,SingleNE
PIP17_AAGCCTTCTCTACCTCTACCCTGGGTAT,PIP17,SingleNE
PIP17_AAGCCTTCTGCTTTGAAAGGTAATGTGG,PIP17,SingleNE
PIP17_AAGCCTTCTTCGAAGCTAAGCTCAAACA,PIP17,SingleNE
PIP17_AAGCCTTCTTGGTACCAAATAACAAATG,PIP17,SingleNE
PIP17_AAGCTCCTATGCACAGGAAACAAACATT,PIP17,SingleNE
PIP17_AAGCTCCTGAAATCAGAAACGGGATTAC,PIP17,SingleNE
PIP17_AAGCTCCTGAAATCAGAAACGTGGTGCT,PIP17,SingleNE
PIP17_AAGCTCCTGAACAGGTGATCAACAGAAC,PIP17,SingleNE
PIP17_AAGCTCCTGCTCTTACCATAGATGTGGC,PIP17,SingleNE
PIP17_AAGCTCCTTACAGAAATAGCATAACAGG,PIP17,SingleNE
PIP17_AAGCTCCTTAGTCTACAACCTGGAAAGC,PIP17,SingleNE
PIP17_AAGCTCCTTAGTCTGTGATCCACAAGTA,PIP17,SingleNE
PIP17_AAGCTCCTTATTGGCTTCCAAACAAATG,PIP17,SingleNE
PIP17_AAGCTCCTTGAACCCCTAATACTAATTG,PIP17,SingleNE
PIP17_AAGCTCCTTTTCTCAAGGTGAGTTTGTA,PIP17,SingleNE
PIP17_AAGGGACCAAAGGCTAGAACTGAATAGG,PIP17,SingleNE
PIP17_AAGGGACCAGAAACCAAACATGGCTAGT,PIP17,SingleNE
PIP17_AAGGGACCATCTGATTCCAGGACACAAA,PIP17,SingleNE
PIP17_AAGGGACCGAAAGGGTGATCGTTCTGCT,PIP17,SingleNE
PIP17_AAGGGACCGTAATCAGTGGAACATGGAC,PIP17,SingleNE
PIP17_AAGGGACCTAAGCCTCCATAAGTAATGG,PIP17,SingleNE
PIP17_AAGGGACCTATGCCCTTGACAAAGAGGC,PIP17,SingleNE
PIP17_AAGGGACCTATTGGAAAGACTACCTAAG,PIP17,SingleNE
PIP17_AAGGGACCTCTACCGACAATAGTAGTTA,PIP17,SingleNE
PIP17_AAGGGACCTTCGAAAAAGTGACTAGAGC,PIP17,SingleNE
PIP17_AAGTCCAAAACTGAATGCACAGTTTGTA,PIP17,SingleNE
PIP17_AAGTCCAAAAGAGACTTCCAATATGCAA,PIP17,SingleNE
PIP17_AAGTCCAAACCTTTAAACTCAATGTATG,PIP17,SingleNE
PIP17_AAGTCCAAAGAAGGGAAATCACAGATAA,PIP17,SingleNE
PIP17_AAGTCCAAAGGTAAAACTGACAAACATT,PIP17,SingleNE
PIP17_AAGTCCAACTGAAGCTATGGGTCAAGAG,PIP17,SingleNE
PIP17_AAGTCCAATCTGTGTCAAAGACTAATTG,PIP17,SingleNE
PIP17_AAGTCCAATGAACCGTGATCCACAACCT,PIP17,SingleNE
PIP17_AAGTCCAATGAGAAACAGCATCCTATAT,PIP17,SingleNE
PIP17_AAGTCCAATGCTAGATGTTGATATGGGT,PIP17,SingleNE
PIP17_AAGTCCAATTGGCACTAAAGCCTTTACA,PIP17,SingleNE
PIP17_AAGTCCAATTTCTCAATACCAAACTACA,PIP17,SingleNE
PIP17_AAGTTGTCAAAGACTTAACGATATGCAA,PIP17,SingleNE
PIP17_AAGTTGTCAGGTAAATCAACATAGATGT,PIP17,SingleNE
PIP17_AAGTTGTCCAGTTGGCTGTATGGGAATT,PIP17,SingleNE
PIP17_AAGTTGTCCAGTTGGTGATCATCCTAGT,PIP17,SingleNE
PIP17_AAGTTGTCCCGTATAGGAAACTGGGTAT,PIP17,SingleNE
PIP17_AAGTTGTCCTTTAGGAAGAAGATGCAGA,PIP17,SingleNE
PIP17_AAGTTGTCGTGATCCTGGTAGGAGGTTT,PIP17,SingleNE
PIP17_AAGTTGTCTGGGTTTGCTAGAAGGATGA,PIP17,SingleNE
PIP17_AATACATCACAGCAACAAAGACAGATAA,PIP17,SingleNE
PIP17_AATACATCCATCTAGCGTTTCCTTTACA,PIP17,SingleNE
PIP17_AATACATCCCGTATGATATGATATGGGT,PIP17,SingleNE
PIP17_AATACATCCTATGGAAGCACAGTTTGTA,PIP17,SingleNE
PIP17_AATACATCCTTTAGTTGGTATCAAATGG,PIP17,SingleNE
PIP17_AATACATCGAAGAAATGCACATATGGGT,PIP17,SingleNE
PIP17_AATACATCGATTTCAAAGTGGATGGTTA,PIP17,SingleNE
PIP17_AATACATCGTTCACAAAGTGGGAGTAAG,PIP17,SingleNE
PIP17_AATACATCGTTTGGATGCACGTGGTGCT,PIP17,SingleNE
PIP17_AATACATCTTGGCAAAAGACATGCATAT,PIP17,SingleNE
PIP17_AATACATCTTTCTCTACAGAGTGGTGCT,PIP17,SingleNE
PIP17_AATATGACACATGTCTATGGCAAGGGTT,PIP17,SingleNE
PIP17_AATATGACAGGTAAGTACAAACACCAAG,PIP17,SingleNE
PIP17_AATATGACATGCACACAACCTTCTAGGA,PIP17,SingleNE
PIP17_AATATGACCCGTATGGTTTCCTGTTAAA,PIP17,SingleNE
PIP17_AATATGACCGCAAACTTGACGGGTCATT,PIP17,SingleNE
PIP17_AATATGACCTGGTAATCAACCAAGGGTT,PIP17,SingleNE
PIP17_AATATGACGTAATCGTTGCTAATGTATG,PIP17,SingleNE
PIP17_AATATGACGTAATCTGAGAAAGTAATGG,PIP17,SingleNE
PIP17_AATATGACGTTAGTTACTCAATATGCAA,PIP17,SingleNE
PIP17_ACCAGTTTAAGCACCTTTAGCAAGGAAT,PIP17,SingleNE
PIP17_ACCAGTTTAGACGTTGGGTTGGGAGATG,PIP17,SingleNE
PIP17_ACCAGTTTAGTGGACAATACATGCATAT,PIP17,SingleNE
PIP17_ACCAGTTTAGTGGACTTGTTATATGGGT,PIP17,SingleNE
PIP17_ACCAGTTTCACATTCCTAATGATGCAGA,PIP17,SingleNE
PIP17_ACCAGTTTGATTTCAATACCGGCTATAA,PIP17,SingleNE
PIP17_ACCAGTTTGCTCTTGTTCACATGCATAT,PIP17,SingleNE
PIP17_ACCAGTTTGGTCTATGAGAACAAGGGTT,PIP17,SingleNE
PIP17_ACCAGTTTGGTTTCCACGAAGCTATGGG,PIP17,SingleNE
PIP17_ACCAGTTTGGTTTCGGTTTCTTTGCCAG,PIP17,SingleNE
PIP17_ACCAGTTTGTAATCAACTGAGATGGTTA,PIP17,SingleNE
PIP17_ACCAGTTTGTTAGTTGAACCAAGGATGA,PIP17,SingleNE
PIP17_ACCAGTTTTCAAAGGTAGAGATGCATAT,PIP17,SingleNE
PIP17_ACCAGTTTTGAACCCTGAAGCGTGTACA,PIP17,SingleNE
PIP17_ACCAGTTTTGCTAGACAGCACAAGGTAC,PIP17,SingleNE
PIP17_ACCAGTTTTTCGAAAGTGGAGGGATTAC,PIP17,SingleNE
PIP17_ACCAGTTTTTTCTCTTAACGTAATGTGG,PIP17,SingleNE
PIP17_ACTCATACATGCACCACGAACTGTTAAA,PIP17,SingleNE
PIP17_ACTCATACGAACAGCTTTAGAACAGAAC,PIP17,SingleNE
PIP17_ACTCATACGGTCTACACGAAGGCTATAA,PIP17,SingleNE
PIP17_ACTCATACGTAGAGAGGTAACCTTTGTC,PIP17,SingleNE
PIP17_ACTCATACGTGATCTAGCGAGGAGTAAG,PIP17,SingleNE
PIP17_ACTCATACGTTTGGTTGGCACCAGACAG,PIP17,SingleNE
PIP17_ACTCATACTAGTCTGCTAAGGCTATGGG,PIP17,SingleNE
PIP17_ACTCATACTATTGGTTGGCAAATAAGGA,PIP17,SingleNE
PIP17_ACTCATACTGAGAATAAGCCATATGCAA,PIP17,SingleNE
PIP17_AGAAACCAAAAGTGTGAAAGAAGGATGA,PIP17,SingleNE
PIP17_AGAAACCAGAGATATGGGTTGAAAGACA,PIP17,SingleNE
PIP17_AGAAACCAGATGAATACAGACGTGTACA,PIP17,SingleNE
PIP17_AGAAACCATATTGGCACATTTGCACCAG,PIP17,SingleNE
PIP17_AGAAACCATCAAAGTTCCAGAATGTATG,PIP17,SingleNE
PIP17_AGAAACCATTGGCACAATACCCTATTTA,PIP17,SingleNE
PIP17_AGACCTCACTAAAGGTTAGTGTCTAATC,PIP17,SingleNE
PIP17_AGACCTCACTATGGAGACGTTGGAAAGC,PIP17,SingleNE
PIP17_AGACCTCACTTGACTAAGGCCAAGGAAT,PIP17,SingleNE
PIP17_AGACCTCAGTAATCTTGGTATGCACCAG,PIP17,SingleNE
PIP17_AGACCTCAGTGATCACCTTTTCCTATAT,PIP17,SingleNE
PIP17_AGACCTCATCTACCACAAAGCGTGTGTT,PIP17,SingleNE
PIP17_AGACGAGGAAACCGGAAGAATCAAATGG,PIP17,SingleNE
PIP17_AGACGAGGAAACCGTAGAACATAGATGT,PIP17,SingleNE
PIP17_AGACGAGGACTTCCCCAAATCTCAAACA,PIP17,SingleNE
PIP17_AGACGAGGCACAAGCAGTTGACAAGTAG,PIP17,SingleNE
PIP17_AGACGAGGCAGTTGATCAACACATGGAC,PIP17,SingleNE
PIP17_AGACGAGGGATGAAAGGTAAGGAGGTTT,PIP17,SingleNE
PIP17_AGACGAGGGCACTAGTAATCGAGTGTAC,PIP17,SingleNE
PIP17_AGACGAGGTAGCGAAGAAGGTCTGATTT,PIP17,SingleNE
PIP17_AGACGAGGTAGCGATAAGCCATGCATAT,PIP17,SingleNE
PIP17_AGACGAGGTAGTCTGCTAAGTGGAAAGC,PIP17,SingleNE
PIP17_AGACGAGGTGAAAGGCTAAGACAGGCCA,PIP17,SingleNE
PIP17_AGAGGTGCACTTCCTACTCATGGGAATT,PIP17,SingleNE
PIP17_AGAGGTGCAGAAACTACAGACAAGGAAT,PIP17,SingleNE
PIP17_AGAGGTGCATCAACCTGAAGAACAGAAC,PIP17,SingleNE
PIP17_AGAGGTGCGAAAGGGAAATCAGTAATGG,PIP17,SingleNE
PIP17_AGAGGTGCGAACAGAAGAGACTCAAACA,PIP17,SingleNE
PIP17_AGAGGTGCGAGATATGTATCATAGATGT,PIP17,SingleNE
PIP17_AGAGGTGCTTGGCACTGAAGGCTATGGG,PIP17,SingleNE
PIP17_AGCTCCACAAACACTACAGAGTCTAATC,PIP17,SingleNE
PIP17_AGCTCCACAAACCGTCTACCCTGGGTAT,PIP17,SingleNE
PIP17_AGCTCCACACAGCAAAGAGAGCTATGGG,PIP17,SingleNE
PIP17_AGCTCCACAGGAAAAAGGTGAAGGATGA,PIP17,SingleNE
PIP17_AGCTCCACCACAAGAAAGACAGTTTGTA,PIP17,SingleNE
PIP17_AGCTCCACCACAAGCTAAAGGAAAGACA,PIP17,SingleNE
PIP17_AGCTCCACCACATTAGAAGGACCAGTTT,PIP17,SingleNE
PIP17_AGCTCCACCCAAATCTATGGAAACTACA,PIP17,SingleNE
PIP17_AGCTCCACCTTGACGCACTATAATGTGG,PIP17,SingleNE
PIP17_AGCTCCACCTTTAGAATACCATGCATAT,PIP17,SingleNE
PIP17_AGCTCCACGAGATAAGTTACGGTTACAC,PIP17,SingleNE
PIP17_AGCTCCACGGTTTCTAACCCCACAAGTA,PIP17,SingleNE
PIP17_AGCTCCACGTTAGTGTACAATACTGAAT,PIP17,SingleNE
PIP17_AGCTCCACGTTTGGGTAGAGATCAGGGA,PIP17,SingleNE
PIP17_AGCTCCACGTTTGGTCTGTGCAAGGTAC,PIP17,SingleNE
PIP17_AGCTCCACTAAGCCGAACAGAGTTTGTA,PIP17,SingleNE
PIP17_AGCTCCACTACAGAGTGATCACAGATAA,PIP17,SingleNE
PIP17_AGCTCCACTAGTCTCAGTTGGGAGGTTT,PIP17,SingleNE
PIP17_AGCTCCACTATGCCCAAACAACAGATAA,PIP17,SingleNE
PIP17_AGCTCCACTGTATCAGGTAAAACTGCCT,PIP17,SingleNE
PIP17_AGGACACAAAGAGAAGAAGGTAATGTGG,PIP17,SingleNE
PIP17_AGGACACAAGAAGGTGAGAAATATGGGT,PIP17,SingleNE
PIP17_AGGACACACCGTATATGTTGGATGTGGC,PIP17,SingleNE
PIP17_AGGACACACTTGTTTCTGTGACAGATAA,PIP17,SingleNE
PIP17_AGGACACAGATGAACACATTACTAATTG,PIP17,SingleNE
PIP17_AGGACACATCTGTGTGAACCGCTATGGG,PIP17,SingleNE
PIP17_AGGACACATGAACCTGAGAATACTGAAT,PIP17,SingleNE
PIP17_AGGACACATTTCTCAATACCCACAACCT,PIP17,SingleNE
PIP17_AGTAGTTAAAAGACACAACCACATGGAC,PIP17,SingleNE
PIP17_AGTAGTTAAAAGGCAAACCGATATGCAA,PIP17,SingleNE
PIP17_AGTAGTTAACAGCAAAGAGACCTATTTA,PIP17,SingleNE
PIP17_AGTAGTTAAGGAAAGTACAAACAAAGAT,PIP17,SingleNE
PIP17_AGTAGTTAATCTGAGTACAATAATGTGG,PIP17,SingleNE
PIP17_AGTAGTTAATGCACGTTAGTTGAATAGG,PIP17,SingleNE
PIP17_AGTAGTTACTATGGTGTATCACATGGAC,PIP17,SingleNE
PIP17_AGTAGTTAGATGAAAAGGTGAAAGAGGC,PIP17,SingleNE
PIP17_AGTAGTTAGTGATCCTTGTTGGTTAGGG,PIP17,SingleNE
PIP17_AGTAGTTAGTTAGTGTAGAGGTCTAATC,PIP17,SingleNE
PIP17_AGTAGTTAGTTGCTACTTCCGAAGATAT,PIP17,SingleNE
PIP17_AGTAGTTATAGCGAGTACAAAACAAATG,PIP17,SingleNE
PIP17_AGTAGTTATAGTCTGTAATCCGTGTACA,PIP17,SingleNE
PIP17_AGTAGTTATATGCCCACAAGATATGGGT,PIP17,SingleNE
PIP17_AGTAGTTATATTGGAAACTCACAGGCCA,PIP17,SingleNE
PIP17_AGTAGTTATCAAAGCTGAAGGCCAACAT,PIP17,SingleNE
PIP17_AGTAGTTATGAACCTGTAACTGAATAGG,PIP17,SingleNE
PIP17_AGTAGTTATGGGTTACTTCCGACACAAA,PIP17,SingleNE
PIP17_AGTCACAAAAACACAGAAACACCACAGA,PIP17,SingleNE
PIP17_AGTCACAAACAGCATACTCAACTAATTG,PIP17,SingleNE
PIP17_AGTCACAAACCTTTTCAGTCGTCTGGAA,PIP17,SingleNE
PIP17_AGTCACAACATCTATTGGCACGTGGGAT,PIP17,SingleNE
PIP17_AGTCACAAGATATGAGGAAACGTGGGAT,PIP17,SingleNE
PIP17_AGTCACAATCAAAGGCTGTATCATACCA,PIP17,SingleNE
PIP17_AGTCACAATTTCTCATCAACATAACAGG,PIP17,SingleNE
PIP17_AGTGCTTCAAGAGACACAAGTTAGCAAT,PIP17,SingleNE
PIP17_AGTGCTTCACGGTTGATACCGATGGTTA,PIP17,SingleNE
PIP17_AGTGCTTCACTTCCTATGCCTGAATAGG,PIP17,SingleNE
PIP17_AGTGCTTCAGGAAAAATACCTCCAGAAG,PIP17,SingleNE
PIP17_AGTGCTTCAGGTAATCAAAGTATGTGAA,PIP17,SingleNE
PIP17_AGTGCTTCATGTTGCAAACATGAATAGG,PIP17,SingleNE
PIP17_AGTGCTTCCACGAAAGACGTCCAGACAG,PIP17,SingleNE
PIP17_AGTGCTTCCTGAAGCCTAATGGTTACAC,PIP17,SingleNE
PIP17_AGTGCTTCGAAAGGCCTAATGGGATTAC,PIP17,SingleNE
PIP17_AGTGCTTCGAGATAAGGAAACCTATTTA,PIP17,SingleNE
PIP17_AGTGCTTCGGTTTCCTTCGACCTTTGTC,PIP17,SingleNE
PIP17_AGTGCTTCGGTTTCGTTGCTTGGCTAGT,PIP17,SingleNE
PIP17_AGTGCTTCTGAACCAAAGTGATCAGGGA,PIP17,SingleNE
PIP17_AGTGCTTCTGCTTTTAACCCTCAAATGG,PIP17,SingleNE
PIP17_AGTGCTTCTTTCTCTAGCGACCAGACAG,PIP17,SingleNE
PIP17_AGTTGAACAAAGGCGTGATCACCAGTTT,PIP17,SingleNE
PIP17_AGTTGAACAATAGCACTTCCCGTGGGAT,PIP17,SingleNE
PIP17_AGTTGAACACCTTTAAACACTGGCTAGT,PIP17,SingleNE
PIP17_AGTTGAACAGAAGGATCTTCGCCTGGTA,PIP17,SingleNE
PIP17_AGTTGAACATCTGAGAAAGGGGAGGTTT,PIP17,SingleNE
PIP17_AGTTGAACCACGAAGAAACCGCTATGGG,PIP17,SingleNE
PIP17_AGTTGAACCTAAAGAAAGGCCACAAGTA,PIP17,SingleNE
PIP17_AGTTGAACGATTTCCACGAAAAGGATGA,PIP17,SingleNE
PIP17_AGTTGAACGCTGTAGATACCAAACTGTG,PIP17,SingleNE
PIP17_AGTTGAACGTTAGTCTGAAGCCATATGA,PIP17,SingleNE
PIP17_AGTTGAACTAACCCACCATAAGTTTGTA,PIP17,SingleNE
PIP17_AGTTGAACTAACCCGAAATCGAAGATAT,PIP17,SingleNE
PIP17_AGTTGAACTACAGAAACTGACTGTTAAA,PIP17,SingleNE
PIP17_AGTTTGTAAAACCGATCTTCGATGGTTA,PIP17,SingleNE
PIP17_AGTTTGTAATCTGAAGTTACCCTTTGTC,PIP17,SingleNE
PIP17_AGTTTGTACAATACAGAAGGCGTGTACA,PIP17,SingleNE
PIP17_AGTTTGTAGAAGAAAAAGGCGGGAGATG,PIP17,SingleNE
PIP17_AGTTTGTAGCTGTACCAAATCAAGGAAT,PIP17,SingleNE
PIP17_AGTTTGTAGCTGTAGAAAGGAAACTGTG,PIP17,SingleNE
PIP17_AGTTTGTAGTGATCGCGTTTACAAGTAG,PIP17,SingleNE
PIP17_AGTTTGTAGTTAGTATCAACAAACTGTG,PIP17,SingleNE
PIP17_AGTTTGTATAACCCAAGCACGATGGTTA,PIP17,SingleNE
PIP17_AGTTTGTATAACCCGTTAGTAATAAGGA,PIP17,SingleNE
PIP17_AGTTTGTATGTATCACCATAAAAGAGGC,PIP17,SingleNE
PIP17_ATAAGCTAAAACCGTACTCACAGTTTAA,PIP17,SingleNE
PIP17_ATAAGCTAAAAGGCCACATTGAGTGTAC,PIP17,SingleNE
PIP17_ATAAGCTAACAAAGCTGGTATGCACCAG,PIP17,SingleNE
PIP17_ATAAGCTAACAGCAGTAGAGTGGTGTCT,PIP17,SingleNE
PIP17_ATAAGCTAACCTTTAAGGTGCAAGGTAC,PIP17,SingleNE
PIP17_ATAAGCTAAGAAACCTGGTACCTTTGTC,PIP17,SingleNE
PIP17_ATAAGCTACAGTTGTATGCCAATATGAC,PIP17,SingleNE
PIP17_ATAAGCTACCGTATCTGAAGCGTGTACA,PIP17,SingleNE
PIP17_ATAAGCTACGCAAAGAAATCTGGAAAGC,PIP17,SingleNE
PIP17_ATAAGCTAGACAATAGACGTACCACAGA,PIP17,SingleNE
PIP17_ATAAGCTAGCACTAAAGCACGGCTATAA,PIP17,SingleNE
PIP17_ATAAGCTAGCACTAATGTTGGATGCAGA,PIP17,SingleNE
PIP17_ATAAGCTAGGTCTAAGAAACCACAACCT,PIP17,SingleNE
PIP17_ATAAGCTATAAGCCGTAATCGGTTAGGG,PIP17,SingleNE
PIP17_ATAAGCTATGCTTTCCAAATGGCAAGGT,PIP17,SingleNE
PIP17_ATAAGCTATTGGTATGGGTTACCACAGA,PIP17,SingleNE
PIP17_ATACTCTCAAAGACGTTGCTCGTGGGAT,PIP17,SingleNE
PIP17_ATACTCTCATGCACTTAACGGATGGTTA,PIP17,SingleNE
PIP17_ATACTCTCCATCTAATCTGAACCTGAAG,PIP17,SingleNE
PIP17_ATACTCTCGAACAGAAAGTGGTCAAGAG,PIP17,SingleNE
PIP17_ATACTCTCGCACTAGTTAGTGACACAAA,PIP17,SingleNE
PIP17_ATACTCTCGTTCACCAAACAGGAGGTTT,PIP17,SingleNE
PIP17_ATACTCTCTATTGGGCACTAGTCAGGTT,PIP17,SingleNE
PIP17_ATACTCTCTTGGTACTATGGCAAACATT,PIP17,SingleNE
PIP17_ATTACCTTAAGCACGAAAGGTGGAAAGC,PIP17,SingleNE
PIP17_ATTACCTTAGTGGAAGGTAACAAGGGTT,PIP17,SingleNE
PIP17_ATTACCTTGAACAGCCTAATGAGTGTAC,PIP17,SingleNE
PIP17_ATTACCTTGCGTTTTCAGTCGTTCTGCT,PIP17,SingleNE
PIP17_ATTACCTTGTACAATCTACCAAATAGCA,PIP17,SingleNE
PIP17_ATTACCTTGTAGAGGAAATCGCCTGGTA,PIP17,SingleNE
PIP17_ATTACCTTGTTTGGCTGAAGGAAAGACA,PIP17,SingleNE
PIP17_ATTACCTTTGAGAATGTATCGGAGGTTT,PIP17,SingleNE
PIP17_ATTACCTTTTGGCAAAAGACGTTCTGCT,PIP17,SingleNE
PIP17_ATTTCCATAAACACCTGAAGGAAGATAT,PIP17,SingleNE
PIP17_ATTTCCATAACTGAAGGTAAACATGGAC,PIP17,SingleNE
PIP17_ATTTCCATACTTCCAAAGACGGGTCATT,PIP17,SingleNE
PIP17_ATTTCCATCCTAATGTACAAAAAGAGGC,PIP17,SingleNE
PIP17_ATTTCCATCTATGGACCTTTGGTTAGGG,PIP17,SingleNE
PIP17_ATTTCCATGAACAGAGTTACGCTATGGG,PIP17,SingleNE
PIP17_ATTTCCATGCACTAGATACCTGAATAGG,PIP17,SingleNE
PIP17_ATTTCCATGCTCTTCACGAAACCACAGA,PIP17,SingleNE
PIP17_ATTTCCATGCTCTTTTCCAGGAAGATAT,PIP17,SingleNE
PIP17_ATTTCCATGTAATCACAACCTTAGCAAT,PIP17,SingleNE
PIP17_ATTTCCATGTAGAGGAAATCCTCACATC,PIP17,SingleNE
PIP17_ATTTCCATTAACCCGATACCACAGATAA,PIP17,SingleNE
PIP17_ATTTCCATTAGCGACACATTTACCTAAG,PIP17,SingleNE
PIP17_ATTTCCATTAGTCTTTGGCACTCAAACA,PIP17,SingleNE
PIP17_ATTTCCATTGCTAGAAAGACCGTGGGAT,PIP17,SingleNE
PIP17_ATTTCCATTGCTTTATCTTCCACAAGTA,PIP17,SingleNE
PIP17_ATTTCCATTGCTTTTGCTTTGAGTGTAC,PIP17,SingleNE
PIP17_ATTTCCATTGGGTTCCAAATCAAACATT,PIP17,SingleNE
PIP17_ATTTCCATTTAACGCAAACACTGGGTAT,PIP17,SingleNE
PIP17_ATTTCCATTTGGTAAATAGCATATGGGT,PIP17,SingleNE
PIP17_CAAACATTAACTGAAAGGTGTACCTAAG,PIP17,SingleNE
PIP17_CAAACATTAACTGATATGCCCAAGGTAC,PIP17,SingleNE
PIP17_CAAACATTAAGAGAATGCACGGAGTAAG,PIP17,SingleNE
PIP17_CAAACATTAGGTAAGATACCAAAGAGGC,PIP17,SingleNE
PIP17_CAAACATTAGTGGATGTATCTATGTGAA,PIP17,SingleNE
PIP17_CAAACATTCTTTAGTAGAACGGGTCATT,PIP17,SingleNE
PIP17_CAAACATTGACAATACAACCCCATATGA,PIP17,SingleNE
PIP17_CAAACATTGATGAAACAAAGCAAGGAAT,PIP17,SingleNE
PIP17_CAAACATTGTAATCCAGTTGTTAGCAAT,PIP17,SingleNE
PIP17_CAAACATTGTTTGGGAAAGGCGTGGGAT,PIP17,SingleNE
PIP17_CAAACATTGTTTGGGATACCGTTCTGCT,PIP17,SingleNE
PIP17_CAAACATTTAGCGAAAAGACTGGCTAGT,PIP17,SingleNE
PIP17_CAAACATTTGCTAGAGAAGGAAGGATGA,PIP17,SingleNE
PIP17_CAAACATTTGCTAGGTAATCATATGGGT,PIP17,SingleNE
PIP17_CAAACATTTTAACGCCAAATGATGGTTA,PIP17,SingleNE
PIP17_CAAGGGTTACAAAGGTGATCTGGGAATT,PIP17,SingleNE
PIP17_CAAGGGTTAGAAACTACTCAGTCTAATC,PIP17,SingleNE
PIP17_CAAGGGTTCACGAAGAACAGACAGGCCA,PIP17,SingleNE
PIP17_CAAGGGTTCTAAAGCTTCCAGGCTATAA,PIP17,SingleNE
PIP17_CAAGGGTTGTTCACGCTAAGGCTATGGG,PIP17,SingleNE
PIP17_CAAGGGTTTACAGATAGAACACAAAGAT,PIP17,SingleNE
PIP17_CAAGGGTTTTCGAAAACTGATGGCTAGT,PIP17,SingleNE
PIP17_CAAGGGTTTTTCTCTTCCAGTGGTGTCT,PIP17,SingleNE
PIP17_CAATTCTCAGTGGAATCTTCATGCATAT,PIP17,SingleNE
PIP17_CAATTCTCATCTGACCAAATACTAGAGC,PIP17,SingleNE
PIP17_CAATTCTCCTTGTTAATACCCAGTTTAA,PIP17,SingleNE
PIP17_CAATTCTCGAAGAACACAAGGTCAGGTT,PIP17,SingleNE
PIP17_CAATTCTCGATTTCAAACACGTTCTGCT,PIP17,SingleNE
PIP17_CAATTCTCTATGCCCAAACATGGAAAGC,PIP17,SingleNE
PIP17_CAATTCTCTCAAAGCCAAATAGTAGTTA,PIP17,SingleNE
PIP17_CAATTCTCTTGGCAATCTTCGACACAAA,PIP17,SingleNE
PIP17_CAATTCTCTTGGCACAATACTCAAATGG,PIP17,SingleNE
PIP17_CAATTCTCTTGGTATATGCCGTCAAGAG,PIP17,SingleNE
PIP17_CACTAACCACAAAGGCTAAGAAAGAGGC,PIP17,SingleNE
PIP17_CACTAACCATCTGAACTTCCTACTGAAT,PIP17,SingleNE
PIP17_CACTAACCCACATTCTTGACGAAGATAT,PIP17,SingleNE
PIP17_CACTAACCCCGTATCTAAAGGGGATTAC,PIP17,SingleNE
PIP17_CACTAACCCTTGACGTGATCATAACAGG,PIP17,SingleNE
PIP17_CACTAACCGCACTACCTAATTCTGATTT,PIP17,SingleNE
PIP17_CACTAACCGCGTTTTGTATCTGGTGTCT,PIP17,SingleNE
PIP17_CACTAACCGCTCTTACCATAGATGCAGA,PIP17,SingleNE
PIP17_CACTAACCGTTAGTCTATGGAGTTTGTA,PIP17,SingleNE
PIP17_CACTAACCGTTAGTTGCTTTAATGTATG,PIP17,SingleNE
PIP17_CACTAACCTAAGGCAACTGACCATATGA,PIP17,SingleNE
PIP17_CACTAACCTAGCGACCTAATCCTTTGTC,PIP17,SingleNE
PIP17_CACTAACCTATTGGTAAGGCAGTTTGTA,PIP17,SingleNE
PIP17_CACTAACCTCGATTCACAAGGATGGTTA,PIP17,SingleNE
PIP17_CACTAACCTCTGTGGATATGCAAACATT,PIP17,SingleNE
PIP17_CACTAACCTTAACGAACTGATGAATAGG,PIP17,SingleNE
PIP17_CAGGTTGCAAACCGCCAAATACAGATAA,PIP17,SingleNE
PIP17_CAGGTTGCAAAGGCACCTTTGGGTCATT,PIP17,SingleNE
PIP17_CAGGTTGCAATACCAACTGAAAACTACA,PIP17,SingleNE
PIP17_CAGGTTGCAGTGGAAAGCACGGGAGATG,PIP17,SingleNE
PIP17_CAGGTTGCCACAAGGTAATCAATGTATG,PIP17,SingleNE
PIP17_CAGGTTGCGATTTCTCCATACAAGGAAT,PIP17,SingleNE
PIP17_CAGGTTGCGTACAAAGTTACCAAGGAAT,PIP17,SingleNE
PIP17_CCACCTCTACTTCCAATAGCACAGATAA,PIP17,SingleNE
PIP17_CCACCTCTAGACGTAATACCGGAGGTTT,PIP17,SingleNE
PIP17_CCACCTCTAGTGGATGTATCGATGGTTA,PIP17,SingleNE
PIP17_CCACCTCTATGCACTCAGTCAACAGAAC,PIP17,SingleNE
PIP17_CCACCTCTCACATTTGCTAGGTGGTGCT,PIP17,SingleNE
PIP17_CCACCTCTGAACAGCCTAATATAGATGT,PIP17,SingleNE
PIP17_CCACCTCTGTTTGGGATACCACTAATTG,PIP17,SingleNE
PIP17_CCACCTCTTATTGGACAACCAAACTGTG,PIP17,SingleNE
PIP17_CCACCTCTTGAAAGATGTTGGCCAACAT,PIP17,SingleNE
PIP17_CCATCCACAACTGATCAAAGAAGGATGA,PIP17,SingleNE
PIP17_CCATCCACAGGTAAGCACTAATAGATGT,PIP17,SingleNE
PIP17_CCATCCACAGTGGACTTCCAGATGCAGA,PIP17,SingleNE
PIP17_CCATCCACATCAACTACAGATGGCTAGT,PIP17,SingleNE
PIP17_CCATCCACCCGTATGGTTTCCGTGTACA,PIP17,SingleNE
PIP17_CCATCCACCTTTAGAGGTAAAATGTATG,PIP17,SingleNE
PIP17_CCATCCACGAACAGAATAGCGTGGTGCT,PIP17,SingleNE
PIP17_CCATCCACTACAGAAGACGTACAAGTAG,PIP17,SingleNE
PIP17_CCATCCACTGTATCTGGGTTATCCTAGT,PIP17,SingleNE
PIP17_CCTACGCTAGACGTCTTCGACTCAAACA,PIP17,SingleNE
PIP17_CCTACGCTAGGTAATATTGGATCAGGGA,PIP17,SingleNE
PIP17_CCTACGCTCACGAATGTAACAAACTACA,PIP17,SingleNE
PIP17_CCTACGCTCAGTTGTTGGCAGATGCAGA,PIP17,SingleNE
PIP17_CCTACGCTCCGTATGTACAAGAAAGACA,PIP17,SingleNE
PIP17_CCTACGCTGACAATAGACGTACCTGAAG,PIP17,SingleNE
PIP17_CCTACGCTGGTCTAACTTCCAATATGAC,PIP17,SingleNE
PIP17_CCTACGCTTAGTCTTCTGTGACATGGAC,PIP17,SingleNE
PIP17_CCTACGCTTGAACCTGAGAAGGGATTAC,PIP17,SingleNE
PIP17_CCTATTTAAAAGACTGAACCGGTTAGGG,PIP17,SingleNE
PIP17_CCTATTTAAGAAGGTGTATCTCATACCA,PIP17,SingleNE
PIP17_CCTATTTAAGTTACTATTGGAGTTTGTA,PIP17,SingleNE
PIP17_CCTATTTACAATACAATACCATCAGGGA,PIP17,SingleNE
PIP17_CCTATTTACAATACTATGCCGATGGTTA,PIP17,SingleNE
PIP17_CCTATTTAGAAATCAAGGTGCGTGGGAT,PIP17,SingleNE
PIP17_CCTATTTAGCACTAGAAATCAAGGATGA,PIP17,SingleNE
PIP17_CCTATTTAGCTGTACTAAAGGTTCTGCT,PIP17,SingleNE
PIP17_CCTATTTAGGTTTCGGTTTCTCATACCA,PIP17,SingleNE
PIP17_CCTATTTAGTAGAGAGTGGAAATGTATG,PIP17,SingleNE
PIP17_CCTATTTATACAGACTTGTTACACCAAG,PIP17,SingleNE
PIP17_CCTATTTATAGCGAGTTGCTCCATATGA,PIP17,SingleNE
PIP17_CCTATTTATTGGTAAGGTAACTGGGTAT,PIP17,SingleNE
PIP17_CCTCATGAAAACCGATCAACAAGGATGA,PIP17,SingleNE
PIP17_CCTCATGAAAGAGATGTAACCAGTTTAA,PIP17,SingleNE
PIP17_CCTCATGAAGGAAATCCATATGGCTAGT,PIP17,SingleNE
PIP17_CCTCATGACACAAGAAAGTGCCTTTGTC,PIP17,SingleNE
PIP17_CCTCATGACTATGGTCAGTCGTCTGGAA,PIP17,SingleNE
PIP17_CCTCATGACTTGACCAAACAACAAGTAG,PIP17,SingleNE
PIP17_CCTCATGACTTTAGCTGAAGAAGGATGA,PIP17,SingleNE
PIP17_CCTCATGAGAAAGGTGTATCACCACAGA,PIP17,SingleNE
PIP17_CCTCATGAGAAATCACTTCCGTGGTGCT,PIP17,SingleNE
PIP17_CCTCATGAGAAATCTCAAAGTGAATAGG,PIP17,SingleNE
PIP17_CCTCATGAGCTCTTACATGTACCACAGA,PIP17,SingleNE
PIP17_CCTCATGATCAAAGTGAACCATATGGGT,PIP17,SingleNE
PIP17_CCTCATGATGAACCCCTAATTACCTAAG,PIP17,SingleNE
PIP17_CCTTTACAAAACACAAACTCTTCTAGGA,PIP17,SingleNE
PIP17_CCTTTACAACAACCAAGGTGACCACAGA,PIP17,SingleNE
PIP17_CCTTTACACCAAATGAAAGGCCTTTACA,PIP17,SingleNE
PIP17_CCTTTACACCGTATAGACGTAACAGAAC,PIP17,SingleNE
PIP17_CCTTTACACTTGACTCTGTGGGGATTAC,PIP17,SingleNE
PIP17_CCTTTACAGATATGAGAAGGATGCATAT,PIP17,SingleNE
PIP17_CCTTTACAGATTTCCACATTGTCTAATC,PIP17,SingleNE
PIP17_CCTTTACATCAAAGCAATACACATGGAC,PIP17,SingleNE
PIP17_CCTTTGTCACCTTTAAGAGAGGTTAGGG,PIP17,SingleNE
PIP17_CCTTTGTCACCTTTTTCCAGGGCTATAA,PIP17,SingleNE
PIP17_CCTTTGTCCACGAAAGTGGACACAAGTA,PIP17,SingleNE
PIP17_CCTTTGTCGATATGGTAGAGACAAGTAG,PIP17,SingleNE
PIP17_CCTTTGTCGTAGAGAAGCTCACATGGAC,PIP17,SingleNE
PIP17_CCTTTGTCGTGATCTATTGGGCTATGGG,PIP17,SingleNE
PIP17_CCTTTGTCGTTAGTAAACACCAAGGAAT,PIP17,SingleNE
PIP17_CCTTTGTCTAGTCTTACAGACACAACCT,PIP17,SingleNE
PIP17_CCTTTGTCTCAAAGTCTGTGCGTGTACA,PIP17,SingleNE
PIP17_CCTTTGTCTGAAAGAGGAAAGATGTGGC,PIP17,SingleNE
PIP17_CTAACGCCAGTGGAAGGAAAAAACTGTG,PIP17,SingleNE
PIP17_CTAACGCCCCGTATAAAGGCAACAAATG,PIP17,SingleNE
PIP17_CTAACGCCGTGATCTGTATCTACTGAAT,PIP17,SingleNE
PIP17_CTAACGCCTAACCCAAGAGAGGTTAGGG,PIP17,SingleNE
PIP17_CTAACGCCTCTGTGTAACCCGTGGTGCT,PIP17,SingleNE
PIP17_CTAACGCCTCTGTGTCAAAGACATGGAC,PIP17,SingleNE
PIP17_CTAGACTAACAACCCCTAATACTAGAGC,PIP17,SingleNE
PIP17_CTAGACTAACATGTCTGGTACACAACCT,PIP17,SingleNE
PIP17_CTAGACTAAGGTAATCTGTGTACCTAAG,PIP17,SingleNE
PIP17_CTAGACTACACAAGCACATTACATGGAC,PIP17,SingleNE
PIP17_CTAGACTACACGAAACCATAACCAGTTT,PIP17,SingleNE
PIP17_CTAGACTAGCTAAGACCTTTAACAAATG,PIP17,SingleNE
PIP17_CTAGACTATAAGGCGCTAAGGTCTGGAA,PIP17,SingleNE
PIP17_CTAGACTATGTATCACATGTACACCAAG,PIP17,SingleNE
PIP17_CTCCTCCAAGTGGAAAGCACGCTATGGG,PIP17,SingleNE
PIP17_CTCCTCCACACATTAATAGCTTGCATTC,PIP17,SingleNE
PIP17_CTCCTCCACACATTTGCTAGGGAGTAAG,PIP17,SingleNE
PIP17_CTCCTCCACCAAATAAAGACAAACTGTG,PIP17,SingleNE
PIP17_CTCCTCCACTATGGCAGTTGGATGTGGC,PIP17,SingleNE
PIP17_CTCCTCCACTGGTAAATACCTGGTGTCT,PIP17,SingleNE
PIP17_CTCCTCCAGGTCTAAGTGGATGGCTAGT,PIP17,SingleNE
PIP17_CTCCTCCAGGTCTATACAGAGGGATTAC,PIP17,SingleNE
PIP17_CTCCTCCAGGTTTCCACGAAATGCATAT,PIP17,SingleNE
PIP17_CTCCTCCAGGTTTCTGTATCACATGGAC,PIP17,SingleNE
PIP17_CTCCTCCATATTGGACATGTAAACTACA,PIP17,SingleNE
PIP17_CTCCTCCATTAACGAACTGAGGCAAGGT,PIP17,SingleNE
PIP17_CTGGGTATAGAAACGCACTACTCAAACA,PIP17,SingleNE
PIP17_CTGGGTATCCGTATAGTGGACAAACATT,PIP17,SingleNE
PIP17_CTGGGTATGATGAAACTTCCGAAAGACA,PIP17,SingleNE
PIP17_CTGGGTATGATTTCACAACCATATGCAA,PIP17,SingleNE
PIP17_CTGGGTATTAACCCAGAAACGACACAAA,PIP17,SingleNE
PIP17_CTGGGTATTAACCCAGTTACATCCTAGT,PIP17,SingleNE
PIP17_CTGGGTATTAGTCTCTTCGAGAAAGACA,PIP17,SingleNE
PIP17_CTGGGTATTGGGTTGTAGAGACTAATTG,PIP17,SingleNE
PIP17_CTGGGTATTGTATCCTTGTTTTTGCCAG,PIP17,SingleNE
PIP17_CTGTGACCACGGTTGAAGAAGGGATTAC,PIP17,SingleNE
PIP17_CTGTGACCCTGAAGAAGGTGTCATACCA,PIP17,SingleNE
PIP17_CTGTGACCGATGAAAGGTAATTCTAGGA,PIP17,SingleNE
PIP17_CTGTGACCGCGTTTCAATACAATGTATG,PIP17,SingleNE
PIP17_CTGTGACCGTACAAGTTCACGGGTCATT,PIP17,SingleNE
PIP17_CTGTGACCGTAGAGTGAGAATCTGATTT,PIP17,SingleNE
PIP17_CTGTGACCGTTAGTAAAGGCGGCAAGGT,PIP17,SingleNE
PIP17_CTGTGACCTAGTCTAGGAAAGATGCAGA,PIP17,SingleNE
PIP17_CTGTGACCTCAAAGAAAGTGGTCTGGAA,PIP17,SingleNE
PIP17_CTGTGACCTCAAAGCACGAAAAGGATGA,PIP17,SingleNE
PIP17_CTGTGACCTGAACCTGAGAAGGAGGTTT,PIP17,SingleNE
PIP17_CTGTGACCTGAGAAAGACGTGTGGTGCT,PIP17,SingleNE
PIP17_CTGTGACCTGAGAAGATACCAGTAATGG,PIP17,SingleNE
PIP17_CTGTTAAAAATAGCACCATACGTGTACA,PIP17,SingleNE
PIP17_CTGTTAAAACATGTGATATGTGAATAGG,PIP17,SingleNE
PIP17_CTGTTAAAACTTCCGTTGCTAATAAGGA,PIP17,SingleNE
PIP17_CTGTTAAAAGGTAAAATACCACTAATTG,PIP17,SingleNE
PIP17_CTGTTAAACAATACCACATTTTGCATTC,PIP17,SingleNE
PIP17_CTGTTAAACAGTTGGTACAAACAAAGAT,PIP17,SingleNE
PIP17_CTGTTAAACGCAAAACAGCAGGGATTAC,PIP17,SingleNE
PIP17_CTGTTAAAGACAATAAACTCCCAGACAG,PIP17,SingleNE
PIP17_CTGTTAAAGATGAATCAGTCAGTAGTTA,PIP17,SingleNE
PIP17_CTGTTAAAGCGTTTGAACAGCAAGGTAC,PIP17,SingleNE
PIP17_CTGTTAAAGTAATCAGAAGGGTCAGGTT,PIP17,SingleNE
PIP17_CTGTTAAAGTAATCGAAGAAAATATGAC,PIP17,SingleNE
PIP17_CTGTTAAAGTTGCTAATACCTGGGAATT,PIP17,SingleNE
PIP17_CTGTTAAATAGCGATGTAACGAAGATAT,PIP17,SingleNE
PIP17_CTGTTAAATCTGTGAACTGAGATGTGGC,PIP17,SingleNE
PIP17_CTGTTAAATGGGTTGAAAGGATCAGGGA,PIP17,SingleNE
PIP17_CTGTTGTGAATAGCTCAAAGACATGGAC,PIP17,SingleNE
PIP17_CTGTTGTGAGAAACAAGCTCTTTGCCAG,PIP17,SingleNE
PIP17_CTGTTGTGCGCAAACTATGGTCATACCA,PIP17,SingleNE
PIP17_CTGTTGTGGTTGCTTCAAAGTGGAAAGC,PIP17,SingleNE
PIP17_CTGTTGTGGTTTGGTTAACGAACAAATG,PIP17,SingleNE
PIP17_CTGTTGTGTAGTCTTCTACCCGTGGGAT,PIP17,SingleNE
PIP17_CTGTTTCCAAAGGCTATGCCACAGGCCA,PIP17,SingleNE
PIP17_CTGTTTCCAATACCCTTTAGAATAAGGA,PIP17,SingleNE
PIP17_CTGTTTCCCTGAAGTTGGCAGATGGTTA,PIP17,SingleNE
PIP17_CTGTTTCCCTTGTTTCAAAGCACAACCT,PIP17,SingleNE
PIP17_CTGTTTCCGTTCACCTAAAGAATATGAC,PIP17,SingleNE
PIP17_CTGTTTCCTAAGGCTGCTAGTTTGCCAG,PIP17,SingleNE
PIP17_CTGTTTCCTATTGGTGCTAGAGTTTGTA,PIP17,SingleNE
PIP17_CTGTTTCCTCTGTGAGGTAAATGCATAT,PIP17,SingleNE
PIP17_CTTAGTGTAATACCAAAGACTCCTATAT,PIP17,SingleNE
PIP17_CTTAGTGTATGCACTATTGGAAGGATGA,PIP17,SingleNE
PIP17_CTTAGTGTCACATTGAAAGGGAAGATAT,PIP17,SingleNE
PIP17_CTTAGTGTCTATGGTGAACCCAAACATT,PIP17,SingleNE
PIP17_CTTAGTGTTAAGCCACTTCCCGTGTGTT,PIP17,SingleNE
PIP17_CTTAGTGTTCAGTCAAACACGGTTAGGG,PIP17,SingleNE
PIP17_CTTAGTGTTGAACCCTTTAGGCCAACAT,PIP17,SingleNE
PIP17_CTTAGTGTTGAGAATCTGTGCCTTTGTC,PIP17,SingleNE
PIP17_CTTAGTGTTGTATCTAGCGATAATGTGG,PIP17,SingleNE
PIP17_CTTCTACGACATGTATGCACTCCTATAT,PIP17,SingleNE
PIP17_CTTCTACGACGGTTGCGTTTCAAGGGTT,PIP17,SingleNE
PIP17_CTTCTACGAGTTACGAAATCGATGGTTA,PIP17,SingleNE
PIP17_CTTCTACGCCTAATCTGAAGGTGGTGCT,PIP17,SingleNE
PIP17_CTTCTACGCTGAAGCAAACAATGCATAT,PIP17,SingleNE
PIP17_CTTCTACGCTTGTTGTACAAAATAAGGA,PIP17,SingleNE
PIP17_CTTCTACGGACAATAAACACTCTGATTT,PIP17,SingleNE
PIP17_CTTCTACGGATTTCAAGAGATCCAGAAG,PIP17,SingleNE
PIP17_CTTCTACGGATTTCCTTCCAGCTATGGG,PIP17,SingleNE
PIP17_CTTCTACGGCGTTTAAGGTGATCCTAGT,PIP17,SingleNE
PIP17_CTTTATCCAATACCTCTACCCAAGGGTT,PIP17,SingleNE
PIP17_CTTTATCCAATAGCCACGAAACATGGAC,PIP17,SingleNE
PIP17_CTTTATCCACAAAGTCTACCGATGTGGC,PIP17,SingleNE
PIP17_CTTTATCCCACGAATTAACGCTGGGTAT,PIP17,SingleNE
PIP17_CTTTATCCCCGTATGTTAGTAACTGCCT,PIP17,SingleNE
PIP17_CTTTATCCCTGAAGTGAAAGGGAGTAAG,PIP17,SingleNE
PIP17_CTTTATCCGTACAATACTCAAGTAATGG,PIP17,SingleNE
PIP17_CTTTATCCTAGCGATACTCATCAAATGG,PIP17,SingleNE
PIP17_CTTTATCCTCGATTAGACGTCAAGGTAC,PIP17,SingleNE
PIP17_CTTTCACTAACTGAACAAAGGGAGTAAG,PIP17,SingleNE
PIP17_CTTTCACTAGTTACACAAAGCCAGACAG,PIP17,SingleNE
PIP17_CTTTCACTATCTGAGAACAGACTAATTG,PIP17,SingleNE
PIP17_CTTTCACTATGTTGACCATATAATGTGG,PIP17,SingleNE
PIP17_CTTTCACTGGTTTCCAGTTGACACCAAG,PIP17,SingleNE
PIP17_CTTTCACTGTACAACTAAAGGTGGTGCT,PIP17,SingleNE
PIP17_CTTTCACTTATTGGAAAGGCGGCAAGGT,PIP17,SingleNE
PIP17_CTTTCACTTCTACCGAAATCGAGTGTAC,PIP17,SingleNE
PIP17_CTTTCACTTGAACCGCTGTACAAACATT,PIP17,SingleNE
PIP17_CTTTCACTTTCGAATAACCCATATGGGT,PIP17,SingleNE
PIP17_CTTTCACTTTGGCAACCATAGCCTGGTA,PIP17,SingleNE
PIP17_CTTTGGACAAAGGCATGCACGGGAGATG,PIP17,SingleNE
PIP17_CTTTGGACAAAGTGAAACCGGAGTGTAC,PIP17,SingleNE
PIP17_CTTTGGACGTAATCACAACCGATGTGGC,PIP17,SingleNE
PIP17_CTTTGGACGTTGCTAGAAACGACACAAA,PIP17,SingleNE
PIP17_GAAATACGAAACCGGACAATAAATAGCA,PIP17,SingleNE
PIP17_GAAATACGAAGCACTCCATAAACAGAAC,PIP17,SingleNE
PIP17_GAAATACGACTTCCCTTCGATCCTATAT,PIP17,SingleNE
PIP17_GAAATACGCCTAATAAACTCGAGTGTAC,PIP17,SingleNE
PIP17_GAAATACGCGCAAACTAAAGGATGCAGA,PIP17,SingleNE
PIP17_GAAATACGGCTAAGAATACCTCCAGAAG,PIP17,SingleNE
PIP17_GAAATACGGTAGAGTTAACGACTAGAGC,PIP17,SingleNE
PIP17_GAAATACGTAGCGAACCATATGGCTAGT,PIP17,SingleNE
PIP17_GAAATACGTATTGGGGTTTCGTCTAATC,PIP17,SingleNE
PIP17_GAAATACGTTCGAAAAGCACGTCAAGAG,PIP17,SingleNE
PIP17_GAAATACGTTTCTCAGACGTACAAAGAT,PIP17,SingleNE
PIP17_GACACCTGAAACCGCAAACAACAGATAA,PIP17,SingleNE
PIP17_GACACCTGAATACCAGGAAAGCTAAGTT,PIP17,SingleNE
PIP17_GACACCTGACTTCCTGAACCTACCTAAG,PIP17,SingleNE
PIP17_GACACCTGCACAAGTGAACCTCTGATTT,PIP17,SingleNE
PIP17_GACACCTGCACGAAACAACCCCTTTGTC,PIP17,SingleNE
PIP17_GACACCTGCACGAATCAAAGATAACAGG,PIP17,SingleNE
PIP17_GACACCTGCTTCGATGAGAAGGGATTAC,PIP17,SingleNE
PIP17_GACACCTGGTAGAGATGTTGTATGTGAA,PIP17,SingleNE
PIP17_GACACCTGGTAGAGGCTGTATACTGAAT,PIP17,SingleNE
PIP17_GACACCTGTCAGTCAGAAACCAAACATT,PIP17,SingleNE
PIP17_GACACCTGTCGATTTTCCAGTAATGTGG,PIP17,SingleNE
PIP17_GACACCTGTGAACCAATACCCGTGTACA,PIP17,SingleNE
PIP17_GACACCTGTGGGTTGTAGAGCGTGTACA,PIP17,SingleNE
PIP17_GACACCTGTTCGAAACCTTTTGGTGTCT,PIP17,SingleNE
PIP17_GAGAAACCAACTGACTGGTAGGGATTAC,PIP17,SingleNE
PIP17_GAGAAACCAAGCACTTGGTAGCCAACAT,PIP17,SingleNE
PIP17_GAGAAACCACAACCACCTTTACAAGTAG,PIP17,SingleNE
PIP17_GAGAAACCATCTGAGTTAGTATCCTAGT,PIP17,SingleNE
PIP17_GAGAAACCCACGAAACATGTGGGATTAC,PIP17,SingleNE
PIP17_GAGAAACCCCTAATGCTAAGAAGGATGA,PIP17,SingleNE
PIP17_GAGAAACCCTTCGAAAGCACGCCAACAT,PIP17,SingleNE
PIP17_GAGAAACCGCTCTTCTTCGAGCCTGGTA,PIP17,SingleNE
PIP17_GAGAAACCGTGATCTTGGTAAAACTGTG,PIP17,SingleNE
PIP17_GAGAAACCTAGCGATGAGAATATGTGAA,PIP17,SingleNE
PIP17_GAGAAACCTAGTCTAGACGTATCAGGGA,PIP17,SingleNE
PIP17_GAGAAACCTATGCCTCCATAATGCATAT,PIP17,SingleNE
PIP17_GAGAAACCTCTGTGAGACGTAGTAGTTA,PIP17,SingleNE
PIP17_GAGAAACCTGAACCTAAGGCGTCAAGAG,PIP17,SingleNE
PIP17_GAGAAACCTGAACCTCTGTGTGAATAGG,PIP17,SingleNE
PIP17_GAGAAACCTGGGTTGAAATCACAAAGAT,PIP17,SingleNE
PIP17_GAGAAACCTTGGTAAAGAGAAAACTACA,PIP17,SingleNE
PIP17_GAGGAGTGACAGCAGTGATCGATGCAGA,PIP17,SingleNE
PIP17_GAGGAGTGACATGTCTAAAGACCTGAAG,PIP17,SingleNE
PIP17_GAGGAGTGAGAAACGAAATCTGAATAGG,PIP17,SingleNE
PIP17_GAGGAGTGAGGTAAACAGCACAGTTTAA,PIP17,SingleNE
PIP17_GAGGAGTGATCAACTACTCATCTGATTT,PIP17,SingleNE
PIP17_GAGGAGTGATCTGAATGCACCCTTTGTC,PIP17,SingleNE
PIP17_GAGGAGTGCACATTAACTGAGCTAAGTT,PIP17,SingleNE
PIP17_GAGGAGTGGCACTATGAACCACATGGAC,PIP17,SingleNE
PIP17_GAGGAGTGTTGGCATCAAAGGGAGTAAG,PIP17,SingleNE
PIP17_GAGGGTCACACAAGAGAAGGACCTGAAG,PIP17,SingleNE
PIP17_GAGGGTCAGCTGTAATCAACGGGAGATG,PIP17,SingleNE
PIP17_GAGGGTCAGTAATCAACTGAATAGATGT,PIP17,SingleNE
PIP17_GAGGGTCAGTTGCTTGCTAGCGTGTGTT,PIP17,SingleNE
PIP17_GAGGGTCATAACCCACAAAGCAAGGTAC,PIP17,SingleNE
PIP17_GAGGGTCATAACCCATGCACTAATGTGG,PIP17,SingleNE
PIP17_GAGGGTCATCAGTCCTTCGAGTTCTGCT,PIP17,SingleNE
PIP17_GAGGGTCATTGGCAACAAAGACTAATTG,PIP17,SingleNE
PIP17_GAGTGTACAAAGACAATACCACATGGAC,PIP17,SingleNE
PIP17_GAGTGTACAAAGGCCTTTAGACATGGAC,PIP17,SingleNE
PIP17_GAGTGTACCTGGTAAAACCGGAAGATAT,PIP17,SingleNE
PIP17_GAGTGTACTACAGACTGAAGATATGGGT,PIP17,SingleNE
PIP17_GAGTGTACTATGCCCACAAGAACTGCCT,PIP17,SingleNE
PIP17_GAGTGTACTATTGGACAACCTGCACCAG,PIP17,SingleNE
PIP17_GAGTGTACTGAGAATAGAACCAAGGTAC,PIP17,SingleNE
PIP17_GATGTGGCAAGAGATGAACCGATGTGGC,PIP17,SingleNE
PIP17_GATGTGGCAGACGTCAGTTGTTGCATTC,PIP17,SingleNE
PIP17_GATGTGGCAGACGTTGTAACCCTTTGTC,PIP17,SingleNE
PIP17_GATGTGGCAGTGGAACAGCACAAGGGTT,PIP17,SingleNE
PIP17_GATGTGGCAGTGGATAACCCGCTAAGTT,PIP17,SingleNE
PIP17_GATGTGGCCTTCGAAGGTAAACCTGAAG,PIP17,SingleNE
PIP17_GATGTGGCGAAATCGTAGAGACAGATAA,PIP17,SingleNE
PIP17_GATGTGGCGATGAAAAAGGCGGGAGATG,PIP17,SingleNE
PIP17_GATGTGGCGATGAATAGCGAGGTTAGGG,PIP17,SingleNE
PIP17_GATGTGGCGTACAAAATACCGAAGATAT,PIP17,SingleNE
PIP17_GATGTGGCGTACAATAACCCCAAGGTAC,PIP17,SingleNE
PIP17_GATGTGGCGTAGAGATGTTGACAGATAA,PIP17,SingleNE
PIP17_GATGTGGCTCGATTGATACCGCTAAGTT,PIP17,SingleNE
PIP17_GATGTGGCTCGATTTAAGGCACAGATAA,PIP17,SingleNE
PIP17_GATGTGGCTGAACCGTACAACTGGGTAT,PIP17,SingleNE
PIP17_GATGTGGCTGCTTTATCAACTGGGAATT,PIP17,SingleNE
PIP17_GATGTGGCTGGGTTCCTAATCGTGTGTT,PIP17,SingleNE
PIP17_GATGTGGCTGGGTTTGAACCTGCACCAG,PIP17,SingleNE
PIP17_GATGTGGCTTGGTATCTGTGTCAAATGG,PIP17,SingleNE
PIP17_GATTACTTACCTTTGTAATCGTCTGGAA,PIP17,SingleNE
PIP17_GATTACTTATGCACGAAACCAAGGATGA,PIP17,SingleNE
PIP17_GATTACTTCAGTTGTCTGTGCTCAAACA,PIP17,SingleNE
PIP17_GATTACTTCTTGACCACATTAAGGATGA,PIP17,SingleNE
PIP17_GATTACTTCTTGACTACTCAGGCTATAA,PIP17,SingleNE
PIP17_GATTACTTGAGATAACAAAGGGTTACAC,PIP17,SingleNE
PIP17_GATTACTTGTAATCCTAAAGAATATGAC,PIP17,SingleNE
PIP17_GATTACTTTAGTCTTCAAAGGGGTCATT,PIP17,SingleNE
PIP17_GATTACTTTATTGGAGAAACCCAGACAG,PIP17,SingleNE
PIP17_GATTACTTTGAACCTCTACCTGGTGTCT,PIP17,SingleNE
PIP17_GATTGGGACACATTTGTAACTCAAATGG,PIP17,SingleNE
PIP17_GATTGGGAGAAATCCTTGACTCTGATTT,PIP17,SingleNE
PIP17_GATTGGGAGTGATCTGTATCTACTGAAT,PIP17,SingleNE
PIP17_GATTGGGATATTGGAGAAACGGGATTAC,PIP17,SingleNE
PIP17_GATTGGGATATTGGAGAAACGTGGTGCT,PIP17,SingleNE
PIP17_GATTGGGATGCTTTCAATACGTCTAATC,PIP17,SingleNE
PIP17_GCCTGGTAAAACCGGTAATCATCAGGGA,PIP17,SingleNE
PIP17_GCCTGGTAAAAGGCAGAAGGATAGATGT,PIP17,SingleNE
PIP17_GCCTGGTAACAAAGCTTTAGGGGATTAC,PIP17,SingleNE
PIP17_GCCTGGTAACATGTGTTAGTACCAGTTT,PIP17,SingleNE
PIP17_GCCTGGTAACATGTTATGCCCAAACATT,PIP17,SingleNE
PIP17_GCCTGGTAACCTTTCTTCGATGGTGTCT,PIP17,SingleNE
PIP17_GCCTGGTAACTTCCGTGATCGTCTAATC,PIP17,SingleNE
PIP17_GCCTGGTAATGCACAAGGTGCTCACATC,PIP17,SingleNE
PIP17_GCCTGGTACATCTATATTGGGGTTACAC,PIP17,SingleNE
PIP17_GCCTGGTACCGTATAATAGCAAACTACA,PIP17,SingleNE
PIP17_GCCTGGTACTATGGTTAACGGATGCAGA,PIP17,SingleNE
PIP17_GCCTGGTACTTTAGAAACACACACCAAG,PIP17,SingleNE
PIP17_GCCTGGTACTTTAGCACGAACCTATTTA,PIP17,SingleNE
PIP17_GCCTGGTAGATTTCAAACCGGAGTGTAC,PIP17,SingleNE
PIP17_GCCTGGTAGATTTCTCAGTCCCAGACAG,PIP17,SingleNE
PIP17_GCCTGGTAGTAGAGCTTCGAGTGGTGCT,PIP17,SingleNE
PIP17_GCCTGGTATAACCCGAAGAATGCACCAG,PIP17,SingleNE
PIP17_GCCTGGTATAACCCGCTGTACTCAAACA,PIP17,SingleNE
PIP17_GCCTGGTATAAGCCGAAATCATCAGGGA,PIP17,SingleNE
PIP17_GCCTGGTATACAGAACCATATGGCTAGT,PIP17,SingleNE
PIP17_GCCTGGTATGAACCACAACCACAAAGAT,PIP17,SingleNE
PIP17_GCCTGGTATGGGTTTTGGTAACCACAGA,PIP17,SingleNE
PIP17_GCCTGGTATGTATCAGTGGAACAAAGAT,PIP17,SingleNE
PIP17_GCTTCTCCAAACACACCTTTTATGTGAA,PIP17,SingleNE
PIP17_GCTTCTCCAAAGACACATGTGCCAACAT,PIP17,SingleNE
PIP17_GCTTCTCCAAGCACACATGTCTCAAACA,PIP17,SingleNE
PIP17_GCTTCTCCAATAGCAAAGACAGTAGTTA,PIP17,SingleNE
PIP17_GCTTCTCCACTTCCAAACTCAATGTATG,PIP17,SingleNE
PIP17_GCTTCTCCCCGTATAAGCTCGTTCTGCT,PIP17,SingleNE
PIP17_GCTTCTCCGATTTCTTAACGCTCACATC,PIP17,SingleNE
PIP17_GCTTCTCCGGTCTAAAGCACAATATGAC,PIP17,SingleNE
PIP17_GCTTCTCCGTTAGTACAACCTGGGAATT,PIP17,SingleNE
PIP17_GCTTCTCCTAACCCCTTGTTATCAGGGA,PIP17,SingleNE
PIP17_GCTTCTCCTGCTAGAGTGGACAAGGGTT,PIP17,SingleNE
PIP17_GTAAACAAAGGAAACAATACGATGTGGC,PIP17,SingleNE
PIP17_GTAAACAACACATTAGTTACACAGATAA,PIP17,SingleNE
PIP17_GTAAACAACACGAACTGGTAAACTGCCT,PIP17,SingleNE
PIP17_GTAAACAACTTGACGTTAGTTTCTAGGA,PIP17,SingleNE
PIP17_GTAAACAACTTTAGTAAGCCTGCACCAG,PIP17,SingleNE
PIP17_GTAAACAAGGTCTAGTACAAGGGTCATT,PIP17,SingleNE
PIP17_GTAAACAAGTAGAGGTTCACATGCATAT,PIP17,SingleNE
PIP17_GTAAACAAGTTGCTCTTGTTAGTAGTTA,PIP17,SingleNE
PIP17_GTAAACAATACAGAAGAAGGAAATAGCA,PIP17,SingleNE
PIP17_GTAAACAATAGTCTATCAACTCATACCA,PIP17,SingleNE
PIP17_GTAAACAATGAGAAGAAGAAGAAGATAT,PIP17,SingleNE
PIP17_GTCCACTAACATGTTATTGGCGTGGGAT,PIP17,SingleNE
PIP17_GTCCACTAAGTTACCTTTAGATATGCAA,PIP17,SingleNE
PIP17_GTCCACTAATGTTGGATATGGGCTATAA,PIP17,SingleNE
PIP17_GTCCACTACAATACACTTCCGCTATGGG,PIP17,SingleNE
PIP17_GTCCACTACACATTAATAGCTCATACCA,PIP17,SingleNE
PIP17_GTCCACTACACATTACAAAGCCAGACAG,PIP17,SingleNE
PIP17_GTCCACTACCAAATAGTGGAACACCAAG,PIP17,SingleNE
PIP17_GTCCACTACCGTATGAAGAAATAGATGT,PIP17,SingleNE
PIP17_GTCCACTACTTTAGAGGTAATAATGTGG,PIP17,SingleNE
PIP17_GTCCACTAGAACAGGACAATGAGTGTAC,PIP17,SingleNE
PIP17_GTCCACTAGATTTCGTAGAGGCCAACAT,PIP17,SingleNE
PIP17_GTCCACTAGCTAAGGAAACCAACAGAAC,PIP17,SingleNE
PIP17_GTCCACTAGCTGTAAGAAACCAGTTTAA,PIP17,SingleNE
PIP17_GTCCACTAGTTGCTTGTATCACAAGTAG,PIP17,SingleNE
PIP17_GTCCACTATAACCCAATACCCACAAGTA,PIP17,SingleNE
PIP17_GTCCACTATACAGATACTCACACAAGTA,PIP17,SingleNE
PIP17_GTCCACTATAGTCTGTACAAAAACTACA,PIP17,SingleNE
PIP17_GTCCACTATATTGGCACAAGAAAGAGGC,PIP17,SingleNE
PIP17_GTCCACTATTAACGGATATGACAGATAA,PIP17,SingleNE
PIP17_GTCCACTATTGGTAAGGTAACTCACATC,PIP17,SingleNE
PIP17_GTCCTTGCATCAACGTTAGTTCATACCA,PIP17,SingleNE
PIP17_GTCCTTGCCAATACCACGAAGAGTGTAC,PIP17,SingleNE
PIP17_GTCCTTGCCAGTTGTAGAACTGAATAGG,PIP17,SingleNE
PIP17_GTCCTTGCCTAAAGATGCACAATATGAC,PIP17,SingleNE
PIP17_GTCCTTGCCTATGGGCTAAGAAAGAGGC,PIP17,SingleNE
PIP17_GTCCTTGCCTTGTTATGTTGAGTTTGTA,PIP17,SingleNE
PIP17_GTCCTTGCTCGATTAAGCACGTGGTGCT,PIP17,SingleNE
PIP17_GTCCTTGCTGTATCAAGCTCGTGGTGCT,PIP17,SingleNE
PIP17_GTCCTTGCTTGGCATAACCCGCTATGGG,PIP17,SingleNE
PIP17_GTCTAATCAAGGTGTATTGGATCAGGGA,PIP17,SingleNE
PIP17_GTCTAATCAATAGCGAAGAACGTGTACA,PIP17,SingleNE
PIP17_GTCTAATCACGGTTTCTGTGTCCAGAAG,PIP17,SingleNE
PIP17_GTCTAATCACTTCCTGGGTTACAGATAA,PIP17,SingleNE
PIP17_GTCTAATCAGAAGGCACAAGCTGTTAAA,PIP17,SingleNE
PIP17_GTCTAATCATGTTGTCAAAGGATGTGGC,PIP17,SingleNE
PIP17_GTCTAATCCTGAAGTTGGCATGCACCAG,PIP17,SingleNE
PIP17_GTCTAATCGATGAATTGGTAGGAGGTTT,PIP17,SingleNE
PIP17_GTCTAATCGATTTCAGAAGGTATGTGAA,PIP17,SingleNE
PIP17_GTCTAATCGTAATCTCTACCAATATGAC,PIP17,SingleNE
PIP17_GTCTAATCTCAGTCACAGCAAGTTTGTA,PIP17,SingleNE
PIP17_GTCTAATCTGGGTTATCTGAAGTTTGTA,PIP17,SingleNE
PIP17_GTCTAATCTTAACGCTATGGACAGATAA,PIP17,SingleNE
PIP17_GTCTTCCTAATACCCCAAATGGTTAGGG,PIP17,SingleNE
PIP17_GTCTTCCTACAAAGGCTGTATCATACCA,PIP17,SingleNE
PIP17_GTCTTCCTAGAAGGCACGAAGGAGTAAG,PIP17,SingleNE
PIP17_GTCTTCCTCCGTATAAGCTCCGTGGGAT,PIP17,SingleNE
PIP17_GTCTTCCTCCTAATCACGAAGAGTGTAC,PIP17,SingleNE
PIP17_GTCTTCCTCTTCGAGAAGAAACCACAGA,PIP17,SingleNE
PIP17_GTCTTCCTGCACTACTTTAGGTTCTGCT,PIP17,SingleNE
PIP17_GTCTTCCTGCTGTACTTGACACAGATAA,PIP17,SingleNE
PIP17_GTCTTCCTGTAATCCTTCCATGCACCAG,PIP17,SingleNE
PIP17_GTCTTCCTTGCTTTAAGGTGGAGTGTAC,PIP17,SingleNE
PIP17_GTCTTCCTTGGGTTAACTGAGATGCAGA,PIP17,SingleNE
PIP17_GTGAACTCAAGAGAGCGTTTACTAGAGC,PIP17,SingleNE
PIP17_GTGAACTCACTTCCCTTCCAAAACTGTG,PIP17,SingleNE
PIP17_GTGAACTCCCGTATAAACCGACATGGAC,PIP17,SingleNE
PIP17_GTGAACTCGAAGAAACCTTTGTCTGGAA,PIP17,SingleNE
PIP17_GTGAACTCGACAATTATGCCGATGGTTA,PIP17,SingleNE
PIP17_GTGAACTCGCTCTTACAAAGAACAGAAC,PIP17,SingleNE
PIP17_GTGAACTCTATTGGTGAAAGATATGCAA,PIP17,SingleNE
PIP17_GTGAACTCTTGGTATGTATCAAACTGTG,PIP17,SingleNE
PIP17_GTGAGGCAAAACACGGTTTCGGTTAGGG,PIP17,SingleNE
PIP17_GTGAGGCAACAGCACCTAATCCAGACAG,PIP17,SingleNE
PIP17_GTGAGGCACATCTAGGTTTCCAAGGTAC,PIP17,SingleNE
PIP17_GTGAGGCACTATGGATGTTGGCTAAGTT,PIP17,SingleNE
PIP17_GTGAGGCACTTTAGGCACTACCATATGA,PIP17,SingleNE
PIP17_GTGAGGCAGATATGTGCTTTACATGGAC,PIP17,SingleNE
PIP17_GTGAGGCATGAAAGCTGAAGAAAGAGGC,PIP17,SingleNE
PIP17_GTGGTGCTAAGCACGAACAGAGTTTGTA,PIP17,SingleNE
PIP17_GTGGTGCTAGGAAATCTGTGGTCTAATC,PIP17,SingleNE
PIP17_GTGGTGCTATCTGAACAACCTATGTGAA,PIP17,SingleNE
PIP17_GTGGTGCTCATCTACTTCCAAACAAATG,PIP17,SingleNE
PIP17_GTGGTGCTCCGTATGATACCGTCAAGAG,PIP17,SingleNE
PIP17_GTGGTGCTCCTAATGATATGAATAAGGA,PIP17,SingleNE
PIP17_GTGGTGCTCTATGGAGAAGGGGGTCATT,PIP17,SingleNE
PIP17_GTGGTGCTGCTGTAAAAGTGTTCTAGGA,PIP17,SingleNE
PIP17_GTGGTGCTGTGATCAGACGTACATGGAC,PIP17,SingleNE
PIP17_GTGGTGCTTATTGGGCACTAAGTAGTTA,PIP17,SingleNE
PIP17_GTGGTGCTTTAACGACAGCATCTGATTT,PIP17,SingleNE
PIP17_GTGGTGCTTTTCTCCTAAAGGGTTACAC,PIP17,SingleNE
PIP17_GTGTCACCAACTGATGAACCTGAATAGG,PIP17,SingleNE
PIP17_GTGTCACCAGTGGAAAGCTCCAAGGAAT,PIP17,SingleNE
PIP17_GTGTCACCGAAGAACTTCCAAGTAATGG,PIP17,SingleNE
PIP17_GTGTCACCGCTCTTAGGTAAGAAGATAT,PIP17,SingleNE
PIP17_GTGTCACCGCTCTTAGTGGAACTAGAGC,PIP17,SingleNE
PIP17_GTGTCACCGCTCTTGATATGGATGCAGA,PIP17,SingleNE
PIP17_GTGTCACCGTGATCATGTTGCAAACATT,PIP17,SingleNE
PIP17_GTGTCACCTATTGGTCAGTCGGAGGTTT,PIP17,SingleNE
PIP17_GTGTCACCTGAGAAAAAGTGCCATATGA,PIP17,SingleNE
PIP17_GTTCTGCTAACTGAGTACAATCCTATAT,PIP17,SingleNE
PIP17_GTTCTGCTAATAGCGTAATCGGCAAGGT,PIP17,SingleNE
PIP17_GTTCTGCTACAACCTGTAACACTAATTG,PIP17,SingleNE
PIP17_GTTCTGCTATCTGAACAAAGAGTTTGTA,PIP17,SingleNE
PIP17_GTTCTGCTATGTTGAATACCGTCAAGAG,PIP17,SingleNE
PIP17_GTTCTGCTCAATACACTTCCGATGTGGC,PIP17,SingleNE
PIP17_GTTCTGCTCTGAAGAAAGACATCAGGGA,PIP17,SingleNE
PIP17_GTTCTGCTGAAAGGCTTCCATTCTAGGA,PIP17,SingleNE
PIP17_GTTCTGCTGATATGAGGAAATGGAAAGC,PIP17,SingleNE
PIP17_GTTCTGCTGCGTTTTGTATCTGGTGTCT,PIP17,SingleNE
PIP17_GTTCTGCTGTAGAGAGGTAAAATAAGGA,PIP17,SingleNE
PIP17_GTTCTGCTGTGATCGGTTTCATGCATAT,PIP17,SingleNE
PIP17_GTTCTGCTGTTAGTGTTCACGTTCTGCT,PIP17,SingleNE
PIP17_GTTCTGCTTATTGGAATACCATAACAGG,PIP17,SingleNE
PIP17_GTTCTGCTTTGGTATATTGGTGGGAATT,PIP17,SingleNE
PIP17_GTTGTCCGAAGGTGACTTCCTGAATAGG,PIP17,SingleNE
PIP17_GTTGTCCGAGGAAAAGAAGGTCCTATAT,PIP17,SingleNE
PIP17_GTTGTCCGATCAACGGTTTCCTGGGTAT,PIP17,SingleNE
PIP17_GTTGTCCGCACAAGCTGGTAGAAAGACA,PIP17,SingleNE
PIP17_GTTGTCCGCGCAAACACGAAATATGGGT,PIP17,SingleNE
PIP17_GTTGTCCGTAAGGCGACAATATATGGGT,PIP17,SingleNE
PIP17_GTTGTCCGTCTGTGGACAATGGCTATAA,PIP17,SingleNE
PIP17_GTTGTCCGTGAGAATGAAAGTGGCTAGT,PIP17,SingleNE
PIP17_GTTGTCCGTGGGTTAAAGGCAAGGATGA,PIP17,SingleNE
PIP17_TAACTTCTAAAGTGTAAGCCCACAAGTA,PIP17,SingleNE
PIP17_TAACTTCTAACTGAAGTTACCTCACATC,PIP17,SingleNE
PIP17_TAACTTCTACCTTTGCGTTTTTTGCCAG,PIP17,SingleNE
PIP17_TAACTTCTACTTCCGTTAGTACAAAGAT,PIP17,SingleNE
PIP17_TAACTTCTCACAAGAAGCACGATGTGGC,PIP17,SingleNE
PIP17_TAACTTCTCACATTTCTGTGGTGGTGCT,PIP17,SingleNE
PIP17_TAACTTCTCTAAAGTCTGTGGTCTAATC,PIP17,SingleNE
PIP17_TAACTTCTGAAAGGGTTCACGGCTATAA,PIP17,SingleNE
PIP17_TAACTTCTGAAATCTGCTAGCTGGGTAT,PIP17,SingleNE
PIP17_TAACTTCTGAAGAATGAGAAGTCAGGTT,PIP17,SingleNE
PIP17_TAACTTCTGTAATCTAAGCCGATGTGGC,PIP17,SingleNE
PIP17_TAACTTCTGTGATCAGGTAACGTGTGTT,PIP17,SingleNE
PIP17_TAACTTCTTGCTAGCCTAATACAGATAA,PIP17,SingleNE
PIP17_TACTGAATAAACCGAGGTAACGTGGGAT,PIP17,SingleNE
PIP17_TACTGAATAAACCGGAAAGGGCTATGGG,PIP17,SingleNE
PIP17_TACTGAATAACTGATTGGTACACAACCT,PIP17,SingleNE
PIP17_TACTGAATAATACCGTGATCTCCAGAAG,PIP17,SingleNE
PIP17_TACTGAATCACATTCAAACAATAGATGT,PIP17,SingleNE
PIP17_TACTGAATCACATTGTAATCACCACAGA,PIP17,SingleNE
PIP17_TACTGAATCTAAAGACAAAGGGCAAGGT,PIP17,SingleNE
PIP17_TACTGAATGCTAAGGAAAGGTGGTGTCT,PIP17,SingleNE
PIP17_TACTGAATGCTGTAAAGAGATGGTGTCT,PIP17,SingleNE
PIP17_TACTGAATGTTTGGGTAATCATATGCAA,PIP17,SingleNE
PIP17_TACTGAATTCAAAGGGTTTCTGGTGTCT,PIP17,SingleNE
PIP17_TACTGAATTGCTTTCTTTAGAAACTGTG,PIP17,SingleNE
PIP17_TAGCCACAATGTTGACCTTTCAAGGTAC,PIP17,SingleNE
PIP17_TAGCCACACATCTAGCACTAAATATGAC,PIP17,SingleNE
PIP17_TAGCCACACCTAATGATACCATATGGGT,PIP17,SingleNE
PIP17_TAGCCACACTAAAGAAGCTCATATGGGT,PIP17,SingleNE
PIP17_TAGCCACAGACAATACAACCTGGAAAGC,PIP17,SingleNE
PIP17_TAGCCACAGATTTCTGAACCGATGGTTA,PIP17,SingleNE
PIP17_TAGCCACAGTTAGTAAAGTGAATGTATG,PIP17,SingleNE
PIP17_TAGCCACATATTGGGTGATCGGCAAGGT,PIP17,SingleNE
PIP17_TAGCCACATGAAAGAAAGTGTCTGATTT,PIP17,SingleNE
PIP17_TAGTCTCTACCTTTAAGCACCTCAAACA,PIP17,SingleNE
PIP17_TAGTCTCTACTTCCATCAACGTCTAATC,PIP17,SingleNE
PIP17_TAGTCTCTAGTTACCACGAATGAATAGG,PIP17,SingleNE
PIP17_TAGTCTCTGAAAGGGCTAAGCGTGTACA,PIP17,SingleNE
PIP17_TAGTCTCTGCGTTTAAACTCGTGGTGCT,PIP17,SingleNE
PIP17_TAGTCTCTGTAATCAACTGATGGTGTCT,PIP17,SingleNE
PIP17_TAGTCTCTGTTCACAGTTACTGGAAAGC,PIP17,SingleNE
PIP17_TAGTCTCTTACAGAAAGAGAAAAGAGGC,PIP17,SingleNE
PIP17_TAGTCTCTTCAGTCTAGAACTACTGAAT,PIP17,SingleNE
PIP17_TAGTCTCTTGAACCTACAGAACTAGAGC,PIP17,SingleNE
PIP17_TAGTCTCTTGGGTTTAGAACAAAGAGGC,PIP17,SingleNE
PIP17_TATCCACGAAACCGGCTAAGAACAGAAC,PIP17,SingleNE
PIP17_TATCCACGACGGTTGCACTAGTTCTGCT,PIP17,SingleNE
PIP17_TATCCACGAGTTACTCAGTCCTGTTAAA,PIP17,SingleNE
PIP17_TATCCACGCTATGGAATACCAAAGAGGC,PIP17,SingleNE
PIP17_TATCCACGCTGGTAATGCACAAACTACA,PIP17,SingleNE
PIP17_TATCCACGCTTGTTTGTAACTGCACCAG,PIP17,SingleNE
PIP17_TATCCACGGATATGAATACCTGGGAATT,PIP17,SingleNE
PIP17_TATCCACGGTAATCTGAAAGATCAGGGA,PIP17,SingleNE
PIP17_TATCCACGGTTGCTTAGCGAGATGCAGA,PIP17,SingleNE
PIP17_TATCCACGTCAGTCAAGGTGGAAAGACA,PIP17,SingleNE
PIP17_TATCCACGTGAAAGACAAAGCTCACATC,PIP17,SingleNE
PIP17_TATCCACGTTAACGAACTGAGGCTATAA,PIP17,SingleNE
PIP17_TATCCACGTTCGAAAAGGTGCTGGGTAT,PIP17,SingleNE
PIP17_TATCTGTCACAACCGTAGAGCACAACCT,PIP17,SingleNE
PIP17_TATCTGTCACCTTTCAAACACCAGACAG,PIP17,SingleNE
PIP17_TATCTGTCAGGAAACTTGTTGGGATTAC,PIP17,SingleNE
PIP17_TATCTGTCATCTGAGACAATCCTTTGTC,PIP17,SingleNE
PIP17_TATCTGTCATGTTGGTAGAGGGTTACAC,PIP17,SingleNE
PIP17_TATCTGTCCACATTTGAACCAAGGATGA,PIP17,SingleNE
PIP17_TATCTGTCCCGTATGCACTACTCAAACA,PIP17,SingleNE
PIP17_TATCTGTCCTAAAGGATATGCCTTTGTC,PIP17,SingleNE
PIP17_TATCTGTCCTTGACACTTCCGATGGTTA,PIP17,SingleNE
PIP17_TATCTGTCGAAATCGAAGAAAAGGATGA,PIP17,SingleNE
PIP17_TATCTGTCGTTTGGACCATACAAGGAAT,PIP17,SingleNE
PIP17_TATCTGTCTAAGGCAAAGGCAAAGAGGC,PIP17,SingleNE
PIP17_TATCTGTCTATGCCAGTTACCTCACATC,PIP17,SingleNE
PIP17_TATGTGAAAAGCACGAAACCATCAGGGA,PIP17,SingleNE
PIP17_TATGTGAAACAACCTGAACCACATGGAC,PIP17,SingleNE
PIP17_TATGTGAAACCTTTATCTTCATAGATGT,PIP17,SingleNE
PIP17_TATGTGAACTATGGACTTCCGGGAGATG,PIP17,SingleNE
PIP17_TATGTGAACTTTAGACAAAGCTCAAACA,PIP17,SingleNE
PIP17_TATGTGAAGAAATCTACTCATGGGAATT,PIP17,SingleNE
PIP17_TATGTGAAGATATGCTTGACGAAAGACA,PIP17,SingleNE
PIP17_TATGTGAAGCACTAGAAGAAGTCAGGTT,PIP17,SingleNE
PIP17_TATGTGAAGTTAGTGTTTGGCCTTTACA,PIP17,SingleNE
PIP17_TATGTGAAGTTGCTTAGAACTGGAAAGC,PIP17,SingleNE
PIP17_TATGTGAATATTGGCCTAATCGTGTGTT,PIP17,SingleNE
PIP17_TATGTGAATTAACGCAATACTTTGCCAG,PIP17,SingleNE
PIP17_TCCGACACAAAGACTAAGCCATCAGGGA,PIP17,SingleNE
PIP17_TCCGACACAGTGGAGAAGAACCATATGA,PIP17,SingleNE
PIP17_TCCGACACATCTGACTTTAGATATGCAA,PIP17,SingleNE
PIP17_TCCGACACCACGAATAAGGCGATGTGGC,PIP17,SingleNE
PIP17_TCCGACACCCAAATAGTTACACAGATAA,PIP17,SingleNE
PIP17_TCCGACACCCGTATTGAAAGGGGATTAC,PIP17,SingleNE
PIP17_TCCGACACCCGTATTGAAAGGTGGTGCT,PIP17,SingleNE
PIP17_TCCGACACCTGGTATGAGAACCATATGA,PIP17,SingleNE
PIP17_TCCGACACCTTCGAATGTTGGGGTCATT,PIP17,SingleNE
PIP17_TCCGACACGCTCTTAGGTAACTCAAACA,PIP17,SingleNE
PIP17_TCCGACACGCTGTATACTCAACATGGAC,PIP17,SingleNE
PIP17_TCCGACACGTTTGGAAAGTGACTAGAGC,PIP17,SingleNE
PIP17_TCCGACACTGAGAATGCTTTACCACAGA,PIP17,SingleNE
PIP17_TCCTATATATCAACAGGTAATATGTGAA,PIP17,SingleNE
PIP17_TCCTATATCAATACCCTAATGTCTAATC,PIP17,SingleNE
PIP17_TCCTATATCCGTATAAGCTCTCATACCA,PIP17,SingleNE
PIP17_TCCTATATCTTGTTAAGGTGTACTGAAT,PIP17,SingleNE
PIP17_TCCTATATGAAAGGTAAGGCATAACAGG,PIP17,SingleNE
PIP17_TCCTATATGATTTCTAAGCCTCCAGAAG,PIP17,SingleNE
PIP17_TCCTATATGCGTTTGTGATCCTGTTAAA,PIP17,SingleNE
PIP17_TCCTATATGTACAAGTACAAAATGTATG,PIP17,SingleNE
PIP17_TCCTATATGTAGAGTAAGGCCAAACATT,PIP17,SingleNE
PIP17_TCCTATATTAAGGCAAACTCACATGGAC,PIP17,SingleNE
PIP17_TCTAAACTATGCACTAAGCCTGAATAGG,PIP17,SingleNE
PIP17_TCTAAACTATGTTGCAGTTGGTCTGGAA,PIP17,SingleNE
PIP17_TCTAAACTCTATGGCTGGTAACCTGAAG,PIP17,SingleNE
PIP17_TCTAAACTGAAGAAACTTCCCTGGGTAT,PIP17,SingleNE
PIP17_TCTAAACTGATTTCAGGAAACAAACATT,PIP17,SingleNE
PIP17_TCTAAACTGCACTAAACTGATCAAATGG,PIP17,SingleNE
PIP17_TCTAAACTGGTCTAATGCACATATGGGT,PIP17,SingleNE
PIP17_TCTAAACTGTTCACCCTAATACAGGCCA,PIP17,SingleNE
PIP17_TCTAAACTTAACCCAAGAGACTCAAACA,PIP17,SingleNE
PIP17_TCTAAACTTAAGGCCTTTAGCTCAAACA,PIP17,SingleNE
PIP17_TCTAAACTTACAGATCTGTGGTGGTGCT,PIP17,SingleNE
PIP17_TCTAAACTTATGCCATCTGATGAATAGG,PIP17,SingleNE
PIP17_TCTAAACTTCAAAGAACTGAGCCAACAT,PIP17,SingleNE
PIP17_TCTAAACTTTGGCACCTAATAGTAGTTA,PIP17,SingleNE
PIP17_TCTAAACTTTTCTCGCTAAGACCTGAAG,PIP17,SingleNE
PIP17_TCTATTCCAAAGACAAGGTGCAAGGGTT,PIP17,SingleNE
PIP17_TCTATTCCAATAGCGTTTGGCTCACATC,PIP17,SingleNE
PIP17_TCTATTCCACCTTTCCTAATCACAAGTA,PIP17,SingleNE
PIP17_TCTATTCCAGACGTCTGGTAGTCAGGTT,PIP17,SingleNE
PIP17_TCTATTCCATGTTGGAACAGTATGTGAA,PIP17,SingleNE
PIP17_TCTATTCCCACAAGGGTTTCACAGGCCA,PIP17,SingleNE
PIP17_TCTATTCCCCAAATTCTACCCACAACCT,PIP17,SingleNE
PIP17_TCTATTCCCTAAAGATGTTGGATGCAGA,PIP17,SingleNE
PIP17_TCTATTCCCTTGACCCTAATGAAGATAT,PIP17,SingleNE
PIP17_TCTATTCCCTTGTTACTTCCTGGAAAGC,PIP17,SingleNE
PIP17_TCTATTCCCTTGTTTCTACCGCCAACAT,PIP17,SingleNE
PIP17_TCTATTCCGAACAGCTTTAGACAGATAA,PIP17,SingleNE
PIP17_TCTATTCCGCGTTTAGACGTCGTGTGTT,PIP17,SingleNE
PIP17_TCTATTCCGTAATCGAAATCATGCATAT,PIP17,SingleNE
PIP17_TCTATTCCTAAGCCACCATATGGAAAGC,PIP17,SingleNE
PIP17_TCTATTCCTGAGAATAAGGCCAAGGGTT,PIP17,SingleNE
PIP17_TCTATTCCTTAACGGGTTTCGTCAGGTT,PIP17,SingleNE
PIP17_TCTTTGACAAAGGCAAGCACTCAAATGG,PIP17,SingleNE
PIP17_TCTTTGACAAGGTGAACTGAGGGAGATG,PIP17,SingleNE
PIP17_TCTTTGACAGAAGGTCTGTGGTCAAGAG,PIP17,SingleNE
PIP17_TCTTTGACCAATACTTGGTAGTGGTGCT,PIP17,SingleNE
PIP17_TCTTTGACCTTGACGCACTAGAGTGTAC,PIP17,SingleNE
PIP17_TCTTTGACGAGATACTGGTAAAAGAGGC,PIP17,SingleNE
PIP17_TCTTTGACGTAATCCAATACGATGTGGC,PIP17,SingleNE
PIP17_TGCTTCATCTTCGAAAAGGCGTCTAATC,PIP17,SingleNE
PIP17_TGCTTCATGCTCTTAAAGGCAAAGAGGC,PIP17,SingleNE
PIP17_TGCTTCATGTTAGTACTTCCAATGTATG,PIP17,SingleNE
PIP17_TGCTTCATTAAGCCCTGAAGGTCAGGTT,PIP17,SingleNE
PIP17_TGCTTCATTAGTCTAACTGAACCAGTTT,PIP17,SingleNE
PIP17_TGCTTCATTAGTCTGATACCTTGCATTC,PIP17,SingleNE
PIP17_TGCTTCATTTGGCAAGGTAAGGCTATAA,PIP17,SingleNE
PIP17_TTAGCTGCACGGTTCTTCCAACAAAGAT,PIP17,SingleNE
PIP17_TTAGCTGCATCTGATGGGTTTCCTATAT,PIP17,SingleNE
PIP17_TTAGCTGCCGCAAAAGGAAATGGAAAGC,PIP17,SingleNE
PIP17_TTAGCTGCTAAGGCAGAAGGGCTAAGTT,PIP17,SingleNE
PIP17_TTAGCTGCTATGCCTCTACCGATGTGGC,PIP17,SingleNE
PIP17_TTAGCTGCTCAGTCCACAAGACTAGAGC,PIP17,SingleNE
PIP17_TTCACTGGACGGTTTGCTAGATGCATAT,PIP17,SingleNE
PIP17_TTCACTGGATCAACCTAAAGACATGGAC,PIP17,SingleNE
PIP17_TTCACTGGCTGAAGCTTGTTGAAAGACA,PIP17,SingleNE
PIP17_TTCACTGGGAACAGGTTCACTCTGATTT,PIP17,SingleNE
PIP17_TTCACTGGGATGAAGTAATCGGGAGATG,PIP17,SingleNE
PIP17_TTCACTGGGTACAATTCCAGCAAGGAAT,PIP17,SingleNE
PIP17_TTCACTGGTAACCCGCTAAGACAAAGAT,PIP17,SingleNE
PIP17_TTGCTCTAAAAGACACAAAGCGTGTACA,PIP17,SingleNE
PIP17_TTGCTCTACACATTGTTGCTTGGAAAGC,PIP17,SingleNE
PIP17_TTGCTCTACATCTAGCGTTTGGTTAGGG,PIP17,SingleNE
PIP17_TTGCTCTAGAAGAATAAGGCTGAATAGG,PIP17,SingleNE
PIP17_TTGCTCTAGACAATACTTCCAACAAATG,PIP17,SingleNE
PIP17_TTGCTCTAGTTGCTTTGGTAAAGGATGA,PIP17,SingleNE
PIP17_TTGCTCTATCAGTCTCTGTGGGGTCATT,PIP17,SingleNE
PIP17_TTGCTCTATGAGAAACTTCCGCCTGGTA,PIP17,SingleNE
PIP17_TTGCTCTATTAACGCCAAATGTCTAATC,PIP17,SingleNE
PIP17_TTGGGTCCAAAGACAGTTACACCAGTTT,PIP17,SingleNE
PIP17_TTGGGTCCACATGTACAGCATTGCATTC,PIP17,SingleNE
PIP17_TTGGGTCCCACGAAGTTTGGCCTTTACA,PIP17,SingleNE
PIP17_TTGGGTCCCTATGGACAACCAATGTATG,PIP17,SingleNE
PIP17_TTTGTACAAAGAGATATGCCTTAGCAAT,PIP17,SingleNE
PIP17_TTTGTACAACGGTTGTTCACTAATGTGG,PIP17,SingleNE
PIP17_TTTGTACAAGTTACTGTAACATCAGGGA,PIP17,SingleNE
PIP17_TTTGTACAATCTGATTAACGCTCAAACA,PIP17,SingleNE
PIP17_TTTGTACACCTAATACCATAGAAGATAT,PIP17,SingleNE
PIP17_TTTGTACACTGGTAACCTTTGCTATGGG,PIP17,SingleNE
PIP17_TTTGTACACTTGACCCAAATCACAACCT,PIP17,SingleNE
PIP17_TTTGTACAGAAATCCTGGTATGCACCAG,PIP17,SingleNE
PIP17_TTTGTACAGAAATCTATTGGGGCTATAA,PIP17,SingleNE
PIP17_TTTGTACAGCTCTTGTTGCTCAAACATT,PIP17,SingleNE
PIP17_TTTGTACAGCTGTACACAAGAATATGAC,PIP17,SingleNE
PIP17_TTTGTACAGCTGTATCAGTCGATGTGGC,PIP17,SingleNE
PIP17_TTTGTACAGTACAAACAACCACCACAGA,PIP17,SingleNE
PIP17_TTTGTACAGTACAAAGGTAAGAAGATAT,PIP17,SingleNE
PIP17_TTTGTACAGTTCACCTATGGACAAGTAG,PIP17,SingleNE
PIP17_TTTGTACATCTACCTATTGGGATGCAGA,PIP17,SingleNE
PIP17_TTTGTACATGCTTTCCTAATCAAGGTAC,PIP17,SingleNE
PIP17_TTTGTACATTCGAAACAAAGGAAAGACA,PIP17,SingleNE
PIP17_TTTGTACATTGGCAGTTGCTGAAAGACA,PIP17,SingleNE
PIP18_AAACAAACAAAGTGTACTCAGAGTGTAC,PIP18,SingleNE
PIP18_AAACAAACAACTGATTGGTACAAGGGTT,PIP18,SingleNE
PIP18_AAACAAACATGTTGACAGCAGGGTCATT,PIP18,SingleNE
PIP18_AAACAAACCACAAGGTAATCCAAGGTAC,PIP18,SingleNE
PIP18_AAACAAACCCAAATTGAGAACCATATGA,PIP18,SingleNE
PIP18_AAACAAACCTTCGATACTCAACAAAGAT,PIP18,SingleNE
PIP18_AAACAAACGAACAGAGACGTTCCAGAAG,PIP18,SingleNE
PIP18_AAACAAACGTTAGTATCTTCGGTTACAC,PIP18,SingleNE
PIP18_AAACAAACTAAGGCAACTGAATAGATGT,PIP18,SingleNE
PIP18_AAACAAACTACAGAAAAGTGGGAGTAAG,PIP18,SingleNE
PIP18_AAACAAACTCTGTGAAAGTGTCCAGAAG,PIP18,SingleNE
PIP18_AAACCGCCAACTGAATGTTGCAAGGGTT,PIP18,SingleNE
PIP18_AAACCGCCAAGAGAGAAATCACCTGAAG,PIP18,SingleNE
PIP18_AAACCGCCAATAGCTATTGGGGAGTAAG,PIP18,SingleNE
PIP18_AAACCGCCACAGCAGTAATCGCTAAGTT,PIP18,SingleNE
PIP18_AAACCGCCACTTCCATGCACGAAGATAT,PIP18,SingleNE
PIP18_AAACCGCCGAAATCTGAGAAGGGTCATT,PIP18,SingleNE
PIP18_AAACCGCCGAAGAAAAAGGCGAAAGACA,PIP18,SingleNE
PIP18_AAACCGCCGCACTAACAAAGTGGTGTCT,PIP18,SingleNE
PIP18_AAACCGCCGCTGTAAATACCTTAGCAAT,PIP18,SingleNE
PIP18_AAACCGCCGTAATCAAAGGCTTGCATTC,PIP18,SingleNE
PIP18_AAACCGCCTAGTCTAAGCACAATGTATG,PIP18,SingleNE
PIP18_AAACCGCCTCAAAGCAGTTGCGTGTACA,PIP18,SingleNE
PIP18_AAACCGCCTCTGTGTCTACCATCCTAGT,PIP18,SingleNE
PIP18_AAACTACAACAGCAGTAGAGGTGGTGCT,PIP18,SingleNE
PIP18_AAACTACAGAAATCGTGATCTGAATAGG,PIP18,SingleNE
PIP18_AAACTACAGGTTTCAGTTACACAGATAA,PIP18,SingleNE
PIP18_AAACTACATATGCCTCTACCCCATATGA,PIP18,SingleNE
PIP18_AAACTACATATTGGAAGGTGCAAGGGTT,PIP18,SingleNE
PIP18_AAACTACATCTGTGATCTGACACAACCT,PIP18,SingleNE
PIP18_AAACTACATGCTAGCAATACACAAAGAT,PIP18,SingleNE
PIP18_AAACTACATTGGTACAAACAAACTGCCT,PIP18,SingleNE
PIP18_AAAGAGGCATGCACTCTGTGTCTGATTT,PIP18,SingleNE
PIP18_AAAGAGGCCCGTATAGACGTGTGGTGCT,PIP18,SingleNE
PIP18_AAAGAGGCCGCAAACTAAAGTACCTAAG,PIP18,SingleNE
PIP18_AAAGAGGCCTATGGCTGGTAATAACAGG,PIP18,SingleNE
PIP18_AAAGAGGCCTTCGAAACTGAACCTGAAG,PIP18,SingleNE
PIP18_AAAGAGGCCTTGACTGAGAATACTGAAT,PIP18,SingleNE
PIP18_AAAGAGGCGATATGAACTGAATATGCAA,PIP18,SingleNE
PIP18_AAAGAGGCGCACTATCAAAGCCTTTACA,PIP18,SingleNE
PIP18_AAAGAGGCGGTCTACTGAAGACAAGTAG,PIP18,SingleNE
PIP18_AAAGAGGCGTGATCGTGATCGGGTCATT,PIP18,SingleNE
PIP18_AAAGAGGCTAAGCCTATTGGCGTGTACA,PIP18,SingleNE
PIP18_AAAGAGGCTCAAAGCTTCCATCTGATTT,PIP18,SingleNE
PIP18_AAAGAGGCTGAAAGGAAGAAGGAGGTTT,PIP18,SingleNE
PIP18_AAATTCCGAACTGACTGAAGTGAATAGG,PIP18,SingleNE
PIP18_AAATTCCGACAAAGGATACCGTCTAATC,PIP18,SingleNE
PIP18_AAATTCCGAGGTAAGAAATCGTCAGGTT,PIP18,SingleNE
PIP18_AAATTCCGCCGTATCTAAAGGCTATGGG,PIP18,SingleNE
PIP18_AAATTCCGGAAATCTACAGATTAGCAAT,PIP18,SingleNE
PIP18_AAATTCCGGAACAGTACTCATTGCATTC,PIP18,SingleNE
PIP18_AAATTCCGGTAATCATGCACTATGTGAA,PIP18,SingleNE
PIP18_AAATTCCGGTTAGTATCTTCGGAGTAAG,PIP18,SingleNE
PIP18_AAATTCCGTAGCGAACCATAAATATGAC,PIP18,SingleNE
PIP18_AAATTCCGTATTGGAGAAACATAGATGT,PIP18,SingleNE
PIP18_AAATTCCGTGAAAGCTTCGAGGGATTAC,PIP18,SingleNE
PIP18_AAATTCCGTTGGCAATCAACTTAGCAAT,PIP18,SingleNE
PIP18_AACTGCCTAAGCACAGAAGGAATGTATG,PIP18,SingleNE
PIP18_AACTGCCTAAGGTGGAACAGAGTTTGTA,PIP18,SingleNE
PIP18_AACTGCCTAAGGTGTTGGTAATAACAGG,PIP18,SingleNE
PIP18_AACTGCCTAATAGCATCTGAACATGGAC,PIP18,SingleNE
PIP18_AACTGCCTACAACCGTGATCGGAGGTTT,PIP18,SingleNE
PIP18_AACTGCCTACCTTTCTGGTAGTGGTGCT,PIP18,SingleNE
PIP18_AACTGCCTGAACAGCACAAGGTTCTGCT,PIP18,SingleNE
PIP18_AACTGCCTTCAGTCGAAGAATTGCATTC,PIP18,SingleNE
PIP18_AACTGCCTTGCTAGAGGAAAATCAGGGA,PIP18,SingleNE
PIP18_AACTGCCTTTCGAAGTTAGTCTCAAACA,PIP18,SingleNE
PIP18_AACTGCCTTTGGTAATCAACATAACAGG,PIP18,SingleNE
PIP18_AAGAGTATAGAAACACCATATTTGCCAG,PIP18,SingleNE
PIP18_AAGAGTATCTATGGAATAGCGAGTGTAC,PIP18,SingleNE
PIP18_AAGAGTATGAACAGAGAAACTGGTGTCT,PIP18,SingleNE
PIP18_AAGAGTATTATTGGAAAGTGGGTTAGGG,PIP18,SingleNE
PIP18_AAGCCTTCACAGCACTAAAGTGGAAAGC,PIP18,SingleNE
PIP18_AAGCCTTCAGAAACCAAACAGGTTACAC,PIP18,SingleNE
PIP18_AAGCCTTCATCTGATAACCCTGGTGTCT,PIP18,SingleNE
PIP18_AAGCCTTCATGTTGTCTGTGTGGAAAGC,PIP18,SingleNE
PIP18_AAGCCTTCCACATTTGGGTTCAAGGGTT,PIP18,SingleNE
PIP18_AAGCCTTCGAAATCAGGAAAGAAAGACA,PIP18,SingleNE
PIP18_AAGCCTTCGACAATCTGGTAAGTAATGG,PIP18,SingleNE
PIP18_AAGCCTTCGTTGCTTCTACCGAAAGACA,PIP18,SingleNE
PIP18_AAGCCTTCTATGCCAAAGACGGGATTAC,PIP18,SingleNE
PIP18_AAGCCTTCTCAGTCGAAAGGACATGGAC,PIP18,SingleNE
PIP18_AAGCCTTCTGTATCCCTAATGCTAAGTT,PIP18,SingleNE
PIP18_AAGCTCCTAAGCACATCTTCTCCTATAT,PIP18,SingleNE
PIP18_AAGCTCCTAAGCACGAAAGGAAGGATGA,PIP18,SingleNE
PIP18_AAGCTCCTAAGGTGAAACTCTTCTAGGA,PIP18,SingleNE
PIP18_AAGCTCCTACATGTGATATGTGGGAATT,PIP18,SingleNE
PIP18_AAGCTCCTATCAACCTGAAGTCATACCA,PIP18,SingleNE
PIP18_AAGCTCCTCTATGGCCTAATACTAGAGC,PIP18,SingleNE
PIP18_AAGCTCCTCTGAAGCACATTGGCTATAA,PIP18,SingleNE
PIP18_AAGCTCCTCTTTAGAATACCAAACTACA,PIP18,SingleNE
PIP18_AAGCTCCTGTTGCTAAACTCTCCAGAAG,PIP18,SingleNE
PIP18_AAGCTCCTGTTGCTAATACCCACAAGTA,PIP18,SingleNE
PIP18_AAGCTCCTTCAGTCTAAGCCCGTGTGTT,PIP18,SingleNE
PIP18_AAGCTCCTTGCTTTCTGAAGCAAGGGTT,PIP18,SingleNE
PIP18_AAGCTCCTTTTCTCCCTAATAACAGAAC,PIP18,SingleNE
PIP18_AAGGGACCAAGGTGATCTTCAATAAGGA,PIP18,SingleNE
PIP18_AAGGGACCCTATGGACAGCAACCACAGA,PIP18,SingleNE
PIP18_AAGGGACCCTTGACAGGAAAGTCTAATC,PIP18,SingleNE
PIP18_AAGGGACCGAACAGGGTTTCATCAGGGA,PIP18,SingleNE
PIP18_AAGGGACCTCTACCTGGGTTGGGATTAC,PIP18,SingleNE
PIP18_AAGGGACCTGCTAGTGCTTTTAATGTGG,PIP18,SingleNE
PIP18_AAGTCCAAACAGCATGCTAGAGTTTGTA,PIP18,SingleNE
PIP18_AAGTCCAAATCTGATGAGAAGGGATTAC,PIP18,SingleNE
PIP18_AAGTCCAACTAAAGAGGAAATGGCTAGT,PIP18,SingleNE
PIP18_AAGTCCAACTAAAGCAATACTGCACCAG,PIP18,SingleNE
PIP18_AAGTCCAAGAAGAACTGGTAGGGAGATG,PIP18,SingleNE
PIP18_AAGTCCAAGATATGCTTGACTCCAGAAG,PIP18,SingleNE
PIP18_AAGTCCAAGCTCTTAATACCCCAGACAG,PIP18,SingleNE
PIP18_AAGTCCAAGTAATCAAACTCGGGTCATT,PIP18,SingleNE
PIP18_AAGTCCAAGTACAACTAAAGCAAACATT,PIP18,SingleNE
PIP18_AAGTCCAAGTTTGGAGTGGAAGTTTGTA,PIP18,SingleNE
PIP18_AAGTCCAATAACCCCTGAAGGTTCTGCT,PIP18,SingleNE
PIP18_AAGTCCAATACAGACACGAACTGTTAAA,PIP18,SingleNE
PIP18_AAGTCCAATGGGTTTGTAACACACCAAG,PIP18,SingleNE
PIP18_AAGTCCAATGTATCCACGAACGTGTGTT,PIP18,SingleNE
PIP18_AAGTCCAATTAACGTGAGAAGTGGTGCT,PIP18,SingleNE
PIP18_AAGTCCAATTGGTATGCTTTGATGCAGA,PIP18,SingleNE
PIP18_AAGTTGTCCTTTAGTTGGTACGTGTACA,PIP18,SingleNE
PIP18_AAGTTGTCGAAGAATTGGTATCAAATGG,PIP18,SingleNE
PIP18_AAGTTGTCGGTTTCTCTGTGCACAAGTA,PIP18,SingleNE
PIP18_AAGTTGTCTACAGACACAAGAGTTTGTA,PIP18,SingleNE
PIP18_AATACATCACCTTTAGAAACATGCATAT,PIP18,SingleNE
PIP18_AATACATCAGAAGGTAACCCTTTGCCAG,PIP18,SingleNE
PIP18_AATACATCATCAACTGCTAGGATGTGGC,PIP18,SingleNE
PIP18_AATACATCCACAAGCTGGTAGTCAGGTT,PIP18,SingleNE
PIP18_AATACATCCTGGTAACATGTCCTATTTA,PIP18,SingleNE
PIP18_AATACATCGCTAAGACCATAGGCAAGGT,PIP18,SingleNE
PIP18_AATACATCTATTGGGAACAGATAGATGT,PIP18,SingleNE
PIP18_AATACATCTCAGTCATCTGAGGTTACAC,PIP18,SingleNE
PIP18_AATACATCTGAACCTAGAACGGTTAGGG,PIP18,SingleNE
PIP18_AATATGACAAGAGAACCATACAAGGGTT,PIP18,SingleNE
PIP18_AATATGACAATACCAGGTAAAAGGATGA,PIP18,SingleNE
PIP18_AATATGACACAACCTAACCCCAAGGTAC,PIP18,SingleNE
PIP18_AATATGACACAGCAACTTCCTTGCATTC,PIP18,SingleNE
PIP18_AATATGACACATGTCTTTAGTCATACCA,PIP18,SingleNE
PIP18_AATATGACATCAACCAGTTGAAATAGCA,PIP18,SingleNE
PIP18_AATATGACCACAAGGATACCCCTTTGTC,PIP18,SingleNE
PIP18_AATATGACCACATTTACAGAAATATGAC,PIP18,SingleNE
PIP18_AATATGACCATCTATTAACGACATGGAC,PIP18,SingleNE
PIP18_AATATGACCTTGTTTGCTAGCTGGGTAT,PIP18,SingleNE
PIP18_AATATGACGGTCTACAGTTGAACAGAAC,PIP18,SingleNE
PIP18_AATATGACGTAGAGGTTCACATAGATGT,PIP18,SingleNE
PIP18_AATATGACGTTCACGAAACCATAGATGT,PIP18,SingleNE
PIP18_AATATGACTCTACCTTCCAGAACAAATG,PIP18,SingleNE
PIP18_AATATGACTGGGTTGAAATCCCAGACAG,PIP18,SingleNE
PIP18_AATATGACTTCGAATTAACGGTCAAGAG,PIP18,SingleNE
PIP18_ACCAGTTTAAAGACATCAACGAGTGTAC,PIP18,SingleNE
PIP18_ACCAGTTTAAGAGATAGCGAGTCAAGAG,PIP18,SingleNE
PIP18_ACCAGTTTAGGTAATCAAAGGCTATGGG,PIP18,SingleNE
PIP18_ACCAGTTTGAAATCTAAGCCATGCATAT,PIP18,SingleNE
PIP18_ACCAGTTTGAGATAGATATGGGAGGTTT,PIP18,SingleNE
PIP18_ACCAGTTTGATATGAGGAAAGTCTAATC,PIP18,SingleNE
PIP18_ACCAGTTTGATATGCACAAGGGAGGTTT,PIP18,SingleNE
PIP18_ACCAGTTTGGTTTCAAACTCGGGTCATT,PIP18,SingleNE
PIP18_ACCAGTTTGTGATCCAATACGGTTACAC,PIP18,SingleNE
PIP18_ACCAGTTTGTTAGTTTAACGAACAGAAC,PIP18,SingleNE
PIP18_ACTCATACAATACCAGTGGAGTCTAATC,PIP18,SingleNE
PIP18_ACTCATACACTTCCAAGCACGCCTGGTA,PIP18,SingleNE
PIP18_ACTCATACAGAAGGGAAACCAACAAATG,PIP18,SingleNE
PIP18_ACTCATACCAATACTTCCAGCACAAGTA,PIP18,SingleNE
PIP18_ACTCATACCACGAAGATATGGTGGTGCT,PIP18,SingleNE
PIP18_ACTCATACCTAAAGTGAACCAGTTTGTA,PIP18,SingleNE
PIP18_ACTCATACCTAAAGTTCCAGAATGTATG,PIP18,SingleNE
PIP18_ACTCATACGAAGAAAAGAGAGCTATGGG,PIP18,SingleNE
PIP18_ACTCATACGATGAACTTGACATAGATGT,PIP18,SingleNE
PIP18_ACTCATACGTAGAGAATAGCATATGGGT,PIP18,SingleNE
PIP18_ACTCATACTATTGGTGTAACCTGTTAAA,PIP18,SingleNE
PIP18_ACTCATACTCAGTCGTACAAGTCAGGTT,PIP18,SingleNE
PIP18_ACTCATACTGCTAGTCTACCGTTCTGCT,PIP18,SingleNE
PIP18_AGAAACCACAGTTGTGAACCACATGGAC,PIP18,SingleNE
PIP18_AGAAACCACGCAAATAAGCCATATGCAA,PIP18,SingleNE
PIP18_AGAAACCAGCTCTTTAGCGAGGAGGTTT,PIP18,SingleNE
PIP18_AGAAACCAGTTCACTATGCCGAAAGACA,PIP18,SingleNE
PIP18_AGAAACCAGTTTGGATGTTGTGGAAAGC,PIP18,SingleNE
PIP18_AGAAACCATAACCCAGTGGAATAGATGT,PIP18,SingleNE
PIP18_AGAAACCATATTGGCTATGGAAAGAGGC,PIP18,SingleNE
PIP18_AGACCTCAAAACACATCTTCGAAGATAT,PIP18,SingleNE
PIP18_AGACCTCAACAACCGTAGAGTTCTAGGA,PIP18,SingleNE
PIP18_AGACCTCAATGTTGAGAAACTCATACCA,PIP18,SingleNE
PIP18_AGACCTCAGCACTATATGCCATAACAGG,PIP18,SingleNE
PIP18_AGACCTCAGTAATCCAATACCCTTTGTC,PIP18,SingleNE
PIP18_AGACGAGGAAAGTGGTAGAGTGGCTAGT,PIP18,SingleNE
PIP18_AGACGAGGCCGTATAGACGTCAAGGGTT,PIP18,SingleNE
PIP18_AGACGAGGCCGTATGTAATCCCAGACAG,PIP18,SingleNE
PIP18_AGACGAGGCCTAATATCAACCGTGTGTT,PIP18,SingleNE
PIP18_AGACGAGGCTTGACTCAAAGGTCAAGAG,PIP18,SingleNE
PIP18_AGACGAGGGCACTATAACCCGGAGGTTT,PIP18,SingleNE
PIP18_AGACGAGGTAGTCTGTTCACATAGATGT,PIP18,SingleNE
PIP18_AGACGAGGTTAACGAGGAAATTTGCCAG,PIP18,SingleNE
PIP18_AGAGGTGCAAACCGTACTCAAACAGAAC,PIP18,SingleNE
PIP18_AGAGGTGCCCTAATAACTGAGCTATGGG,PIP18,SingleNE
PIP18_AGAGGTGCCGCAAACTATGGTTTGCCAG,PIP18,SingleNE
PIP18_AGAGGTGCGAAATCCAGTTGACAAGTAG,PIP18,SingleNE
PIP18_AGAGGTGCGCGTTTGAAGAACGTGGGAT,PIP18,SingleNE
PIP18_AGAGGTGCGTAATCTATTGGATCCTAGT,PIP18,SingleNE
PIP18_AGAGGTGCTATTGGGAAACCAGTAGTTA,PIP18,SingleNE
PIP18_AGCTCCACAAGGTGTGTATCGGGATTAC,PIP18,SingleNE
PIP18_AGCTCCACACGGTTCCAAATGGAGTAAG,PIP18,SingleNE
PIP18_AGCTCCACCTTTAGAGACGTTGGAAAGC,PIP18,SingleNE
PIP18_AGCTCCACGAAAGGTAACCCAGTAATGG,PIP18,SingleNE
PIP18_AGCTCCACGAAAGGTCTACCTATGTGAA,PIP18,SingleNE
PIP18_AGCTCCACGATGAAACAAAGCTCACATC,PIP18,SingleNE
PIP18_AGCTCCACGCTCTTAGTGGAAATGTATG,PIP18,SingleNE
PIP18_AGCTCCACTAGTCTCTGGTAAAATAGCA,PIP18,SingleNE
PIP18_AGCTCCACTCAGTCCTTCCAAACAAATG,PIP18,SingleNE
PIP18_AGGACACAAAACACGTTAGTGGAGTAAG,PIP18,SingleNE
PIP18_AGGACACAACAGCATCAGTCGTCAGGTT,PIP18,SingleNE
PIP18_AGGACACAACCTTTAAGCACAGTAATGG,PIP18,SingleNE
PIP18_AGGACACAGAACAGTAACCCCTGTTAAA,PIP18,SingleNE
PIP18_AGGACACATGCTAGAGACGTACAGATAA,PIP18,SingleNE
PIP18_AGTAGTTAAAGCACTATGCCTCTGATTT,PIP18,SingleNE
PIP18_AGTAGTTAACGGTTACCATAAAGGATGA,PIP18,SingleNE
PIP18_AGTAGTTAACGGTTCCTAATACAGGCCA,PIP18,SingleNE
PIP18_AGTAGTTAAGAAGGCACATTTGGAAAGC,PIP18,SingleNE
PIP18_AGTAGTTAAGACGTTGTATCTGGGAATT,PIP18,SingleNE
PIP18_AGTAGTTAATGTTGAATACCTGGAAAGC,PIP18,SingleNE
PIP18_AGTAGTTACACATTAACTGAATATGGGT,PIP18,SingleNE
PIP18_AGTAGTTACCAAATCCTAATATATGGGT,PIP18,SingleNE
PIP18_AGTAGTTACCTAATGTTAGTTCAAATGG,PIP18,SingleNE
PIP18_AGTAGTTACTGAAGTGAGAACGTGTGTT,PIP18,SingleNE
PIP18_AGTAGTTAGAACAGACAAAGTGGCTAGT,PIP18,SingleNE
PIP18_AGTAGTTAGATTTCTACAGAGTGGTGCT,PIP18,SingleNE
PIP18_AGTAGTTAGCTCTTACAAAGATCAGGGA,PIP18,SingleNE
PIP18_AGTAGTTAGTTTGGCTTCGATATGTGAA,PIP18,SingleNE
PIP18_AGTAGTTATACAGAACAGCAATATGCAA,PIP18,SingleNE
PIP18_AGTAGTTATCAAAGGTTGCTCAAGGGTT,PIP18,SingleNE
PIP18_AGTAGTTATCGATTACAAAGACTAATTG,PIP18,SingleNE
PIP18_AGTAGTTATCGATTATCTTCTGGTGTCT,PIP18,SingleNE
PIP18_AGTAGTTATGAGAATGTAACAAATAGCA,PIP18,SingleNE
PIP18_AGTAGTTATGTATCTCTGTGCTGTTAAA,PIP18,SingleNE
PIP18_AGTCACAAAGGTAATAAGCCGTTCTGCT,PIP18,SingleNE
PIP18_AGTCACAAAGTGGAAGAAACTTCTAGGA,PIP18,SingleNE
PIP18_AGTCACAATACAGAGATATGGGGATTAC,PIP18,SingleNE
PIP18_AGTCACAATCTACCAAACCGACACCAAG,PIP18,SingleNE
PIP18_AGTGCTTCAAAGACGTAGAGAGTTTGTA,PIP18,SingleNE
PIP18_AGTGCTTCACGGTTGAAGAAATATGGGT,PIP18,SingleNE
PIP18_AGTGCTTCAGTTACTACAGAGTCAGGTT,PIP18,SingleNE
PIP18_AGTGCTTCCTATGGAAACTCACATGGAC,PIP18,SingleNE
PIP18_AGTGCTTCCTTGACGAAATCGATGTGGC,PIP18,SingleNE
PIP18_AGTGCTTCGAAATCATCTTCCAAGGTAC,PIP18,SingleNE
PIP18_AGTGCTTCGCTAAGATCTGACACAACCT,PIP18,SingleNE
PIP18_AGTGCTTCTAAGGCTCTACCCCTTTACA,PIP18,SingleNE
PIP18_AGTGCTTCTACAGAACATGTTACCTAAG,PIP18,SingleNE
PIP18_AGTGCTTCTGGGTTTTGGTAAAAGAGGC,PIP18,SingleNE
PIP18_AGTGCTTCTTGGCAAGTGGAGCTAAGTT,PIP18,SingleNE
PIP18_AGTGCTTCTTGGTATGTATCGTCAAGAG,PIP18,SingleNE
PIP18_AGTTGAACAAGAGAAAGCTCCAAGGTAC,PIP18,SingleNE
PIP18_AGTTGAACACAACCCTTCCATGGAAAGC,PIP18,SingleNE
PIP18_AGTTGAACACAGCAGTGATCGGGTCATT,PIP18,SingleNE
PIP18_AGTTGAACACAGCATGAACCTGCACCAG,PIP18,SingleNE
PIP18_AGTTGAACCACATTACCTTTAAAGAGGC,PIP18,SingleNE
PIP18_AGTTGAACGAGATACTATGGACCAGTTT,PIP18,SingleNE
PIP18_AGTTGAACGATATGAGTTACGCTATGGG,PIP18,SingleNE
PIP18_AGTTGAACGATTTCAAACTCCAAGGGTT,PIP18,SingleNE
PIP18_AGTTGAACGTACAATGAGAATGGCTAGT,PIP18,SingleNE
PIP18_AGTTGAACGTTGCTCAAACACAAGGAAT,PIP18,SingleNE
PIP18_AGTTGAACTAAGCCTAGAACACCACAGA,PIP18,SingleNE
PIP18_AGTTGAACTCTGTGGCTAAGAAAGAGGC,PIP18,SingleNE
PIP18_AGTTGAACTTGGTAATGTTGGGGATTAC,PIP18,SingleNE
PIP18_AGTTTGTAAAACCGCTATGGAGTTTGTA,PIP18,SingleNE
PIP18_AGTTTGTAAACTGATTCCAGTAATGTGG,PIP18,SingleNE
PIP18_AGTTTGTAAGAAACTTAACGTACTGAAT,PIP18,SingleNE
PIP18_AGTTTGTACCGTATTGGGTTTACCTAAG,PIP18,SingleNE
PIP18_AGTTTGTACTAAAGAGGAAAAACAAATG,PIP18,SingleNE
PIP18_AGTTTGTACTTTAGAAAGGCGGGATTAC,PIP18,SingleNE
PIP18_AGTTTGTAGAAAGGAACTGAATGCATAT,PIP18,SingleNE
PIP18_AGTTTGTAGGTTTCTTCCAGGCTATGGG,PIP18,SingleNE
PIP18_AGTTTGTAGTTAGTTTCCAGTCTGATTT,PIP18,SingleNE
PIP18_AGTTTGTAGTTTGGACAACCGGCTATAA,PIP18,SingleNE
PIP18_AGTTTGTAGTTTGGATCTGACGTGTACA,PIP18,SingleNE
PIP18_AGTTTGTAGTTTGGTGTAACACATGGAC,PIP18,SingleNE
PIP18_AGTTTGTATAACCCTGCTTTCCATATGA,PIP18,SingleNE
PIP18_AGTTTGTATACAGACTATGGAATGTATG,PIP18,SingleNE
PIP18_AGTTTGTATAGTCTCTATGGAAACTACA,PIP18,SingleNE
PIP18_AGTTTGTATAGTCTTCAGTCTCATACCA,PIP18,SingleNE
PIP18_AGTTTGTATGCTAGTGAACCAACAGAAC,PIP18,SingleNE
PIP18_AGTTTGTATTTCTCAAGGTGAATGTATG,PIP18,SingleNE
PIP18_ATAAGCTAACAGCAAAGGTGGATGGTTA,PIP18,SingleNE
PIP18_ATAAGCTAATCTGACAAACAAAATAGCA,PIP18,SingleNE
PIP18_ATAAGCTAGAAAGGAACTGATTAGCAAT,PIP18,SingleNE
PIP18_ATAAGCTAGAAAGGCACGAAGTCTGGAA,PIP18,SingleNE
PIP18_ATAAGCTAGAAATCTATGCCAATATGAC,PIP18,SingleNE
PIP18_ATAAGCTATCTGTGCTTGACTGAATAGG,PIP18,SingleNE
PIP18_ATAAGCTATGCTTTGAACAGGAAGATAT,PIP18,SingleNE
PIP18_ATACTCTCAACTGAGATACCGAAGATAT,PIP18,SingleNE
PIP18_ATACTCTCAAGGTGCTATGGTGGTGTCT,PIP18,SingleNE
PIP18_ATACTCTCAGAAGGATCTGAAACTGCCT,PIP18,SingleNE
PIP18_ATACTCTCCCAAATGTGATCTTTGCCAG,PIP18,SingleNE
PIP18_ATACTCTCCGCAAATCAGTCAAACTACA,PIP18,SingleNE
PIP18_ATACTCTCCTAAAGCCAAATGACACAAA,PIP18,SingleNE
PIP18_ATACTCTCCTTTAGGAAACCCGTGTACA,PIP18,SingleNE
PIP18_ATACTCTCGATATGACAAAGTCCAGAAG,PIP18,SingleNE
PIP18_ATACTCTCGATTTCCTTGTTATCAGGGA,PIP18,SingleNE
PIP18_ATACTCTCGCACTAAAACACGAAGATAT,PIP18,SingleNE
PIP18_ATACTCTCGTTAGTGTTAGTCGTGGGAT,PIP18,SingleNE
PIP18_ATACTCTCTACAGAGCACTACGTGTACA,PIP18,SingleNE
PIP18_ATTACCTTCACAAGTGAACCTTGCATTC,PIP18,SingleNE
PIP18_ATTACCTTCTATGGAGACGTAATATGAC,PIP18,SingleNE
PIP18_ATTACCTTCTGAAGTACTCAACTAATTG,PIP18,SingleNE
PIP18_ATTACCTTGCTAAGTTGGCAACCTGAAG,PIP18,SingleNE
PIP18_ATTTCCATAAACCGCAATACACAAAGAT,PIP18,SingleNE
PIP18_ATTTCCATAACTGAGAAGAAGTCTAATC,PIP18,SingleNE
PIP18_ATTTCCATAAGAGAAGAAACAGTAGTTA,PIP18,SingleNE
PIP18_ATTTCCATCCGTATATCAACTGGGAATT,PIP18,SingleNE
PIP18_ATTTCCATCCGTATCTTTAGGGGAGATG,PIP18,SingleNE
PIP18_ATTTCCATCTAAAGATCTTCGGCAAGGT,PIP18,SingleNE
PIP18_ATTTCCATCTAAAGGAAAGGATATGGGT,PIP18,SingleNE
PIP18_ATTTCCATGATGAAACAAAGGTGGTGCT,PIP18,SingleNE
PIP18_ATTTCCATGCGTTTCTTCCAGTTCTGCT,PIP18,SingleNE
PIP18_ATTTCCATTGCTAGGTGATCACAGGCCA,PIP18,SingleNE
PIP18_ATTTCCATTTTCTCAAGGTGGTCTAATC,PIP18,SingleNE
PIP18_CAAACATTAAACCGCTTTAGGCCAACAT,PIP18,SingleNE
PIP18_CAAACATTAAGCACGAAGAACACAAGTA,PIP18,SingleNE
PIP18_CAAACATTAATAGCAGTGGAAAAGAGGC,PIP18,SingleNE
PIP18_CAAACATTAATAGCATGCACCTCAAACA,PIP18,SingleNE
PIP18_CAAACATTCTTGTTACAAAGGCCAACAT,PIP18,SingleNE
PIP18_CAAACATTCTTTAGAGGTAATGGCTAGT,PIP18,SingleNE
PIP18_CAAACATTCTTTAGGTTAGTGGGAGATG,PIP18,SingleNE
PIP18_CAAACATTGTTGCTGTGATCGTTCTGCT,PIP18,SingleNE
PIP18_CAAGGGTTAAACCGAAGAGAACATGGAC,PIP18,SingleNE
PIP18_CAAGGGTTAACTGAAGTTACGATGTGGC,PIP18,SingleNE
PIP18_CAAGGGTTAAGGTGCACGAAACAGATAA,PIP18,SingleNE
PIP18_CAAGGGTTAGTTACGTACAATCATACCA,PIP18,SingleNE
PIP18_CAAGGGTTCCAAATTATGCCGGGTCATT,PIP18,SingleNE
PIP18_CAAGGGTTCTATGGCTAAAGCACAACCT,PIP18,SingleNE
PIP18_CAAGGGTTGTAATCAATAGCGATGGTTA,PIP18,SingleNE
PIP18_CAAGGGTTTTAACGAGAAACCCTTTGTC,PIP18,SingleNE
PIP18_CAAGGGTTTTTCTCTAACCCCACAAGTA,PIP18,SingleNE
PIP18_CAAGGGTTTTTCTCTTGGCACCAGACAG,PIP18,SingleNE
PIP18_CAATTCTCAAAGGCAATACCGATGTGGC,PIP18,SingleNE
PIP18_CAATTCTCACAGCAGAAAGGACAAAGAT,PIP18,SingleNE
PIP18_CAATTCTCACCTTTGCGTTTTTGCATTC,PIP18,SingleNE
PIP18_CAATTCTCATCTGAAGAAACCAAGGGTT,PIP18,SingleNE
PIP18_CAATTCTCATCTGAATCTGAGAGTGTAC,PIP18,SingleNE
PIP18_CAATTCTCATCTGACTGGTAAACTGCCT,PIP18,SingleNE
PIP18_CAATTCTCGAAATCAAGGTGGACACAAA,PIP18,SingleNE
PIP18_CAATTCTCGAAATCTCAGTCAACAAATG,PIP18,SingleNE
PIP18_CAATTCTCTCTACCGATACCGTCTGGAA,PIP18,SingleNE
PIP18_CAATTCTCTGCTAGCTATGGGAAAGACA,PIP18,SingleNE
PIP18_CAATTCTCTGTATCGTGATCTGCACCAG,PIP18,SingleNE
PIP18_CACTAACCAAGAGAGTAGAGCAAACATT,PIP18,SingleNE
PIP18_CACTAACCACAGCATGGGTTCTCAAACA,PIP18,SingleNE
PIP18_CACTAACCACCTTTTTGGCATAATGTGG,PIP18,SingleNE
PIP18_CACTAACCAGTGGAAATAGCGGGATTAC,PIP18,SingleNE
PIP18_CACTAACCAGTGGACAAACAACCACAGA,PIP18,SingleNE
PIP18_CACTAACCCACATTACAAAGGTCAGGTT,PIP18,SingleNE
PIP18_CACTAACCCTATGGATGTTGTGGTGTCT,PIP18,SingleNE
PIP18_CACTAACCGATATGTACAGACAAGGAAT,PIP18,SingleNE
PIP18_CACTAACCGCTAAGAACTGATGGGAATT,PIP18,SingleNE
PIP18_CACTAACCGCTCTTCAAACAGGAGGTTT,PIP18,SingleNE
PIP18_CACTAACCTTCGAAGTTAGTGCCAACAT,PIP18,SingleNE
PIP18_CACTAACCTTGGTACTAAAGAATGTATG,PIP18,SingleNE
PIP18_CAGGTTGCAAGAGATCAGTCGTCTAATC,PIP18,SingleNE
PIP18_CAGGTTGCACAGCAAAGCTCGAAAGACA,PIP18,SingleNE
PIP18_CAGGTTGCAGTTACTAACCCTGGTGTCT,PIP18,SingleNE
PIP18_CAGGTTGCCTGAAGGTTTGGGAAGATAT,PIP18,SingleNE
PIP18_CAGGTTGCGATATGCTGGTAGATGGTTA,PIP18,SingleNE
PIP18_CAGGTTGCGCACTAGGTTTCGGCTATAA,PIP18,SingleNE
PIP18_CAGGTTGCGTGATCACAACCCACAAGTA,PIP18,SingleNE
PIP18_CAGGTTGCTCTACCTAGAACAAACTGTG,PIP18,SingleNE
PIP18_CAGGTTGCTCTGTGATCTTCGGGAGATG,PIP18,SingleNE
PIP18_CCACCTCTCTTGACTCTGTGGCCAACAT,PIP18,SingleNE
PIP18_CCACCTCTTCTACCAAACACTTTGCCAG,PIP18,SingleNE
PIP18_CCACCTCTTCTACCGCTAAGCCTTTGTC,PIP18,SingleNE
PIP18_CCACCTCTTGAAAGAATAGCCCTATTTA,PIP18,SingleNE
PIP18_CCACCTCTTGGGTTCTTGTTACCTGAAG,PIP18,SingleNE
PIP18_CCATCCACAGGTAAATCTGACAAGGTAC,PIP18,SingleNE
PIP18_CCATCCACAGTGGAGATACCTTGCATTC,PIP18,SingleNE
PIP18_CCATCCACAGTGGATAACCCTGGGAATT,PIP18,SingleNE
PIP18_CCATCCACATCAACCTTGACCACAAGTA,PIP18,SingleNE
PIP18_CCATCCACCACAAGAGACGTATAACAGG,PIP18,SingleNE
PIP18_CCATCCACGCTAAGATCAACGAAAGACA,PIP18,SingleNE
PIP18_CCATCCACGCTAAGATCAACGGGATTAC,PIP18,SingleNE
PIP18_CCATCCACGTAATCAAGCTCGGTTACAC,PIP18,SingleNE
PIP18_CCATCCACGTTGCTTGTAACAACTGCCT,PIP18,SingleNE
PIP18_CCATCCACTCAGTCGCACTACACAAGTA,PIP18,SingleNE
PIP18_CCATCCACTGAAAGTGCTAGCCTTTACA,PIP18,SingleNE
PIP18_CCATCCACTGCTAGCACAAGCCTTTACA,PIP18,SingleNE
PIP18_CCATCCACTGTATCAAAGTGTGGGAATT,PIP18,SingleNE
PIP18_CCATCCACTTAACGAAACTCTAATGTGG,PIP18,SingleNE
PIP18_CCATCCACTTAACGAACTGATGGGAATT,PIP18,SingleNE
PIP18_CCATCCACTTCGAATCAGTCGTCAAGAG,PIP18,SingleNE
PIP18_CCTACGCTAGGTAAACTTCCGGCTATAA,PIP18,SingleNE
PIP18_CCTACGCTAGGTAAATCAACAGTAGTTA,PIP18,SingleNE
PIP18_CCTACGCTGCTCTTTCTACCACCAGTTT,PIP18,SingleNE
PIP18_CCTACGCTGTTCACACAGCATCCAGAAG,PIP18,SingleNE
PIP18_CCTACGCTTACAGAAGGTAAAACAGAAC,PIP18,SingleNE
PIP18_CCTACGCTTATTGGAACTGACAAGGAAT,PIP18,SingleNE
PIP18_CCTACGCTTGAGAAGAACAGACAGGCCA,PIP18,SingleNE
PIP18_CCTATTTAAAAGGCAAAGGCTGGAAAGC,PIP18,SingleNE
PIP18_CCTATTTAAAGCACTAAGCCGGAGTAAG,PIP18,SingleNE
PIP18_CCTATTTAAAGGTGAGACGTTGGGAATT,PIP18,SingleNE
PIP18_CCTATTTAAAGGTGATCTTCGTGGTGCT,PIP18,SingleNE
PIP18_CCTATTTAATCTGATCTGTGAACAGAAC,PIP18,SingleNE
PIP18_CCTATTTACACGAAGAAGAAGACACAAA,PIP18,SingleNE
PIP18_CCTATTTACCTAATAGAAGGGACACAAA,PIP18,SingleNE
PIP18_CCTATTTAGATATGTTGGCAGGCTATAA,PIP18,SingleNE
PIP18_CCTATTTAGCGTTTGAAGAATGGGAATT,PIP18,SingleNE
PIP18_CCTATTTAGTTAGTAAGCACCTGTTAAA,PIP18,SingleNE
PIP18_CCTATTTAGTTGCTACCATAAAAGAGGC,PIP18,SingleNE
PIP18_CCTATTTATGCTAGGTACAACCTTTGTC,PIP18,SingleNE
PIP18_CCTATTTATTTCTCAGAAACGCCAACAT,PIP18,SingleNE
PIP18_CCTCATGAAAAGACTACTCAGCCTGGTA,PIP18,SingleNE
PIP18_CCTCATGAAAAGTGCAGTTGAATGTATG,PIP18,SingleNE
PIP18_CCTCATGAATGTTGGGTTTCAACTGCCT,PIP18,SingleNE
PIP18_CCTCATGACTATGGACCATAGTCAAGAG,PIP18,SingleNE
PIP18_CCTCATGACTGAAGTAAGGCGATGTGGC,PIP18,SingleNE
PIP18_CCTCATGACTTCGAACAGCAGTCTGGAA,PIP18,SingleNE
PIP18_CCTCATGAGACAATGTAGAGGTCAGGTT,PIP18,SingleNE
PIP18_CCTCATGAGTTCACTGGGTTCCTTTGTC,PIP18,SingleNE
PIP18_CCTCATGATACAGACCTAATGAAGATAT,PIP18,SingleNE
PIP18_CCTCATGATCTGTGAACTGAGGTTACAC,PIP18,SingleNE
PIP18_CCTTTACACCTAATATCAACAAACTACA,PIP18,SingleNE
PIP18_CCTTTACATGCTAGAAGCTCGAGTGTAC,PIP18,SingleNE
PIP18_CCTTTACATGCTAGCTTTAGCTGTTAAA,PIP18,SingleNE
PIP18_CCTTTGTCAGTTACCAAACAAATAAGGA,PIP18,SingleNE
PIP18_CCTTTGTCATGTTGGAAATCTTCTAGGA,PIP18,SingleNE
PIP18_CCTTTGTCATGTTGGATATGGTCAAGAG,PIP18,SingleNE
PIP18_CCTTTGTCCAATACAAGGTGCTGTTAAA,PIP18,SingleNE
PIP18_CCTTTGTCCACAAGCCAAATCTCACATC,PIP18,SingleNE
PIP18_CCTTTGTCCAGTTGAATAGCGATGGTTA,PIP18,SingleNE
PIP18_CCTTTGTCCAGTTGGTTAGTCAAACATT,PIP18,SingleNE
PIP18_CCTTTGTCCTTGTTCACAAGTACTGAAT,PIP18,SingleNE
PIP18_CCTTTGTCGAACAGTGCTAGGATGTGGC,PIP18,SingleNE
PIP18_CCTTTGTCGCTCTTAAACCGCGTGGGAT,PIP18,SingleNE
PIP18_CCTTTGTCGTACAAAATAGCGGGAGATG,PIP18,SingleNE
PIP18_CCTTTGTCTCAAAGTCAGTCAAAGAGGC,PIP18,SingleNE
PIP18_CCTTTGTCTTCGAAAAAGACGGGATTAC,PIP18,SingleNE
PIP18_CCTTTGTCTTGGCAAAAGGCAATATGAC,PIP18,SingleNE
PIP18_CTAACGCCAAACCGTGCTAGCTCAAACA,PIP18,SingleNE
PIP18_CTAACGCCATGCACGTAGAGGAGTGTAC,PIP18,SingleNE
PIP18_CTAACGCCGCGTTTTGTAACCGTGTACA,PIP18,SingleNE
PIP18_CTAACGCCTAACCCAACTGAACTAGAGC,PIP18,SingleNE
PIP18_CTAACGCCTGAACCAATACCCGTGTACA,PIP18,SingleNE
PIP18_CTAGACTAACTTCCATCAACGCTAAGTT,PIP18,SingleNE
PIP18_CTAGACTACTGAAGCAATACCTCAAACA,PIP18,SingleNE
PIP18_CTAGACTAGAAAGGTGTATCATATGCAA,PIP18,SingleNE
PIP18_CTAGACTAGTTAGTGTGATCTTGCATTC,PIP18,SingleNE
PIP18_CTCCTCCAAAAGGCTCTGTGACAGATAA,PIP18,SingleNE
PIP18_CTCCTCCAAACTGAGAAAGGACCACAGA,PIP18,SingleNE
PIP18_CTCCTCCAATGCACGTTGCTAACTGCCT,PIP18,SingleNE
PIP18_CTCCTCCACAATACATCAACAACAGAAC,PIP18,SingleNE
PIP18_CTCCTCCAGATATGACTTCCGAAGATAT,PIP18,SingleNE
PIP18_CTCCTCCAGCGTTTCTTTAGTGAATAGG,PIP18,SingleNE
PIP18_CTCCTCCAGTAATCTGAACCGGTTACAC,PIP18,SingleNE
PIP18_CTCCTCCAGTACAAGATATGACACCAAG,PIP18,SingleNE
PIP18_CTCCTCCAGTTCACCTAAAGGGTTACAC,PIP18,SingleNE
PIP18_CTCCTCCATACAGAACAGCAATATGGGT,PIP18,SingleNE
PIP18_CTCCTCCATCAGTCAATAGCTAATGTGG,PIP18,SingleNE
PIP18_CTCCTCCATTAACGCTTGACGTTCTGCT,PIP18,SingleNE
PIP18_CTCCTCCATTCGAAAGACGTTAATGTGG,PIP18,SingleNE
PIP18_CTGGGTATAAAGGCTAACCCAATAAGGA,PIP18,SingleNE
PIP18_CTGGGTATAACTGACAAACAATATGGGT,PIP18,SingleNE
PIP18_CTGGGTATATCAACTATTGGTTGCATTC,PIP18,SingleNE
PIP18_CTGGGTATCAATACCTATGGACACCAAG,PIP18,SingleNE
PIP18_CTGGGTATCAGTTGCTTCCAGTCAGGTT,PIP18,SingleNE
PIP18_CTGGGTATCTGAAGTCCATATGGTGTCT,PIP18,SingleNE
PIP18_CTGGGTATGTAATCGTTGCTGGGATTAC,PIP18,SingleNE
PIP18_CTGGGTATTTGGTAACATGTACCACAGA,PIP18,SingleNE
PIP18_CTGTGACCAACTGACTTTAGATCAGGGA,PIP18,SingleNE
PIP18_CTGTGACCACAGCACCTAATGACACAAA,PIP18,SingleNE
PIP18_CTGTGACCACCTTTTGTAACTACTGAAT,PIP18,SingleNE
PIP18_CTGTGACCAGGAAAACAGCAATCAGGGA,PIP18,SingleNE
PIP18_CTGTGACCATCTGACACGAAGGCTATAA,PIP18,SingleNE
PIP18_CTGTGACCGCTGTAACAACCATCAGGGA,PIP18,SingleNE
PIP18_CTGTGACCTAACCCACAAAGTGCACCAG,PIP18,SingleNE
PIP18_CTGTGACCTAGTCTTATTGGTCATACCA,PIP18,SingleNE
PIP18_CTGTGACCTCTACCCTTGTTACAGGCCA,PIP18,SingleNE
PIP18_CTGTGACCTGCTAGAGTGGATGGAAAGC,PIP18,SingleNE
PIP18_CTGTGACCTTGGCAGAAACCGGTTAGGG,PIP18,SingleNE
PIP18_CTGTTAAAAAAGACCTTGACAGTAGTTA,PIP18,SingleNE
PIP18_CTGTTAAAAATACCAGACGTAAGGATGA,PIP18,SingleNE
PIP18_CTGTTAAACAGTTGACAACCTGGTGTCT,PIP18,SingleNE
PIP18_CTGTTAAACCAAATTTGGTAGTCTAATC,PIP18,SingleNE
PIP18_CTGTTAAACTATGGTATGCCAATATGAC,PIP18,SingleNE
PIP18_CTGTTAAAGATGAAGACAATGGAGTAAG,PIP18,SingleNE
PIP18_CTGTTAAATCAGTCGCACTATCAAATGG,PIP18,SingleNE
PIP18_CTGTTGTGAGTTACAATAGCGATGCAGA,PIP18,SingleNE
PIP18_CTGTTGTGGAACAGACAAAGTGGAAAGC,PIP18,SingleNE
PIP18_CTGTTGTGTAACCCCACAAGCAAGGTAC,PIP18,SingleNE
PIP18_CTGTTGTGTATGCCTAGAACATAACAGG,PIP18,SingleNE
PIP18_CTGTTGTGTTGGTAACAAAGGAAGATAT,PIP18,SingleNE
PIP18_CTGTTTCCAAACACGTTCACGCTATGGG,PIP18,SingleNE
PIP18_CTGTTTCCACAAAGAACTGACCTTTGTC,PIP18,SingleNE
PIP18_CTGTTTCCCACAAGGTTCACCAAGGAAT,PIP18,SingleNE
PIP18_CTGTTTCCCACGAAATGCACTTTGCCAG,PIP18,SingleNE
PIP18_CTGTTTCCGTAATCTAAGCCTGGTGTCT,PIP18,SingleNE
PIP18_CTGTTTCCGTTAGTAGAAACGACACAAA,PIP18,SingleNE
PIP18_CTGTTTCCGTTCACTAGAACCCTTTGTC,PIP18,SingleNE
PIP18_CTGTTTCCTAAGGCGGTTTCGTCAGGTT,PIP18,SingleNE
PIP18_CTGTTTCCTCTGTGGATATGAATATGAC,PIP18,SingleNE
PIP18_CTGTTTCCTGCTAGCTATGGACCTGAAG,PIP18,SingleNE
PIP18_CTGTTTCCTTAACGATCTGACCATATGA,PIP18,SingleNE
PIP18_CTGTTTCCTTGGCAGAACAGTCATACCA,PIP18,SingleNE
PIP18_CTTAGTGTACCTTTCTATGGCAAGGTAC,PIP18,SingleNE
PIP18_CTTAGTGTACGGTTTCCATAGTCAAGAG,PIP18,SingleNE
PIP18_CTTAGTGTCTAAAGTAACCCGAAGATAT,PIP18,SingleNE
PIP18_CTTAGTGTTAGTCTTCTACCTGGCTAGT,PIP18,SingleNE
PIP18_CTTAGTGTTCTACCCAATACTGAATAGG,PIP18,SingleNE
PIP18_CTTAGTGTTCTGTGAATACCTATGTGAA,PIP18,SingleNE
PIP18_CTTAGTGTTGAGAAGGTTTCATAGATGT,PIP18,SingleNE
PIP18_CTTAGTGTTGCTTTTAACCCGGTTAGGG,PIP18,SingleNE
PIP18_CTTAGTGTTGTATCGCGTTTAATATGAC,PIP18,SingleNE
PIP18_CTTAGTGTTTGGCATAAGGCAAAGAGGC,PIP18,SingleNE
PIP18_CTTCTACGACAGCAGTACAAGTCTAATC,PIP18,SingleNE
PIP18_CTTCTACGACATGTCCTAATGTTCTGCT,PIP18,SingleNE
PIP18_CTTCTACGAGACGTGTACAAATCAGGGA,PIP18,SingleNE
PIP18_CTTCTACGAGTTACCTTTAGAACAGAAC,PIP18,SingleNE
PIP18_CTTCTACGATGCACGGTTTCGGGTCATT,PIP18,SingleNE
PIP18_CTTCTACGATGTTGATCTGATAATGTGG,PIP18,SingleNE
PIP18_CTTCTACGCACAAGGAACAGCGTGTACA,PIP18,SingleNE
PIP18_CTTCTACGCTTTAGCTTGTTAGTAATGG,PIP18,SingleNE
PIP18_CTTCTACGGAAGAAGTTTGGCTCACATC,PIP18,SingleNE
PIP18_CTTCTACGGCTGTAAGAAGGGTCTGGAA,PIP18,SingleNE
PIP18_CTTCTACGTCTGTGTGAACCTGGCTAGT,PIP18,SingleNE
PIP18_CTTCTACGTGAACCCTAAAGGGGTCATT,PIP18,SingleNE
PIP18_CTTCTACGTTAACGAAGAGAGCTATGGG,PIP18,SingleNE
PIP18_CTTTATCCACATGTGTAGAGTACTGAAT,PIP18,SingleNE
PIP18_CTTTATCCCTTGTTACAAAGATCAGGGA,PIP18,SingleNE
PIP18_CTTTATCCCTTTAGGCGTTTTTAGCAAT,PIP18,SingleNE
PIP18_CTTTATCCTCAGTCTAACCCCAGTTTAA,PIP18,SingleNE
PIP18_CTTTATCCTCTACCACAACCACATGGAC,PIP18,SingleNE
PIP18_CTTTATCCTCTGTGCACATTCAAGGTAC,PIP18,SingleNE
PIP18_CTTTATCCTGCTTTGCTGTAATCAGGGA,PIP18,SingleNE
PIP18_CTTTCACTAAACACACCTTTGGCTATAA,PIP18,SingleNE
PIP18_CTTTCACTAATAGCCACAAGACAGGCCA,PIP18,SingleNE
PIP18_CTTTCACTCACAAGAGAAGGAACTGCCT,PIP18,SingleNE
PIP18_CTTTCACTTATGCCAGGAAATACTGAAT,PIP18,SingleNE
PIP18_CTTTGGACAAAGGCAGTTACGCTAAGTT,PIP18,SingleNE
PIP18_CTTTGGACAGTTACGTTCACGGGAGATG,PIP18,SingleNE
PIP18_CTTTGGACGCACTAGTAATCGACACAAA,PIP18,SingleNE
PIP18_CTTTGGACGCGTTTAACTGAGTCAAGAG,PIP18,SingleNE
PIP18_CTTTGGACTCGATTGAAATCACTAATTG,PIP18,SingleNE
PIP18_CTTTGGACTTCGAATACTCACGTGGGAT,PIP18,SingleNE
PIP18_GAAATACGCACAAGCTTCGAAATGTATG,PIP18,SingleNE
PIP18_GAAATACGCACAAGTGTATCGAAGATAT,PIP18,SingleNE
PIP18_GAAATACGCCAAATAAACTCTGGCTAGT,PIP18,SingleNE
PIP18_GAAATACGCTAAAGAGGAAACCTTTGTC,PIP18,SingleNE
PIP18_GAAATACGCTGGTACTTTAGGTTCTGCT,PIP18,SingleNE
PIP18_GAAATACGCTTGTTTCTGTGTTGCATTC,PIP18,SingleNE
PIP18_GAAATACGGCACTAACCTTTTCCTATAT,PIP18,SingleNE
PIP18_GAAATACGGTAATCAAGAGAACCACAGA,PIP18,SingleNE
PIP18_GAAATACGTAACCCAAACCGACCTGAAG,PIP18,SingleNE
PIP18_GAAATACGTATGCCTACTCAACCACAGA,PIP18,SingleNE
PIP18_GAAATACGTCAAAGCTATGGGGTTACAC,PIP18,SingleNE
PIP18_GAAATACGTGCTTTGAAACCATATGGGT,PIP18,SingleNE
PIP18_GAAATACGTTAACGAAACCGGAAGATAT,PIP18,SingleNE
PIP18_GACACCTGCTAAAGTTAACGTTTGCCAG,PIP18,SingleNE
PIP18_GACACCTGCTTGTTCACAAGCCATATGA,PIP18,SingleNE
PIP18_GACACCTGGAACAGTTGGCACTGTTAAA,PIP18,SingleNE
PIP18_GACACCTGGATGAAGACAATGCTATGGG,PIP18,SingleNE
PIP18_GACACCTGGCTGTATAAGCCCGTGTGTT,PIP18,SingleNE
PIP18_GACACCTGGTAGAGATCTGAGGGATTAC,PIP18,SingleNE
PIP18_GACACCTGGTGATCAGTGGATACCTAAG,PIP18,SingleNE
PIP18_GACACCTGGTTGCTACAAAGGTCTAATC,PIP18,SingleNE
PIP18_GACACCTGTAACCCCTGGTACGTGTACA,PIP18,SingleNE
PIP18_GACACCTGTGTATCTAGAACACTAGAGC,PIP18,SingleNE
PIP18_GAGAAACCAACTGAAAAGACCAAGGGTT,PIP18,SingleNE
PIP18_GAGAAACCAAGAGAGCTAAGTAATGTGG,PIP18,SingleNE
PIP18_GAGAAACCAAGAGATTCCAGTTGCATTC,PIP18,SingleNE
PIP18_GAGAAACCAAGCACGTACAAAACAGAAC,PIP18,SingleNE
PIP18_GAGAAACCACTTCCTCAAAGGGCTATAA,PIP18,SingleNE
PIP18_GAGAAACCCATCTAGAACAGCCATATGA,PIP18,SingleNE
PIP18_GAGAAACCGAGATATCAAAGTGGTGTCT,PIP18,SingleNE
PIP18_GAGAAACCGAGATATTAACGAGTTTGTA,PIP18,SingleNE
PIP18_GAGAAACCGCACTATGAACCAGTAATGG,PIP18,SingleNE
PIP18_GAGAAACCGCGTTTGCTGTACCTTTGTC,PIP18,SingleNE
PIP18_GAGAAACCGCTGTATACTCAACCACAGA,PIP18,SingleNE
PIP18_GAGAAACCGGTTTCAGACGTATAACAGG,PIP18,SingleNE
PIP18_GAGAAACCGTGATCAATAGCAGTTTGTA,PIP18,SingleNE
PIP18_GAGAAACCGTTAGTCAGTTGATCAGGGA,PIP18,SingleNE
PIP18_GAGAAACCGTTAGTGAACAGGGAGGTTT,PIP18,SingleNE
PIP18_GAGAAACCTCAAAGATGTTGAAGGATGA,PIP18,SingleNE
PIP18_GAGAAACCTGAACCAATACCATAGATGT,PIP18,SingleNE
PIP18_GAGAAACCTTTCTCCTGGTAGGGTCATT,PIP18,SingleNE
PIP18_GAGAAACCTTTCTCTGTATCATCAGGGA,PIP18,SingleNE
PIP18_GAGGAGTGACAAAGAATAGCGGCTATAA,PIP18,SingleNE
PIP18_GAGGAGTGCAATACAAAGGCCACAACCT,PIP18,SingleNE
PIP18_GAGGAGTGGTTGCTCAAACAACCTGAAG,PIP18,SingleNE
PIP18_GAGGAGTGTGGGTTTACTCAAATATGAC,PIP18,SingleNE
PIP18_GAGGGTCAAGAAACTGTAACCTGTTAAA,PIP18,SingleNE
PIP18_GAGGGTCACAATACTATGCCGGGTCATT,PIP18,SingleNE
PIP18_GAGGGTCACCTAATATCTGAATGCATAT,PIP18,SingleNE
PIP18_GAGGGTCACTGGTATATTGGGTCTGGAA,PIP18,SingleNE
PIP18_GAGGGTCAGAAAGGAAACCGTTGCATTC,PIP18,SingleNE
PIP18_GAGGGTCAGGTTTCGATACCTTTGCCAG,PIP18,SingleNE
PIP18_GAGGGTCATGGGTTGTTTGGAATGTATG,PIP18,SingleNE
PIP18_GAGGGTCATTGGTATCAAAGAGTAATGG,PIP18,SingleNE
PIP18_GAGTGTACAAACACTCTGTGCGTGTACA,PIP18,SingleNE
PIP18_GAGTGTACCCGTATATCAACCCATATGA,PIP18,SingleNE
PIP18_GAGTGTACGCTGTACTGGTAATAACAGG,PIP18,SingleNE
PIP18_GAGTGTACGCTGTACTTCCAAAGGATGA,PIP18,SingleNE
PIP18_GAGTGTACTAAGGCACCATAGATGCAGA,PIP18,SingleNE
PIP18_GAGTGTACTATTGGACAACCCTGGGTAT,PIP18,SingleNE
PIP18_GATGTGGCAATACCGACAATTCAAATGG,PIP18,SingleNE
PIP18_GATGTGGCACGGTTCACATTCCAGACAG,PIP18,SingleNE
PIP18_GATGTGGCAGAAGGAAAGTGCAAGGAAT,PIP18,SingleNE
PIP18_GATGTGGCAGTGGACTTGTTGAAAGACA,PIP18,SingleNE
PIP18_GATGTGGCATCAACCACGAAAGTTTGTA,PIP18,SingleNE
PIP18_GATGTGGCCAGTTGAATACCGAAGATAT,PIP18,SingleNE
PIP18_GATGTGGCCCGTATCCTAATATAGATGT,PIP18,SingleNE
PIP18_GATGTGGCGGTTTCCAGTTGGATGTGGC,PIP18,SingleNE
PIP18_GATGTGGCTAGTCTCTGAAGCACAAGTA,PIP18,SingleNE
PIP18_GATGTGGCTGGGTTCTTGACCTGGGTAT,PIP18,SingleNE
PIP18_GATGTGGCTGGGTTTGCTAGAAGGATGA,PIP18,SingleNE
PIP18_GATGTGGCTTGGTAGATACCACACCAAG,PIP18,SingleNE
PIP18_GATGTGGCTTTCTCAACTGACAAGGAAT,PIP18,SingleNE
PIP18_GATTACTTAAAGACTAAGCCCCTTTGTC,PIP18,SingleNE
PIP18_GATTACTTCCTAATGAAATCTCCAGAAG,PIP18,SingleNE
PIP18_GATTACTTGTAATCAATAGCGAAGATAT,PIP18,SingleNE
PIP18_GATTACTTGTACAATCTGTGATATGCAA,PIP18,SingleNE
PIP18_GATTACTTTAAGCCCAATACGCTATGGG,PIP18,SingleNE
PIP18_GATTACTTTCGATTTAAGGCGAAGATAT,PIP18,SingleNE
PIP18_GATTACTTTTAACGTGCTTTAAACTACA,PIP18,SingleNE
PIP18_GATTGGGAAAACCGCCAAATGACACAAA,PIP18,SingleNE
PIP18_GATTGGGAACAACCAGAAACCCTTTGTC,PIP18,SingleNE
PIP18_GATTGGGAACATGTTGTATCTGAATAGG,PIP18,SingleNE
PIP18_GATTGGGACACAAGCTAAAGCTCAAACA,PIP18,SingleNE
PIP18_GATTGGGACACAAGTTAACGAAGGATGA,PIP18,SingleNE
PIP18_GATTGGGACATCTAACAAAGGGCAAGGT,PIP18,SingleNE
PIP18_GATTGGGACTGGTAAATACCGACACAAA,PIP18,SingleNE
PIP18_GATTGGGACTGGTAATCTGAGCCTGGTA,PIP18,SingleNE
PIP18_GATTGGGACTTCGAAAGCACACAGATAA,PIP18,SingleNE
PIP18_GATTGGGAGATATGCTTCGAGATGCAGA,PIP18,SingleNE
PIP18_GATTGGGATAACCCGAACAGTGAATAGG,PIP18,SingleNE
PIP18_GATTGGGATCTGTGTATGCCTTCTAGGA,PIP18,SingleNE
PIP18_GATTGGGATGGGTTTACTCAGAAAGACA,PIP18,SingleNE
PIP18_GCCTGGTAGCACTATGAACCGGGAGATG,PIP18,SingleNE
PIP18_GCCTGGTAGCTAAGTACTCAACCACAGA,PIP18,SingleNE
PIP18_GCCTGGTAGCTGTACCTAATCCAGACAG,PIP18,SingleNE
PIP18_GCCTGGTAGTTCACTGAAAGTGGCTAGT,PIP18,SingleNE
PIP18_GCCTGGTAGTTTGGCCAAATTGAATAGG,PIP18,SingleNE
PIP18_GCTTCTCCAAAGACTCTGTGGATGTGGC,PIP18,SingleNE
PIP18_GCTTCTCCAACTGAAAACTCCCTTTGTC,PIP18,SingleNE
PIP18_GCTTCTCCATCTGACTATGGTGGAAAGC,PIP18,SingleNE
PIP18_GCTTCTCCCTATGGGAAGAATTCTAGGA,PIP18,SingleNE
PIP18_GCTTCTCCTAACCCGTACAAGTCAAGAG,PIP18,SingleNE
PIP18_GCTTCTCCTAGTCTACATGTAACTGCCT,PIP18,SingleNE
PIP18_GCTTCTCCTGGGTTTAAGCCTGAATAGG,PIP18,SingleNE
PIP18_GCTTCTCCTGTATCACAACCGAAGATAT,PIP18,SingleNE
PIP18_GCTTCTCCTTGGTAAGGAAAAACTGCCT,PIP18,SingleNE
PIP18_GCTTCTCCTTGGTAGATATGATAGATGT,PIP18,SingleNE
PIP18_GTAAACAAAAAGACGTTAGTAATGTATG,PIP18,SingleNE
PIP18_GTAAACAAACTTCCGTTCACCGTGGGAT,PIP18,SingleNE
PIP18_GTAAACAACACAAGGCTGTACACAAGTA,PIP18,SingleNE
PIP18_GTAAACAACCTAATGCTAAGGGCTATAA,PIP18,SingleNE
PIP18_GTAAACAACTTGTTTCAGTCGGTTAGGG,PIP18,SingleNE
PIP18_GTAAACAAGGTCTATAGAACGTCTAATC,PIP18,SingleNE
PIP18_GTAAACAATCTGTGAAACTCTAATGTGG,PIP18,SingleNE
PIP18_GTAAACAATGAGAACTTCGAACAGATAA,PIP18,SingleNE
PIP18_GTCCACTAAAACACGTAATCACAGATAA,PIP18,SingleNE
PIP18_GTCCACTAAAGCACGGTTTCCCAGACAG,PIP18,SingleNE
PIP18_GTCCACTACAGTTGACCATAGGCTATAA,PIP18,SingleNE
PIP18_GTCCACTAGCACTATTGGTAGGTTAGGG,PIP18,SingleNE
PIP18_GTCCACTAGCTAAGCCTAATGTCTAATC,PIP18,SingleNE
PIP18_GTCCACTAGCTGTATCTACCATATGGGT,PIP18,SingleNE
PIP18_GTCCACTAGTACAAACAGCAAGTAGTTA,PIP18,SingleNE
PIP18_GTCCACTATAGTCTAGGTAATGGTGTCT,PIP18,SingleNE
PIP18_GTCCTTGCAAACACTTAACGATAGATGT,PIP18,SingleNE
PIP18_GTCCTTGCAAAGGCAACTGAGCTATGGG,PIP18,SingleNE
PIP18_GTCCTTGCAGTGGATATTGGGAAAGACA,PIP18,SingleNE
PIP18_GTCCTTGCCATCTAACAAAGAATGTATG,PIP18,SingleNE
PIP18_GTCCTTGCGCGTTTACAACCGGGATTAC,PIP18,SingleNE
PIP18_GTCCTTGCTACAGAGATACCTGCACCAG,PIP18,SingleNE
PIP18_GTCCTTGCTCTACCTAAGCCATGCATAT,PIP18,SingleNE
PIP18_GTCTAATCACTTCCTATGCCTAATGTGG,PIP18,SingleNE
PIP18_GTCTAATCCAATACGGTTTCCACAACCT,PIP18,SingleNE
PIP18_GTCTAATCCACAAGTAACCCCGTGGGAT,PIP18,SingleNE
PIP18_GTCTAATCCAGTTGATGCACATCAGGGA,PIP18,SingleNE
PIP18_GTCTAATCCTTGTTTCAGTCAACTGCCT,PIP18,SingleNE
PIP18_GTCTAATCCTTTAGGAAGAAACAGGCCA,PIP18,SingleNE
PIP18_GTCTAATCGACAATTGCTTTAATGTATG,PIP18,SingleNE
PIP18_GTCTAATCGTTAGTGTAGAGGTTCTGCT,PIP18,SingleNE
PIP18_GTCTTCCTAAAGGCTGAGAAGGGAGATG,PIP18,SingleNE
PIP18_GTCTTCCTACAACCGATATGAATAAGGA,PIP18,SingleNE
PIP18_GTCTTCCTACAGCAAGGTAATGGCTAGT,PIP18,SingleNE
PIP18_GTCTTCCTCTATGGGATATGAATGTATG,PIP18,SingleNE
PIP18_GTCTTCCTCTATGGTTGGTAATCAGGGA,PIP18,SingleNE
PIP18_GTCTTCCTCTTTAGGTTTGGATATGCAA,PIP18,SingleNE
PIP18_GTCTTCCTGAAATCAGGAAAACTAATTG,PIP18,SingleNE
PIP18_GTCTTCCTGAACAGAAAGTGACAAGTAG,PIP18,SingleNE
PIP18_GTCTTCCTGCACTAAAACTCTTGCATTC,PIP18,SingleNE
PIP18_GTCTTCCTGCTCTTCACGAAATCAGGGA,PIP18,SingleNE
PIP18_GTCTTCCTGGTTTCGAAATCGGAGGTTT,PIP18,SingleNE
PIP18_GTCTTCCTGTTGCTACAACCACAAAGAT,PIP18,SingleNE
PIP18_GTCTTCCTTCGATTGTGATCGCTAAGTT,PIP18,SingleNE
PIP18_GTCTTCCTTTAACGTCCATAAGTAGTTA,PIP18,SingleNE
PIP18_GTCTTCCTTTGGTACAGTTGAAATAGCA,PIP18,SingleNE
PIP18_GTGAACTCAAAGTGCTGAAGGCTAAGTT,PIP18,SingleNE
PIP18_GTGAACTCAGACGTATCTTCAAACTGTG,PIP18,SingleNE
PIP18_GTGAACTCATGTTGTACTCAGCTATGGG,PIP18,SingleNE
PIP18_GTGAACTCGTAATCAAGCACGCCTGGTA,PIP18,SingleNE
PIP18_GTGAACTCGTTAGTATCTTCACAGGCCA,PIP18,SingleNE
PIP18_GTGAACTCGTTAGTCTGGTATGCACCAG,PIP18,SingleNE
PIP18_GTGAACTCGTTGCTCTTGACCACAACCT,PIP18,SingleNE
PIP18_GTGAACTCGTTGCTCTTGTTAGTAGTTA,PIP18,SingleNE
PIP18_GTGAACTCGTTGCTTAGAACACAAGTAG,PIP18,SingleNE
PIP18_GTGAACTCTAGCGACCAAATGGTTACAC,PIP18,SingleNE
PIP18_GTGAACTCTTGGCAAAAGACGGTTAGGG,PIP18,SingleNE
PIP18_GTGAACTCTTGGCACTTCGAACAGATAA,PIP18,SingleNE
PIP18_GTGAGGCAAAACACGTTAGTCTGGGTAT,PIP18,SingleNE
PIP18_GTGAGGCACTAAAGCAAACATGGTGTCT,PIP18,SingleNE
PIP18_GTGAGGCACTTGTTGAAATCTGGGAATT,PIP18,SingleNE
PIP18_GTGAGGCAGGTCTAAAAGACTCATACCA,PIP18,SingleNE
PIP18_GTGGTGCTAAGAGATAACCCACAAAGAT,PIP18,SingleNE
PIP18_GTGGTGCTACGGTTCTGGTAAACAGAAC,PIP18,SingleNE
PIP18_GTGGTGCTGGTCTAAGAAGGATAGATGT,PIP18,SingleNE
PIP18_GTGGTGCTGTTAGTTCAAAGATATGCAA,PIP18,SingleNE
PIP18_GTGGTGCTTCAGTCACAAAGTGGAAAGC,PIP18,SingleNE
PIP18_GTGGTGCTTGCTTTGATACCGTTCTGCT,PIP18,SingleNE
PIP18_GTGTCACCACTTCCTTGGCACTCAAACA,PIP18,SingleNE
PIP18_GTGTCACCAGAAACGGTTTCAAGGATGA,PIP18,SingleNE
PIP18_GTGTCACCGTACAAAGAAGGCAAGGAAT,PIP18,SingleNE
PIP18_GTGTCACCTGCTTTTGGGTTGGAGGTTT,PIP18,SingleNE
PIP18_GTTCTGCTAAAGACTACTCAAATAAGGA,PIP18,SingleNE
PIP18_GTTCTGCTAAAGTGTGTATCGAGTGTAC,PIP18,SingleNE
PIP18_GTTCTGCTCACATTCTAAAGAGTAGTTA,PIP18,SingleNE
PIP18_GTTCTGCTCTAAAGAAACTCAAACTACA,PIP18,SingleNE
PIP18_GTTCTGCTGCACTACTTGTTAATATGAC,PIP18,SingleNE
PIP18_GTTCTGCTGTGATCCACGAACACAAGTA,PIP18,SingleNE
PIP18_GTTCTGCTGTTAGTACAGCATGAATAGG,PIP18,SingleNE
PIP18_GTTCTGCTGTTCACCTGAAGAAACTGTG,PIP18,SingleNE
PIP18_GTTCTGCTGTTCACCTGGTAGTCTGGAA,PIP18,SingleNE
PIP18_GTTCTGCTTAGTCTTGTAACTTGCATTC,PIP18,SingleNE
PIP18_GTTCTGCTTTCGAAGATACCGCTATGGG,PIP18,SingleNE
PIP18_GTTCTGCTTTTCTCGAACAGAGTTTGTA,PIP18,SingleNE
PIP18_GTTGTCCGACAACCTAGAACTGGAAAGC,PIP18,SingleNE
PIP18_GTTGTCCGATGCACAATACCGGTTAGGG,PIP18,SingleNE
PIP18_GTTGTCCGCGCAAAGTAGAGAACTGCCT,PIP18,SingleNE
PIP18_GTTGTCCGGAAATCTTAACGACAGATAA,PIP18,SingleNE
PIP18_GTTGTCCGGCTAAGTGGGTTGTTCTGCT,PIP18,SingleNE
PIP18_GTTGTCCGTGCTAGTCTACCGGCTATAA,PIP18,SingleNE
PIP18_TAACTTCTAATAGCTTGGTATATGTGAA,PIP18,SingleNE
PIP18_TAACTTCTCAATACCTAAAGCAAACATT,PIP18,SingleNE
PIP18_TAACTTCTCACAAGGTTCACGGAGGTTT,PIP18,SingleNE
PIP18_TAACTTCTCGCAAAGTTTGGCAGTTTAA,PIP18,SingleNE
PIP18_TAACTTCTTACAGAGTTCACGTCTGGAA,PIP18,SingleNE
PIP18_TAACTTCTTCAAAGGTGATCTCAAATGG,PIP18,SingleNE
PIP18_TAACTTCTTCTGTGAAACCGGTGGTGCT,PIP18,SingleNE
PIP18_TAACTTCTTTAACGACATGTGCCTGGTA,PIP18,SingleNE
PIP18_TACTGAATAATAGCGTTCACACTAGAGC,PIP18,SingleNE
PIP18_TACTGAATATCTGAGAAGAACGTGGGAT,PIP18,SingleNE
PIP18_TACTGAATATGTTGTGCTTTCGTGTACA,PIP18,SingleNE
PIP18_TACTGAATCACGAATGCTTTAACAAATG,PIP18,SingleNE
PIP18_TACTGAATGTAATCAGACGTTCATACCA,PIP18,SingleNE
PIP18_TACTGAATGTAATCCTTGACCTCAAACA,PIP18,SingleNE
PIP18_TACTGAATTAGTCTGGTTTCGTTCTGCT,PIP18,SingleNE
PIP18_TACTGAATTCTACCAGAAGGGGCAAGGT,PIP18,SingleNE
PIP18_TACTGAATTGCTAGGAACAGGGGATTAC,PIP18,SingleNE
PIP18_TACTGAATTTTCTCTATGCCCACAAGTA,PIP18,SingleNE
PIP18_TAGCCACAGTACAATGGGTTATCAGGGA,PIP18,SingleNE
PIP18_TAGCCACATAGCGAAGTTACCTCACATC,PIP18,SingleNE
PIP18_TAGCCACATATGCCTATTGGGATGTGGC,PIP18,SingleNE
PIP18_TAGCCACATCTGTGGAAAGGCACAACCT,PIP18,SingleNE
PIP18_TAGCCACATGCTTTCTTCCATCAAATGG,PIP18,SingleNE
PIP18_TAGCCACATTTCTCACAGCAGAAGATAT,PIP18,SingleNE
PIP18_TAGTCTCTGATATGAAAGTGGGTTAGGG,PIP18,SingleNE
PIP18_TAGTCTCTGTTCACAGGTAAAAACTACA,PIP18,SingleNE
PIP18_TAGTCTCTGTTTGGAATAGCACAAGTAG,PIP18,SingleNE
PIP18_TAGTCTCTTATGCCAAACACTCCTATAT,PIP18,SingleNE
PIP18_TAGTCTCTTTTCTCCTATGGGTTCTGCT,PIP18,SingleNE
PIP18_TATCCACGAAAGACCAGTTGATAGATGT,PIP18,SingleNE
PIP18_TATCCACGAAAGGCTACAGAGCTATGGG,PIP18,SingleNE
PIP18_TATCCACGCATCTATAAGCCACACCAAG,PIP18,SingleNE
PIP18_TATCCACGGCACTAGTGATCAAACTACA,PIP18,SingleNE
PIP18_TATCCACGGGTTTCACCATAGGAGGTTT,PIP18,SingleNE
PIP18_TATCCACGGTACAACAAACAGAGTGTAC,PIP18,SingleNE
PIP18_TATCCACGTTGGTAAAGAGAAAGGATGA,PIP18,SingleNE
PIP18_TATCTGTCAAAGGCCTAAAGTTTGCCAG,PIP18,SingleNE
PIP18_TATCTGTCAAGGTGTGCTAGCCTTTGTC,PIP18,SingleNE
PIP18_TATCTGTCAGTGGACTTTAGACACCAAG,PIP18,SingleNE
PIP18_TATCTGTCCGCAAAGTAATCGATGGTTA,PIP18,SingleNE
PIP18_TATCTGTCGTACAAGTTCACTTAGCAAT,PIP18,SingleNE
PIP18_TATCTGTCGTTTGGTAAGGCACATGGAC,PIP18,SingleNE
PIP18_TATCTGTCTCTACCTTCCAGGGTTAGGG,PIP18,SingleNE
PIP18_TATCTGTCTGAAAGACAGCAACCAGTTT,PIP18,SingleNE
PIP18_TATGTGAAAAACCGACAGCAGTCTAATC,PIP18,SingleNE
PIP18_TATGTGAAAAAGGCGTGATCCCTTTACA,PIP18,SingleNE
PIP18_TATGTGAAACGGTTGATACCGAAGATAT,PIP18,SingleNE
PIP18_TATGTGAAACGGTTTAGCGACTGGGTAT,PIP18,SingleNE
PIP18_TATGTGAAACTTCCATCTTCCCAGACAG,PIP18,SingleNE
PIP18_TATGTGAACAATACACAAAGCGTGGGAT,PIP18,SingleNE
PIP18_TATGTGAACTTCGAACAAAGAAAGAGGC,PIP18,SingleNE
PIP18_TATGTGAACTTCGATTGGCAGTCTGGAA,PIP18,SingleNE
PIP18_TATGTGAAGTTGCTAGGTAAACAGGCCA,PIP18,SingleNE
PIP18_TATGTGAATAGTCTAATAGCGGAGTAAG,PIP18,SingleNE
PIP18_TCCGACACAAAGACGATATGGGGAGATG,PIP18,SingleNE
PIP18_TCCGACACAACTGAACAACCGCTAAGTT,PIP18,SingleNE
PIP18_TCCGACACAAGCACGTAATCCTGTTAAA,PIP18,SingleNE
PIP18_TCCGACACACCTTTGATACCGGGAGATG,PIP18,SingleNE
PIP18_TCCGACACAGAAGGAAACTCTGGAAAGC,PIP18,SingleNE
PIP18_TCCGACACCATCTACTGAAGACAGGCCA,PIP18,SingleNE
PIP18_TCCGACACCTTCGAGTTCACCCTTTACA,PIP18,SingleNE
PIP18_TCCGACACGATTTCTCTGTGGATGCAGA,PIP18,SingleNE
PIP18_TCCGACACGCGTTTCTGAAGCCTATTTA,PIP18,SingleNE
PIP18_TCCGACACGTAGAGAAGCACGCCTGGTA,PIP18,SingleNE
PIP18_TCCGACACGTTGCTGATATGGCTATGGG,PIP18,SingleNE
PIP18_TCCGACACGTTGCTTAAGGCAACAGAAC,PIP18,SingleNE
PIP18_TCCGACACTAACCCAAACTCAATAAGGA,PIP18,SingleNE
PIP18_TCCGACACTAGTCTCACGAAAACAAATG,PIP18,SingleNE
PIP18_TCCGACACTAGTCTGATATGGTCAGGTT,PIP18,SingleNE
PIP18_TCCGACACTATTGGACAGCACACAAGTA,PIP18,SingleNE
PIP18_TCCGACACTCAAAGATGTTGGCTAAGTT,PIP18,SingleNE
PIP18_TCCGACACTCTACCGAAAGGACAGGCCA,PIP18,SingleNE
PIP18_TCCGACACTTCGAATAACCCGAAGATAT,PIP18,SingleNE
PIP18_TCCTATATAAACCGTAGCGAGGCAAGGT,PIP18,SingleNE
PIP18_TCCTATATAAGCACCTTGACCACAAGTA,PIP18,SingleNE
PIP18_TCCTATATACAAAGGTTCACTCCAGAAG,PIP18,SingleNE
PIP18_TCCTATATAGGTAAAGGAAAGATGTGGC,PIP18,SingleNE
PIP18_TCCTATATCCAAATGACAATTATGTGAA,PIP18,SingleNE
PIP18_TCCTATATCGCAAACACATTACATGGAC,PIP18,SingleNE
PIP18_TCCTATATGCACTACTTCCATATGTGAA,PIP18,SingleNE
PIP18_TCCTATATGCACTAGTGATCACCTGAAG,PIP18,SingleNE
PIP18_TCCTATATTTTCTCTAACCCTTAGCAAT,PIP18,SingleNE
PIP18_TCTAAACTAGAAACAAAGTGCGTGTACA,PIP18,SingleNE
PIP18_TCTAAACTATCAACGTACAAATCAGGGA,PIP18,SingleNE
PIP18_TCTAAACTATGTTGGTTTGGACCACAGA,PIP18,SingleNE
PIP18_TCTAAACTCTGAAGAACTGAAAACTGTG,PIP18,SingleNE
PIP18_TCTAAACTCTTTAGAAAGACCACAACCT,PIP18,SingleNE
PIP18_TCTAAACTGTAATCATGCACGGAGTAAG,PIP18,SingleNE
PIP18_TCTAAACTGTAGAGTATTGGATATGCAA,PIP18,SingleNE
PIP18_TCTAAACTTTAACGTAAGCCAACAGAAC,PIP18,SingleNE
PIP18_TCTATTCCACCTTTAAACCGTCTGATTT,PIP18,SingleNE
PIP18_TCTATTCCCTTCGAGAAGAATGCACCAG,PIP18,SingleNE
PIP18_TCTATTCCTAGTCTTGGGTTGATGGTTA,PIP18,SingleNE
PIP18_TCTTTGACACTTCCTAACCCTCTGATTT,PIP18,SingleNE
PIP18_TCTTTGACCGCAAAAGACGTCGTGGGAT,PIP18,SingleNE
PIP18_TCTTTGACGAAATCACAGCAGAGTGTAC,PIP18,SingleNE
PIP18_TCTTTGACGATTTCATCAACGCTATGGG,PIP18,SingleNE
PIP18_TCTTTGACGTGATCGTAATCTGGTGTCT,PIP18,SingleNE
PIP18_TCTTTGACTACAGATGCTAGAACAAATG,PIP18,SingleNE
PIP18_TGCTTCATCAGTTGCTATGGTGGAAAGC,PIP18,SingleNE
PIP18_TGCTTCATCCGTATATCTGAGTCAGGTT,PIP18,SingleNE
PIP18_TGCTTCATCTGAAGATGTTGATGCATAT,PIP18,SingleNE
PIP18_TGCTTCATCTGGTATAACCCTGGTGTCT,PIP18,SingleNE
PIP18_TGCTTCATGCTAAGTCCATATCATACCA,PIP18,SingleNE
PIP18_TGCTTCATTCAGTCACAAAGGCTAAGTT,PIP18,SingleNE
PIP18_TGCTTCATTCGATTATCTTCTGGGAATT,PIP18,SingleNE
PIP18_TGCTTCATTCTGTGATCTTCGGCTATAA,PIP18,SingleNE
PIP18_TGCTTCATTGAACCGTTCACTCATACCA,PIP18,SingleNE
PIP18_TGCTTCATTGAGAAACCTTTATGCATAT,PIP18,SingleNE
PIP18_TTAGCTGCCACGAAATCAACAATGTATG,PIP18,SingleNE
PIP18_TTAGCTGCCAGTTGCAATACTCCAGAAG,PIP18,SingleNE
PIP18_TTAGCTGCCCGTATTCTACCGGGTCATT,PIP18,SingleNE
PIP18_TTAGCTGCCTTGTTTGCTAGCCTTTGTC,PIP18,SingleNE
PIP18_TTAGCTGCTCAAAGACAGCAACAGATAA,PIP18,SingleNE
PIP18_TTAGCTGCTTGGCACTTGTTGAAAGACA,PIP18,SingleNE
PIP18_TTAGCTGCTTGGTACACAAGCAAGGTAC,PIP18,SingleNE
PIP18_TTCACTGGAAACACAGGTAAAAAGAGGC,PIP18,SingleNE
PIP18_TTCACTGGAAAGACTAACCCAGTAGTTA,PIP18,SingleNE
PIP18_TTCACTGGAAAGTGTGGGTTATATGGGT,PIP18,SingleNE
PIP18_TTCACTGGCAGTTGGTTGCTCCAGACAG,PIP18,SingleNE
PIP18_TTCACTGGTACAGACTGGTAGGAGTAAG,PIP18,SingleNE
PIP18_TTGCTCTAAAGGTGAACTGAGAAGATAT,PIP18,SingleNE
PIP18_TTGCTCTAACAACCTGAGAAGGGTCATT,PIP18,SingleNE
PIP18_TTGCTCTACCTAATAAGCACATATGCAA,PIP18,SingleNE
PIP18_TTGCTCTAGAACAGAGTGGAGGAGTAAG,PIP18,SingleNE
PIP18_TTGCTCTATGCTTTTCTACCTTAGCAAT,PIP18,SingleNE
PIP18_TTGCTCTATGGGTTGACAATAGTAATGG,PIP18,SingleNE
PIP18_TTGCTCTATGGGTTTCAGTCGGCAAGGT,PIP18,SingleNE
PIP18_TTGCTCTATTTCTCGCACTACACAAGTA,PIP18,SingleNE
PIP18_TTGGGTCCACAGCAACTTCCTGGGAATT,PIP18,SingleNE
PIP18_TTGGGTCCAGAAACCTTCCATGGAAAGC,PIP18,SingleNE
PIP18_TTGGGTCCTAAGGCGAACAGGGGTCATT,PIP18,SingleNE
PIP18_TTGGGTCCTAGTCTGTTTGGGGCAAGGT,PIP18,SingleNE
PIP18_TTGGGTCCTGGGTTTTAACGCTCACATC,PIP18,SingleNE
PIP18_TTGGGTCCTTGGCATATTGGGTGGTGCT,PIP18,SingleNE
PIP18_TTTGTACAACGGTTACATGTAGTAGTTA,PIP18,SingleNE
PIP18_TTTGTACAATGCACAGGAAAGCCAACAT,PIP18,SingleNE
PIP18_TTTGTACACTGGTAGATACCGGCTATAA,PIP18,SingleNE
PIP18_TTTGTACATCAGTCACAAAGCCATATGA,PIP18,SingleNE
